[Image Processor] NIM endpoint: http://127.0.0.1:8000/v1
[Image Processor] Vision model: nvidia/nemotron-3-nano-omni-30b-a3b-reasoning
[Image Processor] Concurrency=64 | target_rps=30
[Image Processor] Loading embedding model: all-MiniLM-L6-v2
Warning: You are sending unauthenticated requests to the HF Hub. Please set a HF_TOKEN to enable higher rate limits and faster downloads.
Loading weights:   0%|          | 0/103 [00:00<?, ?it/s]Loading weights: 100%|██████████| 103/103 [00:00<00:00, 5805.54it/s]
[Image Processor] Embedding model ready.
[Image Processor] Loading image manifests from eu_legislation/batch_0001/image_store
[Image Processor] Eligible image assets loaded: 10,173
[Image Processor] Starting visual descriptions | images=10,173 | max_concurrency=64 | target_rps=30
[Image Processor] Progress 1/10,173 (0.0%) | success=1 error=0 | avg=0.33 images/s | elapsed=0.1 min
[Image Processor] Progress 2/10,173 (0.0%) | success=2 error=0 | avg=0.65 images/s | elapsed=0.1 min
[Image Processor] Progress 3/10,173 (0.0%) | success=3 error=0 | avg=0.96 images/s | elapsed=0.1 min
[Image Processor] Progress 4/10,173 (0.0%) | success=4 error=0 | avg=1.28 images/s | elapsed=0.1 min
[Image Processor] Progress 5/10,173 (0.0%) | success=5 error=0 | avg=1.59 images/s | elapsed=0.1 min
[Image Processor] Progress 6/10,173 (0.1%) | success=6 error=0 | avg=1.90 images/s | elapsed=0.1 min
[Image Processor] Progress 7/10,173 (0.1%) | success=7 error=0 | avg=2.22 images/s | elapsed=0.1 min
[Image Processor] Progress 8/10,173 (0.1%) | success=8 error=0 | avg=2.53 images/s | elapsed=0.1 min
[Image Processor] Progress 9/10,173 (0.1%) | success=9 error=0 | avg=2.83 images/s | elapsed=0.1 min
[Image Processor] Progress 10/10,173 (0.1%) | success=10 error=0 | avg=3.14 images/s | elapsed=0.1 min
[Image Processor] Progress 25/10,173 (0.2%) | success=25 error=0 | avg=3.86 images/s | elapsed=0.1 min
[Image Processor] Progress 50/10,173 (0.5%) | success=50 error=0 | avg=2.34 images/s | elapsed=0.4 min
[Image Processor] Progress 75/10,173 (0.7%) | success=75 error=0 | avg=2.64 images/s | elapsed=0.5 min
[Image Processor] Progress 100/10,173 (1.0%) | success=100 error=0 | avg=2.81 images/s | elapsed=0.6 min
[Image Processor] Progress 125/10,173 (1.2%) | success=125 error=0 | avg=2.67 images/s | elapsed=0.8 min
[Image Processor] Progress 150/10,173 (1.5%) | success=150 error=0 | avg=2.70 images/s | elapsed=0.9 min
[Image Processor] Progress 175/10,173 (1.7%) | success=175 error=0 | avg=2.72 images/s | elapsed=1.1 min
[Image Processor] Progress 200/10,173 (2.0%) | success=200 error=0 | avg=2.63 images/s | elapsed=1.3 min
[Image Processor] Progress 225/10,173 (2.2%) | success=225 error=0 | avg=2.62 images/s | elapsed=1.4 min
[Image Processor] Progress 250/10,173 (2.5%) | success=250 error=0 | avg=2.58 images/s | elapsed=1.6 min
[Image Processor] Progress 275/10,173 (2.7%) | success=275 error=0 | avg=2.57 images/s | elapsed=1.8 min
[Image Processor] Progress 300/10,173 (2.9%) | success=300 error=0 | avg=2.53 images/s | elapsed=2.0 min
[Image Processor] Progress 325/10,173 (3.2%) | success=325 error=0 | avg=2.49 images/s | elapsed=2.2 min
[Image Processor] Progress 350/10,173 (3.4%) | success=350 error=0 | avg=2.49 images/s | elapsed=2.3 min
[Image Processor] Progress 375/10,173 (3.7%) | success=375 error=0 | avg=2.49 images/s | elapsed=2.5 min
[Image Processor] Progress 400/10,173 (3.9%) | success=400 error=0 | avg=2.47 images/s | elapsed=2.7 min
[Image Processor] Progress 425/10,173 (4.2%) | success=425 error=0 | avg=2.54 images/s | elapsed=2.8 min
[Image Processor] Progress 450/10,173 (4.4%) | success=450 error=0 | avg=2.47 images/s | elapsed=3.0 min
[Image Processor] Progress 475/10,173 (4.7%) | success=475 error=0 | avg=2.52 images/s | elapsed=3.1 min
[Image Processor] Progress 500/10,173 (4.9%) | success=500 error=0 | avg=2.56 images/s | elapsed=3.3 min
[Image Processor] Progress 525/10,173 (5.2%) | success=525 error=0 | avg=2.42 images/s | elapsed=3.6 min
[Image Processor] Progress 550/10,173 (5.4%) | success=550 error=0 | avg=2.41 images/s | elapsed=3.8 min
[Image Processor] Progress 575/10,173 (5.7%) | success=575 error=0 | avg=2.41 images/s | elapsed=4.0 min
[Image Processor] Progress 600/10,173 (5.9%) | success=600 error=0 | avg=2.43 images/s | elapsed=4.1 min
[Image Processor] Progress 625/10,173 (6.1%) | success=625 error=0 | avg=2.46 images/s | elapsed=4.2 min
[Image Processor] Progress 650/10,173 (6.4%) | success=650 error=0 | avg=2.47 images/s | elapsed=4.4 min
[Image Processor] Progress 675/10,173 (6.6%) | success=675 error=0 | avg=2.47 images/s | elapsed=4.6 min
[Image Processor] Progress 700/10,173 (6.9%) | success=700 error=0 | avg=2.48 images/s | elapsed=4.7 min
[Image Processor] Progress 725/10,173 (7.1%) | success=725 error=0 | avg=2.53 images/s | elapsed=4.8 min
[Image Processor] Progress 750/10,173 (7.4%) | success=750 error=0 | avg=2.58 images/s | elapsed=4.8 min
[Image Processor] Progress 775/10,173 (7.6%) | success=775 error=0 | avg=2.63 images/s | elapsed=4.9 min
[Image Processor] Progress 800/10,173 (7.9%) | success=800 error=0 | avg=2.68 images/s | elapsed=5.0 min
[Image Processor] Progress 825/10,173 (8.1%) | success=825 error=0 | avg=2.73 images/s | elapsed=5.0 min
[Image Processor] Progress 850/10,173 (8.4%) | success=850 error=0 | avg=2.79 images/s | elapsed=5.1 min
[Image Processor] Progress 875/10,173 (8.6%) | success=875 error=0 | avg=2.85 images/s | elapsed=5.1 min
[Image Processor] Progress 900/10,173 (8.8%) | success=900 error=0 | avg=2.90 images/s | elapsed=5.2 min
[Image Processor] Progress 925/10,173 (9.1%) | success=925 error=0 | avg=2.96 images/s | elapsed=5.2 min
[Image Processor] Progress 950/10,173 (9.3%) | success=950 error=0 | avg=3.01 images/s | elapsed=5.3 min
[Image Processor] Progress 975/10,173 (9.6%) | success=975 error=0 | avg=3.07 images/s | elapsed=5.3 min
[Image Processor] Progress 1,000/10,173 (9.8%) | success=1,000 error=0 | avg=3.12 images/s | elapsed=5.4 min
[Image Processor] Progress 1,025/10,173 (10.1%) | success=1,025 error=0 | avg=3.17 images/s | elapsed=5.4 min
[Image Processor] Progress 1,050/10,173 (10.3%) | success=1,050 error=0 | avg=3.21 images/s | elapsed=5.4 min
[Image Processor] Progress 1,075/10,173 (10.6%) | success=1,075 error=0 | avg=3.26 images/s | elapsed=5.5 min
[Image Processor] Progress 1,100/10,173 (10.8%) | success=1,100 error=0 | avg=3.31 images/s | elapsed=5.5 min
[Image Processor] Progress 1,125/10,173 (11.1%) | success=1,125 error=0 | avg=3.36 images/s | elapsed=5.6 min
[Image Processor] Progress 1,150/10,173 (11.3%) | success=1,150 error=0 | avg=3.41 images/s | elapsed=5.6 min
[Image Processor] Progress 1,175/10,173 (11.6%) | success=1,175 error=0 | avg=3.44 images/s | elapsed=5.7 min
[Image Processor] Progress 1,200/10,173 (11.8%) | success=1,200 error=0 | avg=3.48 images/s | elapsed=5.7 min
[Image Processor] Progress 1,225/10,173 (12.0%) | success=1,225 error=0 | avg=3.49 images/s | elapsed=5.8 min
[Image Processor] Progress 1,250/10,173 (12.3%) | success=1,250 error=0 | avg=3.51 images/s | elapsed=5.9 min
[Image Processor] Progress 1,275/10,173 (12.5%) | success=1,275 error=0 | avg=3.49 images/s | elapsed=6.1 min
[Image Processor] Progress 1,300/10,173 (12.8%) | success=1,300 error=0 | avg=3.45 images/s | elapsed=6.3 min
[Image Processor] Progress 1,325/10,173 (13.0%) | success=1,325 error=0 | avg=3.44 images/s | elapsed=6.4 min
[Image Processor] Progress 1,350/10,173 (13.3%) | success=1,350 error=0 | avg=3.41 images/s | elapsed=6.6 min
[Image Processor] Progress 1,375/10,173 (13.5%) | success=1,375 error=0 | avg=3.35 images/s | elapsed=6.8 min
[Image Processor] Progress 1,400/10,173 (13.8%) | success=1,400 error=0 | avg=3.33 images/s | elapsed=7.0 min
[Image Processor] Progress 1,425/10,173 (14.0%) | success=1,425 error=0 | avg=3.30 images/s | elapsed=7.2 min
[Image Processor] Progress 1,450/10,173 (14.3%) | success=1,450 error=0 | avg=3.28 images/s | elapsed=7.4 min
[Image Processor] Progress 1,475/10,173 (14.5%) | success=1,475 error=0 | avg=3.30 images/s | elapsed=7.4 min
[Image Processor] Progress 1,500/10,173 (14.7%) | success=1,500 error=0 | avg=3.34 images/s | elapsed=7.5 min
[Image Processor] Progress 1,525/10,173 (15.0%) | success=1,525 error=0 | avg=3.37 images/s | elapsed=7.5 min
[Image Processor] Progress 1,550/10,173 (15.2%) | success=1,550 error=0 | avg=3.41 images/s | elapsed=7.6 min
[Image Processor] Progress 1,575/10,173 (15.5%) | success=1,575 error=0 | avg=3.45 images/s | elapsed=7.6 min
[Image Processor] Progress 1,600/10,173 (15.7%) | success=1,600 error=0 | avg=3.49 images/s | elapsed=7.6 min
[Image Processor] Progress 1,625/10,173 (16.0%) | success=1,625 error=0 | avg=3.53 images/s | elapsed=7.7 min
[Image Processor] Progress 1,650/10,173 (16.2%) | success=1,650 error=0 | avg=3.56 images/s | elapsed=7.7 min
[Image Processor] Progress 1,675/10,173 (16.5%) | success=1,675 error=0 | avg=3.60 images/s | elapsed=7.7 min
[Image Processor] Progress 1,700/10,173 (16.7%) | success=1,700 error=0 | avg=3.64 images/s | elapsed=7.8 min
[Image Processor] Progress 1,725/10,173 (17.0%) | success=1,725 error=0 | avg=3.68 images/s | elapsed=7.8 min
[Image Processor] Progress 1,750/10,173 (17.2%) | success=1,750 error=0 | avg=3.70 images/s | elapsed=7.9 min
[Image Processor] Progress 1,775/10,173 (17.4%) | success=1,775 error=0 | avg=3.65 images/s | elapsed=8.1 min
[Image Processor] Progress 1,800/10,173 (17.7%) | success=1,800 error=0 | avg=3.66 images/s | elapsed=8.2 min
[Image Processor] Progress 1,825/10,173 (17.9%) | success=1,825 error=0 | avg=3.68 images/s | elapsed=8.3 min
[Image Processor] Progress 1,850/10,173 (18.2%) | success=1,850 error=0 | avg=3.70 images/s | elapsed=8.3 min
[Image Processor] Progress 1,875/10,173 (18.4%) | success=1,875 error=0 | avg=3.72 images/s | elapsed=8.4 min
[Image Processor] Progress 1,900/10,173 (18.7%) | success=1,900 error=0 | avg=3.75 images/s | elapsed=8.4 min
[Image Processor] Progress 1,925/10,173 (18.9%) | success=1,925 error=0 | avg=3.78 images/s | elapsed=8.5 min
[Image Processor] Progress 1,950/10,173 (19.2%) | success=1,950 error=0 | avg=3.81 images/s | elapsed=8.5 min
[Image Processor] Progress 1,975/10,173 (19.4%) | success=1,975 error=0 | avg=3.85 images/s | elapsed=8.6 min
[Image Processor] Progress 2,000/10,173 (19.7%) | success=2,000 error=0 | avg=3.88 images/s | elapsed=8.6 min
[Image Processor] Progress 2,025/10,173 (19.9%) | success=2,025 error=0 | avg=3.91 images/s | elapsed=8.6 min
[Image Processor] Progress 2,050/10,173 (20.2%) | success=2,050 error=0 | avg=3.94 images/s | elapsed=8.7 min
[Image Processor] Progress 2,075/10,173 (20.4%) | success=2,075 error=0 | avg=3.98 images/s | elapsed=8.7 min
[Image Processor] Progress 2,100/10,173 (20.6%) | success=2,100 error=0 | avg=4.01 images/s | elapsed=8.7 min
[Image Processor] Progress 2,125/10,173 (20.9%) | success=2,125 error=0 | avg=4.04 images/s | elapsed=8.8 min
[Image Processor] Progress 2,150/10,173 (21.1%) | success=2,150 error=0 | avg=4.07 images/s | elapsed=8.8 min
[Image Processor] Progress 2,175/10,173 (21.4%) | success=2,175 error=0 | avg=4.11 images/s | elapsed=8.8 min
[Image Processor] Progress 2,200/10,173 (21.6%) | success=2,200 error=0 | avg=4.14 images/s | elapsed=8.9 min
[Image Processor] Progress 2,225/10,173 (21.9%) | success=2,225 error=0 | avg=4.17 images/s | elapsed=8.9 min
[Image Processor] Progress 2,250/10,173 (22.1%) | success=2,250 error=0 | avg=4.21 images/s | elapsed=8.9 min
[Image Processor] Progress 2,275/10,173 (22.4%) | success=2,275 error=0 | avg=4.23 images/s | elapsed=9.0 min
[Image Processor] Progress 2,300/10,173 (22.6%) | success=2,300 error=0 | avg=4.27 images/s | elapsed=9.0 min
[Image Processor] Progress 2,325/10,173 (22.9%) | success=2,325 error=0 | avg=4.30 images/s | elapsed=9.0 min
[Image Processor] Progress 2,350/10,173 (23.1%) | success=2,350 error=0 | avg=4.33 images/s | elapsed=9.0 min
[Image Processor] Progress 2,375/10,173 (23.3%) | success=2,375 error=0 | avg=4.36 images/s | elapsed=9.1 min
[Image Processor] Progress 2,400/10,173 (23.6%) | success=2,400 error=0 | avg=4.39 images/s | elapsed=9.1 min
[Image Processor] Progress 2,425/10,173 (23.8%) | success=2,425 error=0 | avg=4.42 images/s | elapsed=9.1 min
[Image Processor] Progress 2,450/10,173 (24.1%) | success=2,450 error=0 | avg=4.46 images/s | elapsed=9.2 min
[Image Processor] Progress 2,475/10,173 (24.3%) | success=2,475 error=0 | avg=4.49 images/s | elapsed=9.2 min
[Image Processor] Progress 2,500/10,173 (24.6%) | success=2,500 error=0 | avg=4.52 images/s | elapsed=9.2 min
[Image Processor] Progress 2,525/10,173 (24.8%) | success=2,525 error=0 | avg=4.55 images/s | elapsed=9.3 min
[Image Processor] Progress 2,550/10,173 (25.1%) | success=2,550 error=0 | avg=4.57 images/s | elapsed=9.3 min
[Image Processor] Progress 2,575/10,173 (25.3%) | success=2,575 error=0 | avg=4.61 images/s | elapsed=9.3 min
[Image Processor] Progress 2,600/10,173 (25.6%) | success=2,600 error=0 | avg=4.64 images/s | elapsed=9.3 min
[Image Processor] Progress 2,625/10,173 (25.8%) | success=2,625 error=0 | avg=4.67 images/s | elapsed=9.4 min
[Image Processor] Progress 2,650/10,173 (26.0%) | success=2,650 error=0 | avg=4.70 images/s | elapsed=9.4 min
[Image Processor] Progress 2,675/10,173 (26.3%) | success=2,675 error=0 | avg=4.73 images/s | elapsed=9.4 min
[Image Processor] Progress 2,700/10,173 (26.5%) | success=2,700 error=0 | avg=4.77 images/s | elapsed=9.4 min
[Image Processor] Progress 2,725/10,173 (26.8%) | success=2,725 error=0 | avg=4.80 images/s | elapsed=9.5 min
[Image Processor] Progress 2,750/10,173 (27.0%) | success=2,750 error=0 | avg=4.83 images/s | elapsed=9.5 min
[Image Processor] Progress 2,775/10,173 (27.3%) | success=2,775 error=0 | avg=4.86 images/s | elapsed=9.5 min
[Image Processor] Progress 2,800/10,173 (27.5%) | success=2,800 error=0 | avg=4.88 images/s | elapsed=9.6 min
[Image Processor] Progress 2,825/10,173 (27.8%) | success=2,825 error=0 | avg=4.92 images/s | elapsed=9.6 min
[Image Processor] Progress 2,850/10,173 (28.0%) | success=2,850 error=0 | avg=4.94 images/s | elapsed=9.6 min
[Image Processor] Progress 2,875/10,173 (28.3%) | success=2,875 error=0 | avg=4.98 images/s | elapsed=9.6 min
[Image Processor] Progress 2,900/10,173 (28.5%) | success=2,900 error=0 | avg=5.00 images/s | elapsed=9.7 min
[Image Processor] Progress 2,925/10,173 (28.8%) | success=2,925 error=0 | avg=5.03 images/s | elapsed=9.7 min
[Image Processor] Progress 2,950/10,173 (29.0%) | success=2,950 error=0 | avg=5.06 images/s | elapsed=9.7 min
[Image Processor] Progress 2,975/10,173 (29.2%) | success=2,975 error=0 | avg=5.09 images/s | elapsed=9.7 min
[Image Processor] Progress 3,000/10,173 (29.5%) | success=3,000 error=0 | avg=5.12 images/s | elapsed=9.8 min
[Image Processor] Progress 3,025/10,173 (29.7%) | success=3,025 error=0 | avg=5.14 images/s | elapsed=9.8 min
[Image Processor] Progress 3,050/10,173 (30.0%) | success=3,050 error=0 | avg=5.16 images/s | elapsed=9.8 min
[Image Processor] Progress 3,075/10,173 (30.2%) | success=3,075 error=0 | avg=5.17 images/s | elapsed=9.9 min
[Image Processor] Progress 3,100/10,173 (30.5%) | success=3,100 error=0 | avg=5.15 images/s | elapsed=10.0 min
[Image Processor] Progress 3,125/10,173 (30.7%) | success=3,125 error=0 | avg=5.16 images/s | elapsed=10.1 min
[Image Processor] Progress 3,150/10,173 (31.0%) | success=3,150 error=0 | avg=5.17 images/s | elapsed=10.1 min
[Image Processor] Progress 3,175/10,173 (31.2%) | success=3,175 error=0 | avg=5.19 images/s | elapsed=10.2 min
[Image Processor] Progress 3,200/10,173 (31.5%) | success=3,200 error=0 | avg=5.20 images/s | elapsed=10.2 min
[Image Processor] Progress 3,225/10,173 (31.7%) | success=3,225 error=0 | avg=5.23 images/s | elapsed=10.3 min
[Image Processor] Progress 3,250/10,173 (31.9%) | success=3,250 error=0 | avg=5.25 images/s | elapsed=10.3 min
[Image Processor] Progress 3,275/10,173 (32.2%) | success=3,275 error=0 | avg=5.26 images/s | elapsed=10.4 min
[Image Processor] Progress 3,300/10,173 (32.4%) | success=3,300 error=0 | avg=5.28 images/s | elapsed=10.4 min
[Image Processor] Progress 3,325/10,173 (32.7%) | success=3,325 error=0 | avg=5.29 images/s | elapsed=10.5 min
[Image Processor] Progress 3,350/10,173 (32.9%) | success=3,350 error=0 | avg=5.31 images/s | elapsed=10.5 min
[Image Processor] Progress 3,375/10,173 (33.2%) | success=3,375 error=0 | avg=5.32 images/s | elapsed=10.6 min
[Image Processor] Progress 3,400/10,173 (33.4%) | success=3,400 error=0 | avg=5.34 images/s | elapsed=10.6 min
[Image Processor] Progress 3,425/10,173 (33.7%) | success=3,425 error=0 | avg=5.33 images/s | elapsed=10.7 min
[Image Processor] Progress 3,450/10,173 (33.9%) | success=3,450 error=0 | avg=5.29 images/s | elapsed=10.9 min
[Image Processor] Progress 3,475/10,173 (34.2%) | success=3,475 error=0 | avg=5.26 images/s | elapsed=11.0 min
[Image Processor] Progress 3,500/10,173 (34.4%) | success=3,500 error=0 | avg=5.24 images/s | elapsed=11.1 min
[Image Processor] Progress 3,525/10,173 (34.7%) | success=3,525 error=0 | avg=5.25 images/s | elapsed=11.2 min
[Image Processor] Progress 3,550/10,173 (34.9%) | success=3,550 error=0 | avg=5.26 images/s | elapsed=11.3 min
[Image Processor] Progress 3,575/10,173 (35.1%) | success=3,575 error=0 | avg=5.27 images/s | elapsed=11.3 min
[Image Processor] Progress 3,600/10,173 (35.4%) | success=3,600 error=0 | avg=5.29 images/s | elapsed=11.4 min
[Image Processor] Progress 3,625/10,173 (35.6%) | success=3,625 error=0 | avg=5.30 images/s | elapsed=11.4 min
[Image Processor] Progress 3,650/10,173 (35.9%) | success=3,650 error=0 | avg=5.30 images/s | elapsed=11.5 min
[Image Processor] Progress 3,675/10,173 (36.1%) | success=3,675 error=0 | avg=5.32 images/s | elapsed=11.5 min
[Image Processor] Progress 3,700/10,173 (36.4%) | success=3,700 error=0 | avg=5.33 images/s | elapsed=11.6 min
[Image Processor] Progress 3,725/10,173 (36.6%) | success=3,725 error=0 | avg=5.34 images/s | elapsed=11.6 min
[Image Processor] Progress 3,750/10,173 (36.9%) | success=3,750 error=0 | avg=5.36 images/s | elapsed=11.7 min
[Image Processor] Progress 3,775/10,173 (37.1%) | success=3,775 error=0 | avg=5.38 images/s | elapsed=11.7 min
[Image Processor] Progress 3,800/10,173 (37.4%) | success=3,800 error=0 | avg=5.39 images/s | elapsed=11.7 min
[Image Processor] Progress 3,825/10,173 (37.6%) | success=3,825 error=0 | avg=5.41 images/s | elapsed=11.8 min
[Image Processor] Progress 3,850/10,173 (37.8%) | success=3,850 error=0 | avg=5.42 images/s | elapsed=11.8 min
[Image Processor] Progress 3,875/10,173 (38.1%) | success=3,875 error=0 | avg=5.45 images/s | elapsed=11.9 min
[Image Processor] Progress 3,900/10,173 (38.3%) | success=3,900 error=0 | avg=5.46 images/s | elapsed=11.9 min
[Image Processor] Progress 3,925/10,173 (38.6%) | success=3,925 error=0 | avg=5.47 images/s | elapsed=12.0 min
[Image Processor] Progress 3,950/10,173 (38.8%) | success=3,950 error=0 | avg=5.48 images/s | elapsed=12.0 min
[Image Processor] Progress 3,975/10,173 (39.1%) | success=3,975 error=0 | avg=5.49 images/s | elapsed=12.1 min
[Image Processor] Progress 4,000/10,173 (39.3%) | success=4,000 error=0 | avg=5.50 images/s | elapsed=12.1 min
[Image Processor] Progress 4,025/10,173 (39.6%) | success=4,025 error=0 | avg=5.52 images/s | elapsed=12.2 min
[Image Processor] Progress 4,050/10,173 (39.8%) | success=4,050 error=0 | avg=5.53 images/s | elapsed=12.2 min
[Image Processor] Progress 4,075/10,173 (40.1%) | success=4,075 error=0 | avg=5.54 images/s | elapsed=12.3 min
[Image Processor] Progress 4,100/10,173 (40.3%) | success=4,100 error=0 | avg=5.55 images/s | elapsed=12.3 min
[Image Processor] Progress 4,125/10,173 (40.5%) | success=4,125 error=0 | avg=5.55 images/s | elapsed=12.4 min
[Image Processor] Progress 4,150/10,173 (40.8%) | success=4,150 error=0 | avg=5.51 images/s | elapsed=12.5 min
[Image Processor] Progress 4,175/10,173 (41.0%) | success=4,175 error=0 | avg=5.50 images/s | elapsed=12.6 min
[Image Processor] Progress 4,200/10,173 (41.3%) | success=4,200 error=0 | avg=5.50 images/s | elapsed=12.7 min
[Image Processor] Progress 4,225/10,173 (41.5%) | success=4,225 error=0 | avg=5.46 images/s | elapsed=12.9 min
[Image Processor] Progress 4,250/10,173 (41.8%) | success=4,250 error=0 | avg=5.43 images/s | elapsed=13.0 min
[Image Processor] Progress 4,275/10,173 (42.0%) | success=4,275 error=0 | avg=5.42 images/s | elapsed=13.1 min
[Image Processor] Progress 4,300/10,173 (42.3%) | success=4,300 error=0 | avg=5.43 images/s | elapsed=13.2 min
[Image Processor] Progress 4,325/10,173 (42.5%) | success=4,325 error=0 | avg=5.41 images/s | elapsed=13.3 min
[Image Processor] Progress 4,350/10,173 (42.8%) | success=4,350 error=0 | avg=5.42 images/s | elapsed=13.4 min
[Image Processor] Progress 4,375/10,173 (43.0%) | success=4,375 error=0 | avg=5.43 images/s | elapsed=13.4 min
[Image Processor] Progress 4,400/10,173 (43.3%) | success=4,400 error=0 | avg=5.44 images/s | elapsed=13.5 min
[Image Processor] Progress 4,425/10,173 (43.5%) | success=4,425 error=0 | avg=5.46 images/s | elapsed=13.5 min
[Image Processor] Progress 4,450/10,173 (43.7%) | success=4,450 error=0 | avg=5.47 images/s | elapsed=13.5 min
[Image Processor] Progress 4,475/10,173 (44.0%) | success=4,475 error=0 | avg=5.49 images/s | elapsed=13.6 min
[Image Processor] Progress 4,500/10,173 (44.2%) | success=4,500 error=0 | avg=5.50 images/s | elapsed=13.6 min
[Image Processor] Progress 4,525/10,173 (44.5%) | success=4,525 error=0 | avg=5.51 images/s | elapsed=13.7 min
[Image Processor] Progress 4,550/10,173 (44.7%) | success=4,550 error=0 | avg=5.52 images/s | elapsed=13.7 min
[Image Processor] Progress 4,575/10,173 (45.0%) | success=4,575 error=0 | avg=5.53 images/s | elapsed=13.8 min
[Image Processor] Progress 4,600/10,173 (45.2%) | success=4,600 error=0 | avg=5.55 images/s | elapsed=13.8 min
[Image Processor] Progress 4,625/10,173 (45.5%) | success=4,625 error=0 | avg=5.55 images/s | elapsed=13.9 min
[Image Processor] Progress 4,650/10,173 (45.7%) | success=4,650 error=0 | avg=5.56 images/s | elapsed=13.9 min
[Image Processor] Progress 4,675/10,173 (46.0%) | success=4,675 error=0 | avg=5.57 images/s | elapsed=14.0 min
[Image Processor] Progress 4,700/10,173 (46.2%) | success=4,700 error=0 | avg=5.58 images/s | elapsed=14.0 min
[Image Processor] Progress 4,725/10,173 (46.4%) | success=4,725 error=0 | avg=5.60 images/s | elapsed=14.1 min
[Image Processor] Progress 4,750/10,173 (46.7%) | success=4,750 error=0 | avg=5.61 images/s | elapsed=14.1 min
[Image Processor] Progress 4,775/10,173 (46.9%) | success=4,775 error=0 | avg=5.62 images/s | elapsed=14.2 min
[Image Processor] Progress 4,800/10,173 (47.2%) | success=4,800 error=0 | avg=5.63 images/s | elapsed=14.2 min
[Image Processor] Progress 4,825/10,173 (47.4%) | success=4,825 error=0 | avg=5.65 images/s | elapsed=14.2 min
[Image Processor] Progress 4,850/10,173 (47.7%) | success=4,850 error=0 | avg=5.66 images/s | elapsed=14.3 min
[Image Processor] Progress 4,875/10,173 (47.9%) | success=4,875 error=0 | avg=5.66 images/s | elapsed=14.3 min
[Image Processor] Progress 4,900/10,173 (48.2%) | success=4,900 error=0 | avg=5.64 images/s | elapsed=14.5 min
[Image Processor] Progress 4,925/10,173 (48.4%) | success=4,925 error=0 | avg=5.65 images/s | elapsed=14.5 min
[Image Processor] Progress 4,950/10,173 (48.7%) | success=4,950 error=0 | avg=5.66 images/s | elapsed=14.6 min
[Image Processor] Progress 4,975/10,173 (48.9%) | success=4,975 error=0 | avg=5.67 images/s | elapsed=14.6 min
[Image Processor] Progress 5,000/10,173 (49.1%) | success=5,000 error=0 | avg=5.69 images/s | elapsed=14.7 min
[Image Processor] Progress 5,025/10,173 (49.4%) | success=5,025 error=0 | avg=5.69 images/s | elapsed=14.7 min
[Image Processor] Progress 5,050/10,173 (49.6%) | success=5,050 error=0 | avg=5.60 images/s | elapsed=15.0 min
[Image Processor] Progress 5,075/10,173 (49.9%) | success=5,075 error=0 | avg=5.52 images/s | elapsed=15.3 min
[Image Processor] Progress 5,100/10,173 (50.1%) | success=5,100 error=0 | avg=5.37 images/s | elapsed=15.8 min
[Image Processor] Progress 5,125/10,173 (50.4%) | success=5,125 error=0 | avg=5.31 images/s | elapsed=16.1 min
[Image Processor] Progress 5,150/10,173 (50.6%) | success=5,150 error=0 | avg=5.25 images/s | elapsed=16.3 min
[Image Processor] Progress 5,175/10,173 (50.9%) | success=5,175 error=0 | avg=5.22 images/s | elapsed=16.5 min
[Image Processor] Progress 5,200/10,173 (51.1%) | success=5,200 error=0 | avg=5.22 images/s | elapsed=16.6 min
[Image Processor] Progress 5,225/10,173 (51.4%) | success=5,225 error=0 | avg=5.23 images/s | elapsed=16.7 min
[Image Processor] Progress 5,250/10,173 (51.6%) | success=5,250 error=0 | avg=5.23 images/s | elapsed=16.7 min
[Image Processor] Progress 5,275/10,173 (51.9%) | success=5,275 error=0 | avg=5.25 images/s | elapsed=16.8 min
[Image Processor] Progress 5,300/10,173 (52.1%) | success=5,300 error=0 | avg=5.26 images/s | elapsed=16.8 min
[Image Processor] Progress 5,325/10,173 (52.3%) | success=5,325 error=0 | avg=5.26 images/s | elapsed=16.9 min
[Image Processor] Progress 5,350/10,173 (52.6%) | success=5,350 error=0 | avg=5.28 images/s | elapsed=16.9 min
[Image Processor] Progress 5,375/10,173 (52.8%) | success=5,375 error=0 | avg=5.29 images/s | elapsed=16.9 min
[Image Processor] Progress 5,400/10,173 (53.1%) | success=5,400 error=0 | avg=5.30 images/s | elapsed=17.0 min
[Image Processor] Progress 5,425/10,173 (53.3%) | success=5,425 error=0 | avg=5.31 images/s | elapsed=17.0 min
[Image Processor] Progress 5,450/10,173 (53.6%) | success=5,450 error=0 | avg=5.32 images/s | elapsed=17.1 min
[Image Processor] Progress 5,475/10,173 (53.8%) | success=5,475 error=0 | avg=5.32 images/s | elapsed=17.1 min
[Image Processor] Progress 5,500/10,173 (54.1%) | success=5,500 error=0 | avg=5.33 images/s | elapsed=17.2 min
[Image Processor] Progress 5,525/10,173 (54.3%) | success=5,525 error=0 | avg=5.34 images/s | elapsed=17.2 min
[Image Processor] Progress 5,550/10,173 (54.6%) | success=5,550 error=0 | avg=5.35 images/s | elapsed=17.3 min
[Image Processor] Progress 5,575/10,173 (54.8%) | success=5,575 error=0 | avg=5.36 images/s | elapsed=17.3 min
[Image Processor] Progress 5,600/10,173 (55.0%) | success=5,600 error=0 | avg=5.38 images/s | elapsed=17.4 min
[Image Processor] Progress 5,625/10,173 (55.3%) | success=5,625 error=0 | avg=5.39 images/s | elapsed=17.4 min
[Image Processor] Progress 5,650/10,173 (55.5%) | success=5,650 error=0 | avg=5.40 images/s | elapsed=17.5 min
[Image Processor] Progress 5,675/10,173 (55.8%) | success=5,675 error=0 | avg=5.41 images/s | elapsed=17.5 min
[Image Processor] Progress 5,700/10,173 (56.0%) | success=5,700 error=0 | avg=5.42 images/s | elapsed=17.5 min
[Image Processor] Progress 5,725/10,173 (56.3%) | success=5,725 error=0 | avg=5.43 images/s | elapsed=17.6 min
[Image Processor] Progress 5,750/10,173 (56.5%) | success=5,750 error=0 | avg=5.45 images/s | elapsed=17.6 min
[Image Processor] Progress 5,775/10,173 (56.8%) | success=5,775 error=0 | avg=5.46 images/s | elapsed=17.6 min
[Image Processor] Progress 5,800/10,173 (57.0%) | success=5,800 error=0 | avg=5.47 images/s | elapsed=17.7 min
[Image Processor] Progress 5,825/10,173 (57.3%) | success=5,825 error=0 | avg=5.48 images/s | elapsed=17.7 min
[Image Processor] Progress 5,850/10,173 (57.5%) | success=5,850 error=0 | avg=5.49 images/s | elapsed=17.8 min
[Image Processor] Progress 5,875/10,173 (57.8%) | success=5,875 error=0 | avg=5.50 images/s | elapsed=17.8 min
[Image Processor] Progress 5,900/10,173 (58.0%) | success=5,900 error=0 | avg=5.51 images/s | elapsed=17.8 min
[Image Processor] Progress 5,925/10,173 (58.2%) | success=5,925 error=0 | avg=5.51 images/s | elapsed=17.9 min
[Image Processor] Progress 5,950/10,173 (58.5%) | success=5,950 error=0 | avg=5.48 images/s | elapsed=18.1 min
[Image Processor] Progress 5,975/10,173 (58.7%) | success=5,975 error=0 | avg=5.44 images/s | elapsed=18.3 min
[Image Processor] Progress 6,000/10,173 (59.0%) | success=6,000 error=0 | avg=5.41 images/s | elapsed=18.5 min
[Image Processor] Progress 6,025/10,173 (59.2%) | success=6,025 error=0 | avg=5.39 images/s | elapsed=18.6 min
[Image Processor] Progress 6,050/10,173 (59.5%) | success=6,050 error=0 | avg=5.37 images/s | elapsed=18.8 min
[Image Processor] Progress 6,075/10,173 (59.7%) | success=6,075 error=0 | avg=5.37 images/s | elapsed=18.8 min
[Image Processor] Progress 6,100/10,173 (60.0%) | success=6,100 error=0 | avg=5.37 images/s | elapsed=18.9 min
[Image Processor] Progress 6,125/10,173 (60.2%) | success=6,125 error=0 | avg=5.37 images/s | elapsed=19.0 min
[Image Processor] Progress 6,150/10,173 (60.5%) | success=6,150 error=0 | avg=5.36 images/s | elapsed=19.1 min
[Image Processor] Progress 6,175/10,173 (60.7%) | success=6,175 error=0 | avg=5.34 images/s | elapsed=19.3 min
[Image Processor] Progress 6,200/10,173 (60.9%) | success=6,200 error=0 | avg=5.31 images/s | elapsed=19.5 min
[Image Processor] Progress 6,225/10,173 (61.2%) | success=6,225 error=0 | avg=5.28 images/s | elapsed=19.6 min
[Image Processor] Progress 6,250/10,173 (61.4%) | success=6,250 error=0 | avg=5.26 images/s | elapsed=19.8 min
[Image Processor] Progress 6,275/10,173 (61.7%) | success=6,275 error=0 | avg=5.24 images/s | elapsed=20.0 min
[Image Processor] Progress 6,300/10,173 (61.9%) | success=6,300 error=0 | avg=5.22 images/s | elapsed=20.1 min
[Image Processor] Progress 6,325/10,173 (62.2%) | success=6,325 error=0 | avg=5.20 images/s | elapsed=20.3 min
[Image Processor] Progress 6,350/10,173 (62.4%) | success=6,350 error=0 | avg=5.17 images/s | elapsed=20.5 min
[Image Processor] Progress 6,375/10,173 (62.7%) | success=6,375 error=0 | avg=5.15 images/s | elapsed=20.6 min
[Image Processor] Progress 6,400/10,173 (62.9%) | success=6,400 error=0 | avg=5.13 images/s | elapsed=20.8 min
[Image Processor] Progress 6,425/10,173 (63.2%) | success=6,425 error=0 | avg=5.12 images/s | elapsed=20.9 min
[Image Processor] Progress 6,450/10,173 (63.4%) | success=6,450 error=0 | avg=5.09 images/s | elapsed=21.1 min
[Image Processor] Progress 6,475/10,173 (63.6%) | success=6,475 error=0 | avg=5.08 images/s | elapsed=21.2 min
[Image Processor] Progress 6,500/10,173 (63.9%) | success=6,500 error=0 | avg=5.06 images/s | elapsed=21.4 min
[Image Processor] Progress 6,525/10,173 (64.1%) | success=6,525 error=0 | avg=5.05 images/s | elapsed=21.5 min
[Image Processor] Progress 6,550/10,173 (64.4%) | success=6,550 error=0 | avg=5.04 images/s | elapsed=21.7 min
[Image Processor] Progress 6,575/10,173 (64.6%) | success=6,575 error=0 | avg=5.01 images/s | elapsed=21.9 min
[Image Processor] Progress 6,600/10,173 (64.9%) | success=6,600 error=0 | avg=5.00 images/s | elapsed=22.0 min
[Image Processor] Progress 6,625/10,173 (65.1%) | success=6,625 error=0 | avg=4.97 images/s | elapsed=22.2 min
[Image Processor] Progress 6,650/10,173 (65.4%) | success=6,650 error=0 | avg=4.96 images/s | elapsed=22.4 min
[Image Processor] Progress 6,675/10,173 (65.6%) | success=6,675 error=0 | avg=4.94 images/s | elapsed=22.5 min
[Image Processor] Progress 6,700/10,173 (65.9%) | success=6,700 error=0 | avg=4.93 images/s | elapsed=22.7 min
[Image Processor] Progress 6,725/10,173 (66.1%) | success=6,725 error=0 | avg=4.91 images/s | elapsed=22.8 min
[Image Processor] Progress 6,750/10,173 (66.4%) | success=6,750 error=0 | avg=4.90 images/s | elapsed=23.0 min
[Image Processor] Progress 6,775/10,173 (66.6%) | success=6,775 error=0 | avg=4.88 images/s | elapsed=23.2 min
[Image Processor] Progress 6,800/10,173 (66.8%) | success=6,800 error=0 | avg=4.86 images/s | elapsed=23.3 min
[Image Processor] Progress 6,825/10,173 (67.1%) | success=6,825 error=0 | avg=4.85 images/s | elapsed=23.5 min
[Image Processor] Progress 6,850/10,173 (67.3%) | success=6,850 error=0 | avg=4.82 images/s | elapsed=23.7 min
[Image Processor] Progress 6,875/10,173 (67.6%) | success=6,875 error=0 | avg=4.82 images/s | elapsed=23.8 min
[Image Processor] Progress 6,900/10,173 (67.8%) | success=6,900 error=0 | avg=4.80 images/s | elapsed=24.0 min
[Image Processor] Progress 6,925/10,173 (68.1%) | success=6,925 error=0 | avg=4.78 images/s | elapsed=24.1 min
[Image Processor] Progress 6,950/10,173 (68.3%) | success=6,950 error=0 | avg=4.77 images/s | elapsed=24.3 min
[Image Processor] Progress 6,975/10,173 (68.6%) | success=6,975 error=0 | avg=4.75 images/s | elapsed=24.5 min
[Image Processor] Progress 7,000/10,173 (68.8%) | success=7,000 error=0 | avg=4.74 images/s | elapsed=24.6 min
[Image Processor] Progress 7,025/10,173 (69.1%) | success=7,025 error=0 | avg=4.72 images/s | elapsed=24.8 min
[Image Processor] Progress 7,050/10,173 (69.3%) | success=7,050 error=0 | avg=4.71 images/s | elapsed=25.0 min
[Image Processor] Progress 7,075/10,173 (69.5%) | success=7,075 error=0 | avg=4.69 images/s | elapsed=25.1 min
[Image Processor] Progress 7,100/10,173 (69.8%) | success=7,100 error=0 | avg=4.68 images/s | elapsed=25.3 min
[Image Processor] Progress 7,125/10,173 (70.0%) | success=7,125 error=0 | avg=4.66 images/s | elapsed=25.5 min
[Image Processor] Progress 7,150/10,173 (70.3%) | success=7,150 error=0 | avg=4.65 images/s | elapsed=25.6 min
[Image Processor] Progress 7,175/10,173 (70.5%) | success=7,175 error=0 | avg=4.64 images/s | elapsed=25.8 min
[Image Processor] Progress 7,200/10,173 (70.8%) | success=7,200 error=0 | avg=4.63 images/s | elapsed=25.9 min
[Image Processor] Progress 7,225/10,173 (71.0%) | success=7,225 error=0 | avg=4.61 images/s | elapsed=26.1 min
[Image Processor] Progress 7,250/10,173 (71.3%) | success=7,250 error=0 | avg=4.61 images/s | elapsed=26.2 min
[Image Processor] Progress 7,275/10,173 (71.5%) | success=7,275 error=0 | avg=4.59 images/s | elapsed=26.4 min
[Image Processor] Progress 7,300/10,173 (71.8%) | success=7,300 error=0 | avg=4.57 images/s | elapsed=26.6 min
[Image Processor] Progress 7,325/10,173 (72.0%) | success=7,325 error=0 | avg=4.56 images/s | elapsed=26.8 min
[Image Processor] ERROR 7,341/10,173 | L_2006077EN.01000101_image_013.jpg | ValueError('Image model did not return parseable JSON. Raw output preview: \'{   "description": "This is a printed page of a formal EU administrative form titled \\\'EXERCISING THE RIGHT OF OPTION\\\' for migrant workers, issued by the Administrative Commission on Social Security for Migrant Workers. The document is page 1 of 3, labeled \\\'E 103\\\' in the top right. It contains sections A and 6, with fields for personal details (surname, forename, nationality, date of birth, ID number), employment history (employer type, diplomatic/consular status), and a declaration to opt into s\'')
[Image Processor] Progress 7,350/10,173 (72.3%) | success=7,349 error=1 | avg=4.55 images/s | elapsed=26.9 min
[Image Processor] ERROR 7,371/10,173 | L_2006077EN.01000101_image_054.jpg | ValueError('Image model did not return parseable JSON. Raw output preview: \'{   "description": "This is a page from an EU legal form (E 121), showing sections 10, 11, and 12. Section 10 contains checkboxes for registration and cost responsibility. Section 11 is for the European Health Insurance Card, with fields for attachment and validity. Section 12 is for the institution in the place of residence of the pensioner or family member, with fields for name, identification number, address, stamp, date, and signature. Below the form, there is a detailed list of instructions\'')
[Image Processor] Progress 7,375/10,173 (72.5%) | success=7,373 error=2 | avg=4.53 images/s | elapsed=27.1 min
[Image Processor] Progress 7,400/10,173 (72.7%) | success=7,398 error=2 | avg=4.52 images/s | elapsed=27.3 min
[Image Processor] Progress 7,425/10,173 (73.0%) | success=7,423 error=2 | avg=4.50 images/s | elapsed=27.5 min
[Image Processor] Progress 7,450/10,173 (73.2%) | success=7,448 error=2 | avg=4.49 images/s | elapsed=27.7 min
[Image Processor] Progress 7,475/10,173 (73.5%) | success=7,473 error=2 | avg=4.47 images/s | elapsed=27.9 min
[Image Processor] ERROR 7,494/10,173 | L_2006254EN.01000101_image_150.jpg | ValueError('Image model did not return parseable JSON. Raw output preview: \'{   "description": "This is a page from an EU legal form (E 205 AT), showing sections 8, 9, and 10. Section 8 asks for the total length of insurance periods in Austria for employed, self-employed, and civil servants, with fields for years, months, and days for both benefit acquisition and calculation. Section 9 addresses whether an insured person with less than one year of insurance can receive a pension under national legislation (citing Article 48(1) of Regulation (EEC) No 1408/71), with check\'')
[Image Processor] Progress 7,500/10,173 (73.7%) | success=7,497 error=3 | avg=4.46 images/s | elapsed=28.1 min
[Image Processor] Progress 7,525/10,173 (74.0%) | success=7,522 error=3 | avg=4.45 images/s | elapsed=28.2 min
[Image Processor] Progress 7,550/10,173 (74.2%) | success=7,547 error=3 | avg=4.44 images/s | elapsed=28.4 min
[Image Processor] ERROR 7,561/10,173 | L_2006254EN.01000101_image_196.jpg | ValueError('Image model did not return parseable JSON. Raw output preview: \'{   "description": "A form page with printed fields for data entry. Top right corner shows \\\'E 205\\\' and \\\'NO\\\'. Section 8.1 requests total insurance years. Section 8.2 asks for total insurance period in Norway and according to Norwegian legislation, with fields for years, months, and days. Section 8.3 is for remarks. Section 9 allows selection of \\\'may receive\\\' or \\\'may not receive\\\' pension for those with less than one year of insurance, referencing Regulation (EEC) No 1408/71. Section 10 is for the \'')
[Image Processor] Progress 7,575/10,173 (74.5%) | success=7,571 error=4 | avg=4.42 images/s | elapsed=28.6 min
[Image Processor] Progress 7,600/10,173 (74.7%) | success=7,596 error=4 | avg=4.41 images/s | elapsed=28.7 min
[Image Processor] ERROR 7,616/10,173 | L_2006254EN.01000101_image_231.jpg | ValueError('Image model did not return parseable JSON. Raw output preview: \'{   "description": "This is a page of instructions and notes from an EU legal document, specifically page 6 of form E 215. The text provides detailed guidance on how to complete a personal information form, including requirements for names, addresses, dates, and identification numbers specific to different EU member states. The layout includes numbered notes (1) through (19) with specific instructions for various nationalities and institutions.",   "image_type": "scan",   "legible_text": "INSTRU\'')
[Image Processor] Progress 7,625/10,173 (75.0%) | success=7,620 error=5 | avg=4.40 images/s | elapsed=28.9 min
[Image Processor] Progress 7,650/10,173 (75.2%) | success=7,645 error=5 | avg=4.39 images/s | elapsed=29.0 min
[Image Processor] Progress 7,675/10,173 (75.4%) | success=7,670 error=5 | avg=4.38 images/s | elapsed=29.2 min
[Image Processor] Progress 7,700/10,173 (75.7%) | success=7,695 error=5 | avg=4.38 images/s | elapsed=29.3 min
[Image Processor] Progress 7,725/10,173 (75.9%) | success=7,720 error=5 | avg=4.36 images/s | elapsed=29.5 min
[Image Processor] Progress 7,750/10,173 (76.2%) | success=7,745 error=5 | avg=4.36 images/s | elapsed=29.6 min
[Image Processor] Progress 7,775/10,173 (76.4%) | success=7,770 error=5 | avg=4.37 images/s | elapsed=29.7 min
[Image Processor] Progress 7,800/10,173 (76.7%) | success=7,795 error=5 | avg=4.37 images/s | elapsed=29.7 min
[Image Processor] Progress 7,825/10,173 (76.9%) | success=7,820 error=5 | avg=4.38 images/s | elapsed=29.8 min
[Image Processor] Progress 7,850/10,173 (77.2%) | success=7,845 error=5 | avg=4.39 images/s | elapsed=29.8 min
[Image Processor] Progress 7,875/10,173 (77.4%) | success=7,870 error=5 | avg=4.40 images/s | elapsed=29.8 min
[Image Processor] Progress 7,900/10,173 (77.7%) | success=7,895 error=5 | avg=4.41 images/s | elapsed=29.9 min
[Image Processor] Progress 7,925/10,173 (77.9%) | success=7,920 error=5 | avg=4.42 images/s | elapsed=29.9 min
[Image Processor] Progress 7,950/10,173 (78.1%) | success=7,945 error=5 | avg=4.43 images/s | elapsed=29.9 min
[Image Processor] Progress 7,975/10,173 (78.4%) | success=7,970 error=5 | avg=4.44 images/s | elapsed=30.0 min
[Image Processor] Progress 8,000/10,173 (78.6%) | success=7,995 error=5 | avg=4.45 images/s | elapsed=30.0 min
[Image Processor] Progress 8,025/10,173 (78.9%) | success=8,020 error=5 | avg=4.46 images/s | elapsed=30.0 min
[Image Processor] Progress 8,050/10,173 (79.1%) | success=8,045 error=5 | avg=4.46 images/s | elapsed=30.1 min
[Image Processor] Progress 8,075/10,173 (79.4%) | success=8,070 error=5 | avg=4.48 images/s | elapsed=30.1 min
[Image Processor] Progress 8,100/10,173 (79.6%) | success=8,095 error=5 | avg=4.48 images/s | elapsed=30.1 min
[Image Processor] Progress 8,125/10,173 (79.9%) | success=8,120 error=5 | avg=4.49 images/s | elapsed=30.1 min
[Image Processor] Progress 8,150/10,173 (80.1%) | success=8,145 error=5 | avg=4.50 images/s | elapsed=30.2 min
[Image Processor] Progress 8,175/10,173 (80.4%) | success=8,170 error=5 | avg=4.51 images/s | elapsed=30.2 min
[Image Processor] Progress 8,200/10,173 (80.6%) | success=8,195 error=5 | avg=4.52 images/s | elapsed=30.2 min
[Image Processor] Progress 8,225/10,173 (80.9%) | success=8,220 error=5 | avg=4.53 images/s | elapsed=30.3 min
[Image Processor] Progress 8,250/10,173 (81.1%) | success=8,245 error=5 | avg=4.54 images/s | elapsed=30.3 min
[Image Processor] Progress 8,275/10,173 (81.3%) | success=8,270 error=5 | avg=4.55 images/s | elapsed=30.3 min
[Image Processor] Progress 8,300/10,173 (81.6%) | success=8,295 error=5 | avg=4.56 images/s | elapsed=30.4 min
[Image Processor] Progress 8,325/10,173 (81.8%) | success=8,320 error=5 | avg=4.56 images/s | elapsed=30.4 min
[Image Processor] Progress 8,350/10,173 (82.1%) | success=8,345 error=5 | avg=4.57 images/s | elapsed=30.4 min
[Image Processor] Progress 8,375/10,173 (82.3%) | success=8,370 error=5 | avg=4.58 images/s | elapsed=30.5 min
[Image Processor] Progress 8,400/10,173 (82.6%) | success=8,395 error=5 | avg=4.59 images/s | elapsed=30.5 min
[Image Processor] Progress 8,425/10,173 (82.8%) | success=8,420 error=5 | avg=4.60 images/s | elapsed=30.5 min
[Image Processor] Progress 8,450/10,173 (83.1%) | success=8,445 error=5 | avg=4.61 images/s | elapsed=30.6 min
[Image Processor] Progress 8,475/10,173 (83.3%) | success=8,470 error=5 | avg=4.62 images/s | elapsed=30.6 min
[Image Processor] Progress 8,500/10,173 (83.6%) | success=8,495 error=5 | avg=4.63 images/s | elapsed=30.6 min
[Image Processor] Progress 8,525/10,173 (83.8%) | success=8,520 error=5 | avg=4.64 images/s | elapsed=30.6 min
[Image Processor] Progress 8,550/10,173 (84.0%) | success=8,545 error=5 | avg=4.64 images/s | elapsed=30.7 min
[Image Processor] Progress 8,575/10,173 (84.3%) | success=8,570 error=5 | avg=4.65 images/s | elapsed=30.7 min
[Image Processor] Progress 8,600/10,173 (84.5%) | success=8,595 error=5 | avg=4.66 images/s | elapsed=30.7 min
[Image Processor] Progress 8,625/10,173 (84.8%) | success=8,620 error=5 | avg=4.67 images/s | elapsed=30.8 min
[Image Processor] Progress 8,650/10,173 (85.0%) | success=8,645 error=5 | avg=4.68 images/s | elapsed=30.8 min
[Image Processor] Progress 8,675/10,173 (85.3%) | success=8,670 error=5 | avg=4.69 images/s | elapsed=30.8 min
[Image Processor] Progress 8,700/10,173 (85.5%) | success=8,695 error=5 | avg=4.70 images/s | elapsed=30.9 min
[Image Processor] Progress 8,725/10,173 (85.8%) | success=8,720 error=5 | avg=4.71 images/s | elapsed=30.9 min
[Image Processor] Progress 8,750/10,173 (86.0%) | success=8,745 error=5 | avg=4.72 images/s | elapsed=30.9 min
[Image Processor] Progress 8,775/10,173 (86.3%) | success=8,770 error=5 | avg=4.72 images/s | elapsed=31.0 min
[Image Processor] Progress 8,800/10,173 (86.5%) | success=8,795 error=5 | avg=4.73 images/s | elapsed=31.0 min
[Image Processor] ERROR 8,824/10,173 | L_2009250EN.01000101_image_030.jpg | ValueError('Image model did not return parseable JSON. Raw output preview: \'{   "description": "A page from a formal document, likely an EU environmental impact assessment form, containing structured sections for sensitivity analysis, risk analysis, and environmental impact analysis. It features text prompts, a data table with five columns for financial and economic performance indices, and multiple blank text fields for responses. Section F.2 includes a Yes/No checkbox question regarding consultation of environmental authorities.",   "image_type": "scan",   "legible_te\'')
[Image Processor] Progress 8,825/10,173 (86.7%) | success=8,819 error=6 | avg=4.72 images/s | elapsed=31.2 min
[Image Processor] Progress 8,850/10,173 (87.0%) | success=8,844 error=6 | avg=4.71 images/s | elapsed=31.3 min
[Image Processor] Progress 8,875/10,173 (87.2%) | success=8,869 error=6 | avg=4.70 images/s | elapsed=31.5 min
[Image Processor] Progress 8,900/10,173 (87.5%) | success=8,894 error=6 | avg=4.68 images/s | elapsed=31.7 min
[Image Processor] Progress 8,925/10,173 (87.7%) | success=8,919 error=6 | avg=4.67 images/s | elapsed=31.8 min
[Image Processor] Progress 8,950/10,173 (88.0%) | success=8,944 error=6 | avg=4.67 images/s | elapsed=32.0 min
[Image Processor] Progress 8,975/10,173 (88.2%) | success=8,969 error=6 | avg=4.65 images/s | elapsed=32.1 min
[Image Processor] Progress 9,000/10,173 (88.5%) | success=8,994 error=6 | avg=4.65 images/s | elapsed=32.3 min
[Image Processor] Progress 9,025/10,173 (88.7%) | success=9,019 error=6 | avg=4.64 images/s | elapsed=32.4 min
[Image Processor] Progress 9,050/10,173 (89.0%) | success=9,044 error=6 | avg=4.63 images/s | elapsed=32.6 min
[Image Processor] Progress 9,075/10,173 (89.2%) | success=9,069 error=6 | avg=4.62 images/s | elapsed=32.7 min
[Image Processor] Progress 9,100/10,173 (89.5%) | success=9,094 error=6 | avg=4.61 images/s | elapsed=32.9 min
[Image Processor] Progress 9,125/10,173 (89.7%) | success=9,119 error=6 | avg=4.61 images/s | elapsed=33.0 min
[Image Processor] Progress 9,150/10,173 (89.9%) | success=9,144 error=6 | avg=4.60 images/s | elapsed=33.1 min
[Image Processor] Progress 9,175/10,173 (90.2%) | success=9,169 error=6 | avg=4.60 images/s | elapsed=33.2 min
[Image Processor] Progress 9,200/10,173 (90.4%) | success=9,194 error=6 | avg=4.60 images/s | elapsed=33.3 min
[Image Processor] Progress 9,225/10,173 (90.7%) | success=9,219 error=6 | avg=4.60 images/s | elapsed=33.4 min
[Image Processor] Progress 9,250/10,173 (90.9%) | success=9,244 error=6 | avg=4.59 images/s | elapsed=33.6 min
[Image Processor] Progress 9,275/10,173 (91.2%) | success=9,269 error=6 | avg=4.59 images/s | elapsed=33.7 min
[Image Processor] Progress 9,300/10,173 (91.4%) | success=9,294 error=6 | avg=4.57 images/s | elapsed=33.9 min
[Image Processor] Progress 9,325/10,173 (91.7%) | success=9,319 error=6 | avg=4.57 images/s | elapsed=34.0 min
[Image Processor] Progress 9,350/10,173 (91.9%) | success=9,344 error=6 | avg=4.56 images/s | elapsed=34.2 min
[Image Processor] Progress 9,375/10,173 (92.2%) | success=9,369 error=6 | avg=4.56 images/s | elapsed=34.3 min
[Image Processor] Progress 9,400/10,173 (92.4%) | success=9,394 error=6 | avg=4.55 images/s | elapsed=34.4 min
[Image Processor] Progress 9,425/10,173 (92.6%) | success=9,419 error=6 | avg=4.54 images/s | elapsed=34.6 min
[Image Processor] Progress 9,450/10,173 (92.9%) | success=9,444 error=6 | avg=4.54 images/s | elapsed=34.7 min
[Image Processor] Progress 9,475/10,173 (93.1%) | success=9,469 error=6 | avg=4.53 images/s | elapsed=34.9 min
[Image Processor] Progress 9,500/10,173 (93.4%) | success=9,494 error=6 | avg=4.52 images/s | elapsed=35.0 min
[Image Processor] Progress 9,525/10,173 (93.6%) | success=9,519 error=6 | avg=4.52 images/s | elapsed=35.1 min
[Image Processor] Progress 9,550/10,173 (93.9%) | success=9,544 error=6 | avg=4.51 images/s | elapsed=35.3 min
[Image Processor] Progress 9,575/10,173 (94.1%) | success=9,569 error=6 | avg=4.50 images/s | elapsed=35.5 min
[Image Processor] Progress 9,600/10,173 (94.4%) | success=9,594 error=6 | avg=4.50 images/s | elapsed=35.6 min
[Image Processor] Progress 9,625/10,173 (94.6%) | success=9,619 error=6 | avg=4.50 images/s | elapsed=35.6 min
[Image Processor] Progress 9,650/10,173 (94.9%) | success=9,644 error=6 | avg=4.45 images/s | elapsed=36.1 min
[Image Processor] Progress 9,675/10,173 (95.1%) | success=9,669 error=6 | avg=4.45 images/s | elapsed=36.2 min
[Image Processor] Progress 9,700/10,173 (95.4%) | success=9,694 error=6 | avg=4.44 images/s | elapsed=36.4 min
[Image Processor] Progress 9,725/10,173 (95.6%) | success=9,719 error=6 | avg=4.44 images/s | elapsed=36.5 min
[Image Processor] Progress 9,750/10,173 (95.8%) | success=9,744 error=6 | avg=4.43 images/s | elapsed=36.7 min
[Image Processor] Progress 9,775/10,173 (96.1%) | success=9,769 error=6 | avg=4.42 images/s | elapsed=36.8 min
[Image Processor] Progress 9,800/10,173 (96.3%) | success=9,794 error=6 | avg=4.42 images/s | elapsed=37.0 min
[Image Processor] Progress 9,825/10,173 (96.6%) | success=9,819 error=6 | avg=4.41 images/s | elapsed=37.1 min
[Image Processor] Progress 9,850/10,173 (96.8%) | success=9,844 error=6 | avg=4.41 images/s | elapsed=37.3 min
[Image Processor] Progress 9,875/10,173 (97.1%) | success=9,869 error=6 | avg=4.35 images/s | elapsed=37.8 min
[Image Processor] Progress 9,900/10,173 (97.3%) | success=9,894 error=6 | avg=4.35 images/s | elapsed=37.9 min
[Image Processor] Progress 9,925/10,173 (97.6%) | success=9,919 error=6 | avg=4.34 images/s | elapsed=38.1 min
[Image Processor] Progress 9,950/10,173 (97.8%) | success=9,944 error=6 | avg=4.32 images/s | elapsed=38.3 min
[Image Processor] Progress 9,975/10,173 (98.1%) | success=9,969 error=6 | avg=4.32 images/s | elapsed=38.5 min
[Image Processor] Progress 10,000/10,173 (98.3%) | success=9,994 error=6 | avg=4.31 images/s | elapsed=38.6 min
[Image Processor] Progress 10,025/10,173 (98.5%) | success=10,019 error=6 | avg=4.31 images/s | elapsed=38.8 min
[Image Processor] Progress 10,050/10,173 (98.8%) | success=10,044 error=6 | avg=4.31 images/s | elapsed=38.9 min
[Image Processor] Progress 10,075/10,173 (99.0%) | success=10,069 error=6 | avg=4.30 images/s | elapsed=39.0 min
[Image Processor] Progress 10,100/10,173 (99.3%) | success=10,094 error=6 | avg=4.30 images/s | elapsed=39.1 min
[Image Processor] Progress 10,125/10,173 (99.5%) | success=10,119 error=6 | avg=4.31 images/s | elapsed=39.2 min
[Image Processor] Progress 10,150/10,173 (99.8%) | success=10,144 error=6 | avg=4.31 images/s | elapsed=39.2 min
[Image Processor] ERROR 10,156/10,173 | L_2021113EN.01000101_image_152.jpg | ValueError('Image model did not return parseable JSON. Raw output preview: \'{   "description": "This is a page from an EU legal document, specifically a certificate model (BOV-SEM-A-INTRA) for semen preservation. The page contains section II.4, which details the required antibiotics for semen preservation, including specific mixtures of gentamicin, tylosin, lincomycin-spectinomycin, penicillin, streptomycin, amikacin, and divekacin with their respective concentrations. It also specifies that the diluted semen must be kept at at least 5°C for 45 minutes after antibiotic \'')
[Image Processor] ERROR 10,162/10,173 | L_2021113EN.01000101_image_553.jpg | ValueError('Image model did not return parseable JSON. Raw output preview: \'{   "description": "A close-up of a printed document titled \\\'Certificate model CONFINED-SUI\\\' at the top right. The document contains a list of conditions labeled with Roman numerals (e.g., [II.1.13, II.1.14]) detailing requirements for animal entry into the Union, such as testing for classical swine fever, vaccination status, and treatment for parasites. Below the list, there is a \\\'Notes\\\' section with three paragraphs explaining the certificate\\\'s purpose for animals from third countries, referen\'')
[Image Processor] ERROR 10,163/10,173 | L_2021210EN.01000101_image_031.jpg | ValueError('Image model did not return parseable JSON. Raw output preview: \'{   "description": "A detailed financial table from an EU legal document, structured with multiple columns and rows. The table is titled \\\'Accumulated impairment, accumulated negative changes in fair value due to credit risk and provisions\\\' and is divided into sections for \\\'Performing exposures\\\' and \\\'Non-performing exposures\\\'. It includes columns for various time periods (e.g., \\\'0-30 days\\\', \\\'30-180 days\\\', \\\'1-2 years\\\', \\\'2-5 years\\\', \\\'5-7 years\\\', \\\'7+ years\\\') and sub-columns for different types of im\'')
[Image Processor] ERROR 10,169/10,173 | L_202401044EN_image_049.jpg | ValueError('Image model did not return parseable JSON. Raw output preview: \'{   "description": "This is a close-up of a printed document titled \\\'EUROPEAN UNION\\\' at the top left and \\\'Certificate model EQUI-INTRA-IND\\\' at the top right. The document is structured with a main section labeled \\\'II. Health information\\\' and a vertical sidebar on the left reading \\\'Part II: Certification\\\'. The text is dense legal language detailing certification requirements for equine animals, including references to specific EU regulations (e.g., (EU) 2019/2035), conditions for identification d\'')
[Image Processor] ERROR 10,170/10,173 | L_202401044EN_image_055.jpg | ValueError('Image model did not return parseable JSON. Raw output preview: \'{   "description": "This is a formal document titled \\\'Certificate model EQUI-INTRA-CON\\\' from the European Union, specifically showing \\\'Part II: Certification\\\' under \\\'II. Health information\\\'. The text is a certification statement by an official veterinarian, detailing requirements for equine animals in a consignment. It includes specific conditions regarding their identification documents, health status, and origin from disease-free zones or establishments, referencing various EU regulations (e.g\'')
[Image Processor] ERROR 10,171/10,173 | L_202401044EN_image_062.jpg | ValueError('Image model did not return parseable JSON. Raw output preview: \'{   "description": "This is a formal document titled \\\'Certificate model CAM-INTRA-X\\\' from the European Union, specifically Part II: Certification. It is a certification form for camelid animals, detailing health and origin requirements. The text is structured with numbered sections (II.1, II.2, etc.) and subsections (II.1.1, II.2.1, etc.), outlining conditions such as identification, residence history, absence of disease symptoms, and specific testing for Brucella and Mycobacterium tuberculosis.\'')
[Image Processor] ERROR 10,172/10,173 | L_202401044EN_image_128.jpg | ValueError('Image model did not return parseable JSON. Raw output preview: \'{   "description": "This is a page from an EU animal health official certificate (model POU-INTRA-Y). It contains Section II.2 on \\\'Public health attestation\\\' with a table for recording Salmonella testing results in a flock, including fields for flock identification, bird age, date of last sampling, and test results (positive/negative). The document includes notes on validity (10 days), references to EU regulations (2160/2003, 1177/2006), and specific instructions for parts I and II, including bo\'')
[Image Processor] ERROR 10,173/10,173 | L_202401044EN_image_248.jpg | ValueError('Image model did not return parseable JSON. Raw output preview: \'{   "description": "A close-up of a printed document titled \\\'EUROPEAN UNION\\\' and \\\'Certificate model POR-OOCYTES-EMB-AN-INTRA\\\'. The document contains structured text with numbered sections (II.3.2 to II.6), subsections, and bracketed references like [I.30], [I.19], and [I.20]. It details requirements for packaging, transport, and handling of ova and embryos, including sealing, cleaning, and use of cryogenic agents. A \\\'Notes\\\' section addresses UK withdrawal and references to regulations (EU) 2020/\'')
[Image Processor] Progress 10,173/10,173 (100.0%) | success=10,159 error=14 | avg=3.72 images/s | elapsed=45.6 min
[Image Processor] Visual descriptions complete | images=10,173 | success=10,159 error=14 | avg=3.72 images/s | elapsed=45.6 min
[Image Processor] Writing image artifacts | records=10,173 | destination=eu_legislation/batch_0001/image_index
[Image Processor] Embedding 10,159 successful descriptions with all-MiniLM-L6-v2...
[Image Processor] FAISS index written | vectors=10,159 | dimension=384
[Image Processor] Artifacts complete | indexed=10,159 | errors=14
{'records': 10173, 'indexed': 10159, 'errors': 14, 'destination': 'eu_legislation/batch_0001/image_index'}
[Image Processor] NIM endpoint: http://127.0.0.1:8000/v1
[Image Processor] Vision model: nvidia/nemotron-3-nano-omni-30b-a3b-reasoning
[Image Processor] Concurrency=64 | target_rps=30
[Image Processor] Loading embedding model: all-MiniLM-L6-v2
Warning: You are sending unauthenticated requests to the HF Hub. Please set a HF_TOKEN to enable higher rate limits and faster downloads.
Loading weights:   0%|          | 0/103 [00:00<?, ?it/s]Loading weights: 100%|██████████| 103/103 [00:00<00:00, 8131.40it/s]
[Image Processor] Embedding model ready.
[Image Processor] Loading image manifests from eu_legislation/batch_0002/image_store
[Image Processor] Eligible image assets loaded: 2,504
[Image Processor] Starting visual descriptions | images=2,504 | max_concurrency=64 | target_rps=30
[Image Processor] Progress 1/2,504 (0.0%) | success=1 error=0 | avg=0.47 images/s | elapsed=0.0 min
[Image Processor] Progress 2/2,504 (0.1%) | success=2 error=0 | avg=0.94 images/s | elapsed=0.0 min
[Image Processor] Progress 3/2,504 (0.1%) | success=3 error=0 | avg=1.38 images/s | elapsed=0.0 min
[Image Processor] Progress 4/2,504 (0.2%) | success=4 error=0 | avg=0.74 images/s | elapsed=0.1 min
[Image Processor] Progress 5/2,504 (0.2%) | success=5 error=0 | avg=0.92 images/s | elapsed=0.1 min
[Image Processor] Progress 6/2,504 (0.2%) | success=6 error=0 | avg=1.10 images/s | elapsed=0.1 min
[Image Processor] Progress 7/2,504 (0.3%) | success=7 error=0 | avg=1.28 images/s | elapsed=0.1 min
[Image Processor] Progress 8/2,504 (0.3%) | success=8 error=0 | avg=1.46 images/s | elapsed=0.1 min
[Image Processor] Progress 9/2,504 (0.4%) | success=9 error=0 | avg=1.63 images/s | elapsed=0.1 min
[Image Processor] Progress 10/2,504 (0.4%) | success=10 error=0 | avg=1.81 images/s | elapsed=0.1 min
[Image Processor] Progress 25/2,504 (1.0%) | success=25 error=0 | avg=3.72 images/s | elapsed=0.1 min
[Image Processor] Progress 50/2,504 (2.0%) | success=50 error=0 | avg=5.04 images/s | elapsed=0.2 min
[Image Processor] Progress 75/2,504 (3.0%) | success=75 error=0 | avg=5.32 images/s | elapsed=0.2 min
[Image Processor] Progress 100/2,504 (4.0%) | success=100 error=0 | avg=4.82 images/s | elapsed=0.3 min
[Image Processor] Progress 125/2,504 (5.0%) | success=125 error=0 | avg=4.22 images/s | elapsed=0.5 min
[Image Processor] Progress 150/2,504 (6.0%) | success=150 error=0 | avg=4.12 images/s | elapsed=0.6 min
[Image Processor] Progress 175/2,504 (7.0%) | success=175 error=0 | avg=4.03 images/s | elapsed=0.7 min
[Image Processor] Progress 200/2,504 (8.0%) | success=200 error=0 | avg=4.08 images/s | elapsed=0.8 min
[Image Processor] Progress 225/2,504 (9.0%) | success=225 error=0 | avg=3.97 images/s | elapsed=0.9 min
[Image Processor] Progress 250/2,504 (10.0%) | success=250 error=0 | avg=4.12 images/s | elapsed=1.0 min
[Image Processor] Progress 275/2,504 (11.0%) | success=275 error=0 | avg=4.35 images/s | elapsed=1.1 min
[Image Processor] Progress 300/2,504 (12.0%) | success=300 error=0 | avg=4.64 images/s | elapsed=1.1 min
[Image Processor] Progress 325/2,504 (13.0%) | success=325 error=0 | avg=4.85 images/s | elapsed=1.1 min
[Image Processor] Progress 350/2,504 (14.0%) | success=350 error=0 | avg=5.12 images/s | elapsed=1.1 min
[Image Processor] Progress 375/2,504 (15.0%) | success=375 error=0 | avg=5.08 images/s | elapsed=1.2 min
[Image Processor] Progress 400/2,504 (16.0%) | success=400 error=0 | avg=5.19 images/s | elapsed=1.3 min
[Image Processor] Progress 425/2,504 (17.0%) | success=425 error=0 | avg=5.21 images/s | elapsed=1.4 min
[Image Processor] Progress 450/2,504 (18.0%) | success=450 error=0 | avg=4.91 images/s | elapsed=1.5 min
[Image Processor] Progress 475/2,504 (19.0%) | success=475 error=0 | avg=5.00 images/s | elapsed=1.6 min
[Image Processor] Progress 500/2,504 (20.0%) | success=500 error=0 | avg=4.93 images/s | elapsed=1.7 min
[Image Processor] Progress 525/2,504 (21.0%) | success=525 error=0 | avg=4.93 images/s | elapsed=1.8 min
[Image Processor] Progress 550/2,504 (22.0%) | success=550 error=0 | avg=4.82 images/s | elapsed=1.9 min
[Image Processor] Progress 575/2,504 (23.0%) | success=575 error=0 | avg=4.83 images/s | elapsed=2.0 min
[Image Processor] Progress 600/2,504 (24.0%) | success=600 error=0 | avg=4.95 images/s | elapsed=2.0 min
[Image Processor] Progress 625/2,504 (25.0%) | success=625 error=0 | avg=5.05 images/s | elapsed=2.1 min
[Image Processor] Progress 650/2,504 (26.0%) | success=650 error=0 | avg=5.15 images/s | elapsed=2.1 min
[Image Processor] Progress 675/2,504 (27.0%) | success=675 error=0 | avg=5.20 images/s | elapsed=2.2 min
[Image Processor] Progress 700/2,504 (28.0%) | success=700 error=0 | avg=5.21 images/s | elapsed=2.2 min
[Image Processor] Progress 725/2,504 (29.0%) | success=725 error=0 | avg=5.20 images/s | elapsed=2.3 min
[Image Processor] Progress 750/2,504 (30.0%) | success=750 error=0 | avg=5.23 images/s | elapsed=2.4 min
[Image Processor] Progress 775/2,504 (31.0%) | success=775 error=0 | avg=5.26 images/s | elapsed=2.5 min
[Image Processor] Progress 800/2,504 (31.9%) | success=800 error=0 | avg=5.28 images/s | elapsed=2.5 min
[Image Processor] Progress 825/2,504 (32.9%) | success=825 error=0 | avg=5.36 images/s | elapsed=2.6 min
[Image Processor] Progress 850/2,504 (33.9%) | success=850 error=0 | avg=5.43 images/s | elapsed=2.6 min
[Image Processor] Progress 875/2,504 (34.9%) | success=875 error=0 | avg=5.49 images/s | elapsed=2.7 min
[Image Processor] Progress 900/2,504 (35.9%) | success=900 error=0 | avg=5.48 images/s | elapsed=2.7 min
[Image Processor] Progress 925/2,504 (36.9%) | success=925 error=0 | avg=5.53 images/s | elapsed=2.8 min
[Image Processor] Progress 950/2,504 (37.9%) | success=950 error=0 | avg=5.54 images/s | elapsed=2.9 min
[Image Processor] Progress 975/2,504 (38.9%) | success=975 error=0 | avg=5.57 images/s | elapsed=2.9 min
[Image Processor] Progress 1,000/2,504 (39.9%) | success=1,000 error=0 | avg=5.57 images/s | elapsed=3.0 min
[Image Processor] Progress 1,025/2,504 (40.9%) | success=1,025 error=0 | avg=5.50 images/s | elapsed=3.1 min
[Image Processor] Progress 1,050/2,504 (41.9%) | success=1,050 error=0 | avg=5.48 images/s | elapsed=3.2 min
[Image Processor] Progress 1,075/2,504 (42.9%) | success=1,075 error=0 | avg=5.49 images/s | elapsed=3.3 min
[Image Processor] Progress 1,100/2,504 (43.9%) | success=1,100 error=0 | avg=5.54 images/s | elapsed=3.3 min
[Image Processor] Progress 1,125/2,504 (44.9%) | success=1,125 error=0 | avg=5.55 images/s | elapsed=3.4 min
[Image Processor] Progress 1,150/2,504 (45.9%) | success=1,150 error=0 | avg=5.57 images/s | elapsed=3.4 min
[Image Processor] Progress 1,175/2,504 (46.9%) | success=1,175 error=0 | avg=5.49 images/s | elapsed=3.6 min
[Image Processor] Progress 1,200/2,504 (47.9%) | success=1,200 error=0 | avg=5.47 images/s | elapsed=3.7 min
[Image Processor] Progress 1,225/2,504 (48.9%) | success=1,225 error=0 | avg=5.50 images/s | elapsed=3.7 min
[Image Processor] Progress 1,250/2,504 (49.9%) | success=1,250 error=0 | avg=5.54 images/s | elapsed=3.8 min
[Image Processor] Progress 1,275/2,504 (50.9%) | success=1,275 error=0 | avg=5.57 images/s | elapsed=3.8 min
[Image Processor] Progress 1,300/2,504 (51.9%) | success=1,300 error=0 | avg=5.61 images/s | elapsed=3.9 min
[Image Processor] Progress 1,325/2,504 (52.9%) | success=1,325 error=0 | avg=5.66 images/s | elapsed=3.9 min
[Image Processor] Progress 1,350/2,504 (53.9%) | success=1,350 error=0 | avg=5.70 images/s | elapsed=3.9 min
[Image Processor] Progress 1,375/2,504 (54.9%) | success=1,375 error=0 | avg=5.74 images/s | elapsed=4.0 min
[Image Processor] Progress 1,400/2,504 (55.9%) | success=1,400 error=0 | avg=5.79 images/s | elapsed=4.0 min
[Image Processor] Progress 1,425/2,504 (56.9%) | success=1,425 error=0 | avg=5.85 images/s | elapsed=4.1 min
[Image Processor] Progress 1,450/2,504 (57.9%) | success=1,450 error=0 | avg=5.89 images/s | elapsed=4.1 min
[Image Processor] Progress 1,475/2,504 (58.9%) | success=1,475 error=0 | avg=5.93 images/s | elapsed=4.1 min
[Image Processor] Progress 1,500/2,504 (59.9%) | success=1,500 error=0 | avg=5.98 images/s | elapsed=4.2 min
[Image Processor] Progress 1,525/2,504 (60.9%) | success=1,525 error=0 | avg=6.03 images/s | elapsed=4.2 min
[Image Processor] Progress 1,550/2,504 (61.9%) | success=1,550 error=0 | avg=6.08 images/s | elapsed=4.2 min
[Image Processor] Progress 1,575/2,504 (62.9%) | success=1,575 error=0 | avg=6.10 images/s | elapsed=4.3 min
[Image Processor] Progress 1,600/2,504 (63.9%) | success=1,600 error=0 | avg=6.15 images/s | elapsed=4.3 min
[Image Processor] Progress 1,625/2,504 (64.9%) | success=1,625 error=0 | avg=6.19 images/s | elapsed=4.4 min
[Image Processor] Progress 1,650/2,504 (65.9%) | success=1,650 error=0 | avg=6.23 images/s | elapsed=4.4 min
[Image Processor] Progress 1,675/2,504 (66.9%) | success=1,675 error=0 | avg=6.22 images/s | elapsed=4.5 min
[Image Processor] Progress 1,700/2,504 (67.9%) | success=1,700 error=0 | avg=6.10 images/s | elapsed=4.6 min
[Image Processor] Progress 1,725/2,504 (68.9%) | success=1,725 error=0 | avg=6.06 images/s | elapsed=4.7 min
[Image Processor] Progress 1,750/2,504 (69.9%) | success=1,750 error=0 | avg=6.10 images/s | elapsed=4.8 min
[Image Processor] Progress 1,775/2,504 (70.9%) | success=1,775 error=0 | avg=6.15 images/s | elapsed=4.8 min
[Image Processor] Progress 1,800/2,504 (71.9%) | success=1,800 error=0 | avg=6.18 images/s | elapsed=4.9 min
[Image Processor] Progress 1,825/2,504 (72.9%) | success=1,825 error=0 | avg=5.99 images/s | elapsed=5.1 min
[Image Processor] Progress 1,850/2,504 (73.9%) | success=1,850 error=0 | avg=6.03 images/s | elapsed=5.1 min
[Image Processor] Progress 1,875/2,504 (74.9%) | success=1,875 error=0 | avg=6.06 images/s | elapsed=5.2 min
[Image Processor] Progress 1,900/2,504 (75.9%) | success=1,900 error=0 | avg=6.04 images/s | elapsed=5.2 min
[Image Processor] Progress 1,925/2,504 (76.9%) | success=1,925 error=0 | avg=5.98 images/s | elapsed=5.4 min
[Image Processor] Progress 1,950/2,504 (77.9%) | success=1,950 error=0 | avg=5.97 images/s | elapsed=5.4 min
[Image Processor] Progress 1,975/2,504 (78.9%) | success=1,975 error=0 | avg=5.96 images/s | elapsed=5.5 min
[Image Processor] Progress 2,000/2,504 (79.9%) | success=2,000 error=0 | avg=5.83 images/s | elapsed=5.7 min
[Image Processor] Progress 2,025/2,504 (80.9%) | success=2,025 error=0 | avg=5.77 images/s | elapsed=5.8 min
[Image Processor] Progress 2,050/2,504 (81.9%) | success=2,050 error=0 | avg=5.69 images/s | elapsed=6.0 min
[Image Processor] Progress 2,075/2,504 (82.9%) | success=2,075 error=0 | avg=5.61 images/s | elapsed=6.2 min
[Image Processor] Progress 2,100/2,504 (83.9%) | success=2,100 error=0 | avg=5.53 images/s | elapsed=6.3 min
[Image Processor] Progress 2,125/2,504 (84.9%) | success=2,125 error=0 | avg=5.43 images/s | elapsed=6.5 min
[Image Processor] Progress 2,150/2,504 (85.9%) | success=2,150 error=0 | avg=5.41 images/s | elapsed=6.6 min
[Image Processor] Progress 2,175/2,504 (86.9%) | success=2,175 error=0 | avg=5.44 images/s | elapsed=6.7 min
[Image Processor] Progress 2,200/2,504 (87.9%) | success=2,200 error=0 | avg=5.46 images/s | elapsed=6.7 min
[Image Processor] Progress 2,225/2,504 (88.9%) | success=2,225 error=0 | avg=5.48 images/s | elapsed=6.8 min
[Image Processor] Progress 2,250/2,504 (89.9%) | success=2,250 error=0 | avg=5.43 images/s | elapsed=6.9 min
[Image Processor] Progress 2,275/2,504 (90.9%) | success=2,275 error=0 | avg=5.44 images/s | elapsed=7.0 min
[Image Processor] Progress 2,300/2,504 (91.9%) | success=2,300 error=0 | avg=5.46 images/s | elapsed=7.0 min
[Image Processor] Progress 2,325/2,504 (92.9%) | success=2,325 error=0 | avg=5.48 images/s | elapsed=7.1 min
[Image Processor] Progress 2,350/2,504 (93.8%) | success=2,350 error=0 | avg=5.50 images/s | elapsed=7.1 min
[Image Processor] Progress 2,375/2,504 (94.8%) | success=2,375 error=0 | avg=5.49 images/s | elapsed=7.2 min
[Image Processor] Progress 2,400/2,504 (95.8%) | success=2,400 error=0 | avg=5.44 images/s | elapsed=7.4 min
[Image Processor] Progress 2,425/2,504 (96.8%) | success=2,425 error=0 | avg=5.39 images/s | elapsed=7.5 min
[Image Processor] Progress 2,450/2,504 (97.8%) | success=2,450 error=0 | avg=5.37 images/s | elapsed=7.6 min
[Image Processor] Progress 2,475/2,504 (98.8%) | success=2,475 error=0 | avg=5.38 images/s | elapsed=7.7 min
[Image Processor] ERROR 2,499/2,504 | L_2010248EN.01000101_image_007.jpg | ValueError('Image model did not return parseable JSON. Raw output preview: \'{   "description": "A page from an EU legal or assessment document containing structured text fields and a table. The content is organized into sections E.2.5, E.3 (Risk and sensitivity analysis), E.3.1, E.3.2, E.3.3, F (Analysis of the Environmental Impact), F.1, and F.2. Section E.3.2 includes a table with columns for \\\'Variable tested\\\', \\\'Financial Rate of Return variation\\\', \\\'Financial Net Present Value variation\\\', \\\'Economic Rate of Return variation\\\', and \\\'Economic Net Present Value variation\\\'.\'')
[Image Processor] ERROR 2,500/2,504 | L_2010248EN.01000101_image_021.jpg | ValueError('Image model did not return parseable JSON. Raw output preview: \'{   "description": "A page from an EU legal document containing sections E.3.2 (Sensitivity analysis) and E.3.3 (Risk analysis), and section F (Analysis of the Environmental Impact). Section E.3.2 includes a table with columns for \\\'Variable tested\\\', \\\'Financial Rate or Return variation\\\', \\\'Financial Net Present Value variation\\\', \\\'Economic Rate or Return variation\\\', and \\\'Economic Net Present Value variation\\\', along with blank lines for responses. Section F.1 lists three principles: (a) contribute t\'')
[Image Processor] Progress 2,500/2,504 (99.8%) | success=2,498 error=2 | avg=3.22 images/s | elapsed=12.9 min
[Image Processor] ERROR 2,501/2,504 | L_2015085EN.01000101_image_005.jpg | ValueError('Image model did not return parseable JSON. Raw output preview: \'{   "description": "The image displays a section of a technical document titled \\\'Masses\\\', containing two tables under sections 4.1.2.2 and 4.1.2.3. The first table, \\\'Mass(es) and tyre(s)\\\', is a structured grid with columns for \\\'Axle No\\\', \\\'Tyre dimension including load capacity index and speed category symbol\\\', \\\'Tyre Load rating per tyre [kg]\\\', \\\'Maximum permissible mass per axle [kg] (*)\\\', \\\'Maximum permissible mass of the vehicle [kg] (*)\\\', \\\'Maximum permissible vertical load on the coupling point\'')
[Image Processor] ERROR 2,502/2,504 | L_2015085EN.01000101_image_012.jpg | ValueError('Image model did not return parseable JSON. Raw output preview: \'{   "description": "A page from a technical document titled \\\'Section 2\\\' and \\\'MODEL 2 — VEHICLE CATEGORY R/S (¹)\\\'. It contains a form for \\\'General construction characteristics\\\' with fields for axle count, wheel types, and chassis type. Below, a \\\'Masses\\\' section includes fields for unladen mass, maximum and minimum mass, and permissible loads. A table titled \\\'Mass(es) and tyre(s)\\\' is present with columns for axle number, tyre specifications, mass limits, and pressure, with rows for Axle 1, Axle 2,\'')
[Image Processor] ERROR 2,503/2,504 | L_2017340EN.01000601_image_011.jpg | ValueError('Image model did not return parseable JSON. Raw output preview: \'{   "description": "The image displays a section of a formal document, likely a regulatory or compliance form, titled \\\'Part 2 — Programme of operations\\\'. It contains a structured table for detailing \\\'Intended investment services or activities to be provided by the tied agent\\\'. The table is divided into two main sections: \\\'Investment services and activities\\\' (columns A1-A9) and \\\'Ancillary services\\\' (columns B1-B7). The rows, labeled C1 through C11, are categorized under \\\'Financial Instruments\\\'. M\'')
[Image Processor] ERROR 2,504/2,504 | L_2019228EN.01000101_image_014.jpg | ValueError('Image model did not return parseable JSON. Raw output preview: \'{   "description": "A formal document titled \\\'COMBINED AIRWORTHINESS ORGANISATION CERTIFICATE\\\' from a Member State of the European Union. It contains standard legal text referencing EU regulations (EU) 2018/1139 and (EU) No 1321/2014, outlining conditions (a) through (e) for the validity of the certificate. The document includes placeholders for company details, dates, revision numbers, and signatures, and is formatted as a template with dotted lines for filling in information.",   "image_type":\'')
[Image Processor] Progress 2,504/2,504 (100.0%) | success=2,498 error=6 | avg=3.10 images/s | elapsed=13.5 min
[Image Processor] Visual descriptions complete | images=2,504 | success=2,498 error=6 | avg=3.10 images/s | elapsed=13.5 min
[Image Processor] Writing image artifacts | records=2,504 | destination=eu_legislation/batch_0002/image_index
[Image Processor] Embedding 2,498 successful descriptions with all-MiniLM-L6-v2...
[Image Processor] FAISS index written | vectors=2,498 | dimension=384
[Image Processor] Artifacts complete | indexed=2,498 | errors=6
{'records': 2504, 'indexed': 2498, 'errors': 6, 'destination': 'eu_legislation/batch_0002/image_index'}
[Image Processor] NIM endpoint: http://127.0.0.1:8000/v1
[Image Processor] Vision model: nvidia/nemotron-3-nano-omni-30b-a3b-reasoning
[Image Processor] Concurrency=64 | target_rps=30
[Image Processor] Loading embedding model: all-MiniLM-L6-v2
Warning: You are sending unauthenticated requests to the HF Hub. Please set a HF_TOKEN to enable higher rate limits and faster downloads.
Loading weights:   0%|          | 0/103 [00:00<?, ?it/s]Loading weights: 100%|██████████| 103/103 [00:00<00:00, 7946.53it/s]
[Image Processor] Embedding model ready.
[Image Processor] Loading image manifests from eu_legislation/batch_0003/image_store
[Image Processor] Eligible image assets loaded: 1,584
[Image Processor] Starting visual descriptions | images=1,584 | max_concurrency=64 | target_rps=30
[Image Processor] Progress 1/1,584 (0.1%) | success=1 error=0 | avg=0.41 images/s | elapsed=0.0 min
[Image Processor] Progress 2/1,584 (0.1%) | success=2 error=0 | avg=0.54 images/s | elapsed=0.1 min
[Image Processor] Progress 3/1,584 (0.2%) | success=3 error=0 | avg=0.29 images/s | elapsed=0.2 min
[Image Processor] Progress 4/1,584 (0.3%) | success=4 error=0 | avg=0.35 images/s | elapsed=0.2 min
[Image Processor] Progress 5/1,584 (0.3%) | success=5 error=0 | avg=0.41 images/s | elapsed=0.2 min
[Image Processor] Progress 6/1,584 (0.4%) | success=6 error=0 | avg=0.48 images/s | elapsed=0.2 min
[Image Processor] Progress 7/1,584 (0.4%) | success=7 error=0 | avg=0.55 images/s | elapsed=0.2 min
[Image Processor] Progress 8/1,584 (0.5%) | success=8 error=0 | avg=0.63 images/s | elapsed=0.2 min
[Image Processor] Progress 9/1,584 (0.6%) | success=9 error=0 | avg=0.70 images/s | elapsed=0.2 min
[Image Processor] Progress 10/1,584 (0.6%) | success=10 error=0 | avg=0.74 images/s | elapsed=0.2 min
[Image Processor] Progress 25/1,584 (1.6%) | success=25 error=0 | avg=1.35 images/s | elapsed=0.3 min
[Image Processor] Progress 50/1,584 (3.2%) | success=50 error=0 | avg=2.13 images/s | elapsed=0.4 min
[Image Processor] Progress 75/1,584 (4.7%) | success=75 error=0 | avg=2.85 images/s | elapsed=0.4 min
[Image Processor] Progress 100/1,584 (6.3%) | success=100 error=0 | avg=3.50 images/s | elapsed=0.5 min
[Image Processor] Progress 125/1,584 (7.9%) | success=125 error=0 | avg=3.83 images/s | elapsed=0.5 min
[Image Processor] Progress 150/1,584 (9.5%) | success=150 error=0 | avg=3.76 images/s | elapsed=0.7 min
[Image Processor] Progress 175/1,584 (11.0%) | success=175 error=0 | avg=3.88 images/s | elapsed=0.8 min
[Image Processor] Progress 200/1,584 (12.6%) | success=200 error=0 | avg=4.07 images/s | elapsed=0.8 min
[Image Processor] Progress 225/1,584 (14.2%) | success=225 error=0 | avg=4.29 images/s | elapsed=0.9 min
[Image Processor] Progress 250/1,584 (15.8%) | success=250 error=0 | avg=4.36 images/s | elapsed=1.0 min
[Image Processor] Progress 275/1,584 (17.4%) | success=275 error=0 | avg=4.25 images/s | elapsed=1.1 min
[Image Processor] Progress 300/1,584 (18.9%) | success=300 error=0 | avg=4.32 images/s | elapsed=1.2 min
[Image Processor] Progress 325/1,584 (20.5%) | success=325 error=0 | avg=4.49 images/s | elapsed=1.2 min
[Image Processor] Progress 350/1,584 (22.1%) | success=350 error=0 | avg=4.59 images/s | elapsed=1.3 min
[Image Processor] Progress 375/1,584 (23.7%) | success=375 error=0 | avg=4.69 images/s | elapsed=1.3 min
[Image Processor] Progress 400/1,584 (25.3%) | success=400 error=0 | avg=4.67 images/s | elapsed=1.4 min
[Image Processor] Progress 425/1,584 (26.8%) | success=425 error=0 | avg=4.78 images/s | elapsed=1.5 min
[Image Processor] Progress 450/1,584 (28.4%) | success=450 error=0 | avg=4.88 images/s | elapsed=1.5 min
[Image Processor] Progress 475/1,584 (30.0%) | success=475 error=0 | avg=5.00 images/s | elapsed=1.6 min
[Image Processor] Progress 500/1,584 (31.6%) | success=500 error=0 | avg=5.18 images/s | elapsed=1.6 min
[Image Processor] Progress 525/1,584 (33.1%) | success=525 error=0 | avg=5.31 images/s | elapsed=1.6 min
[Image Processor] Progress 550/1,584 (34.7%) | success=550 error=0 | avg=4.92 images/s | elapsed=1.9 min
[Image Processor] Progress 575/1,584 (36.3%) | success=575 error=0 | avg=4.92 images/s | elapsed=1.9 min
[Image Processor] Progress 600/1,584 (37.9%) | success=600 error=0 | avg=4.94 images/s | elapsed=2.0 min
[Image Processor] Progress 625/1,584 (39.5%) | success=625 error=0 | avg=5.01 images/s | elapsed=2.1 min
[Image Processor] Progress 650/1,584 (41.0%) | success=650 error=0 | avg=5.08 images/s | elapsed=2.1 min
[Image Processor] Progress 675/1,584 (42.6%) | success=675 error=0 | avg=5.11 images/s | elapsed=2.2 min
[Image Processor] Progress 700/1,584 (44.2%) | success=700 error=0 | avg=5.03 images/s | elapsed=2.3 min
[Image Processor] Progress 725/1,584 (45.8%) | success=725 error=0 | avg=4.95 images/s | elapsed=2.4 min
[Image Processor] Progress 750/1,584 (47.3%) | success=750 error=0 | avg=4.97 images/s | elapsed=2.5 min
[Image Processor] Progress 775/1,584 (48.9%) | success=775 error=0 | avg=5.03 images/s | elapsed=2.6 min
[Image Processor] Progress 800/1,584 (50.5%) | success=800 error=0 | avg=5.11 images/s | elapsed=2.6 min
[Image Processor] Progress 825/1,584 (52.1%) | success=825 error=0 | avg=5.18 images/s | elapsed=2.7 min
[Image Processor] Progress 850/1,584 (53.7%) | success=850 error=0 | avg=5.24 images/s | elapsed=2.7 min
[Image Processor] Progress 875/1,584 (55.2%) | success=875 error=0 | avg=5.32 images/s | elapsed=2.7 min
[Image Processor] Progress 900/1,584 (56.8%) | success=900 error=0 | avg=5.41 images/s | elapsed=2.8 min
[Image Processor] Progress 925/1,584 (58.4%) | success=925 error=0 | avg=5.48 images/s | elapsed=2.8 min
[Image Processor] Progress 950/1,584 (60.0%) | success=950 error=0 | avg=5.55 images/s | elapsed=2.9 min
[Image Processor] Progress 975/1,584 (61.6%) | success=975 error=0 | avg=5.63 images/s | elapsed=2.9 min
[Image Processor] Progress 1,000/1,584 (63.1%) | success=1,000 error=0 | avg=5.71 images/s | elapsed=2.9 min
[Image Processor] Progress 1,025/1,584 (64.7%) | success=1,025 error=0 | avg=5.76 images/s | elapsed=3.0 min
[Image Processor] Progress 1,050/1,584 (66.3%) | success=1,050 error=0 | avg=5.83 images/s | elapsed=3.0 min
[Image Processor] Progress 1,075/1,584 (67.9%) | success=1,075 error=0 | avg=5.94 images/s | elapsed=3.0 min
[Image Processor] Progress 1,100/1,584 (69.4%) | success=1,100 error=0 | avg=5.73 images/s | elapsed=3.2 min
[Image Processor] Progress 1,125/1,584 (71.0%) | success=1,125 error=0 | avg=5.70 images/s | elapsed=3.3 min
[Image Processor] Progress 1,150/1,584 (72.6%) | success=1,150 error=0 | avg=5.75 images/s | elapsed=3.3 min
[Image Processor] Progress 1,175/1,584 (74.2%) | success=1,175 error=0 | avg=5.82 images/s | elapsed=3.4 min
[Image Processor] Progress 1,200/1,584 (75.8%) | success=1,200 error=0 | avg=5.86 images/s | elapsed=3.4 min
[Image Processor] Progress 1,225/1,584 (77.3%) | success=1,225 error=0 | avg=5.89 images/s | elapsed=3.5 min
[Image Processor] Progress 1,250/1,584 (78.9%) | success=1,250 error=0 | avg=5.94 images/s | elapsed=3.5 min
[Image Processor] Progress 1,275/1,584 (80.5%) | success=1,275 error=0 | avg=6.00 images/s | elapsed=3.5 min
[Image Processor] Progress 1,300/1,584 (82.1%) | success=1,300 error=0 | avg=6.00 images/s | elapsed=3.6 min
[Image Processor] Progress 1,325/1,584 (83.6%) | success=1,325 error=0 | avg=6.06 images/s | elapsed=3.6 min
[Image Processor] Progress 1,350/1,584 (85.2%) | success=1,350 error=0 | avg=6.10 images/s | elapsed=3.7 min
[Image Processor] Progress 1,375/1,584 (86.8%) | success=1,375 error=0 | avg=6.15 images/s | elapsed=3.7 min
[Image Processor] Progress 1,400/1,584 (88.4%) | success=1,400 error=0 | avg=6.19 images/s | elapsed=3.8 min
[Image Processor] Progress 1,425/1,584 (90.0%) | success=1,425 error=0 | avg=6.19 images/s | elapsed=3.8 min
[Image Processor] Progress 1,450/1,584 (91.5%) | success=1,450 error=0 | avg=6.21 images/s | elapsed=3.9 min
[Image Processor] Progress 1,475/1,584 (93.1%) | success=1,475 error=0 | avg=6.23 images/s | elapsed=3.9 min
[Image Processor] Progress 1,500/1,584 (94.7%) | success=1,500 error=0 | avg=6.28 images/s | elapsed=4.0 min
[Image Processor] Progress 1,525/1,584 (96.3%) | success=1,525 error=0 | avg=6.29 images/s | elapsed=4.0 min
[Image Processor] Progress 1,550/1,584 (97.9%) | success=1,550 error=0 | avg=6.21 images/s | elapsed=4.2 min
[Image Processor] Progress 1,575/1,584 (99.4%) | success=1,575 error=0 | avg=4.27 images/s | elapsed=6.1 min
[Image Processor] ERROR 1,580/1,584 | L_2007332EN.01008101_image_003.jpg | ValueError('Image model did not return parseable JSON. Raw output preview: \'{   "description": "A close-up of a printed legal document, specifically section II.2 titled \\\'Additional guarantees\\\' and subsection II.3 \\\'Additional health requirements\\\'. The text is black on white paper, formatted with numbered clauses and sub-clauses (e.g., (5) [II.2.1], (4) II.2.3). It details certification requirements for poultry consignments, including vaccination status for Newcastle disease, isolation periods, serological testing, and specific conditions for Finland, Sweden, and Salmonel\'')
[Image Processor] ERROR 1,581/1,584 | L_2012224EN.01000101_image_010.jpg | ValueError('Image model did not return parseable JSON. Raw output preview: \'{   "description": "A formal document titled \\\'PRODUCTION ORGANISATION APPROVAL CERTIFICATE\\\' on a white background with black text. It is a template for EU member states, featuring placeholders for member state code, company name, address, competent authority, and dates. The document outlines four conditions for approval validity under Regulation (EC) No 1702/2003. The layout is structured with centered headings, left-aligned body text, and dotted lines for fillable fields. At the bottom, it is i\'')
[Image Processor] ERROR 1,582/1,584 | L_2013158EN.01000101_image_002.jpg | ValueError('Image model did not return parseable JSON. Raw output preview: \'{   "description": "A political and transport network map of Croatia (Hrvatska) showing the Trans-European Transport Network (TEN-T) outline plan for the 2020 horizon. The map displays existing (solid yellow lines) and planned (dashed yellow lines) roads, major cities like Zagreb, Split, and Rijeka, and surrounding countries including Bosnia and Herzegovina, Serbia, and Slovenia. The Adriatic Sea is shown in light blue.",   "image_type": "diagram",   "legible_text": "LEITSCHEMA DES TRANSEUROPÄIS\'')
[Image Processor] ERROR 1,583/1,584 | L_2014130EN.01000101_image_005.jpg | ValueError('Image model did not return parseable JSON. Raw output preview: \'{   "description": "A printed form titled \\\'SECTION H: Additional requirements for certain measures\\\' with instructions to fill out relevant sections for investigative measures. The form contains four main sections: H1 (Transfer of a person held in custody), H2 (Video or telephone conference or other audiovisual transmission), H3 (Provisional measures), and H4 (Information on bank and other financial accounts). Each section includes checkboxes, text fields, and dotted lines for responses. The docu\'')
[Image Processor] ERROR 1,584/1,584 | L_2021208EN.01000101_image_003.jpg | ValueError('Image model did not return parseable JSON. Raw output preview: \'{   "description": "A complex, multi-column financial balance sheet table with numerous rows and columns. The table is structured with main sections labeled \\\'A. Domestic\\\', \\\'B. Euro area\\\', \\\'C. Rest of the world\\\', and \\\'D. Total\\\'. Sub-sections include \\\'Non-financial corporations\\\', \\\'Households\\\', \\\'Other residents\\\', and \\\'General government\\\'. The rows list various financial items such as \\\'Debt securities held\\\', \\\'Debt securities and loans\\\', \\\'Equity\\\', \\\'Investment fund shares/units\\\', and \\\'Other accounts r\'')
[Image Processor] Progress 1,584/1,584 (100.0%) | success=1,579 error=5 | avg=2.58 images/s | elapsed=10.2 min
[Image Processor] Visual descriptions complete | images=1,584 | success=1,579 error=5 | avg=2.58 images/s | elapsed=10.2 min
[Image Processor] Writing image artifacts | records=1,584 | destination=eu_legislation/batch_0003/image_index
[Image Processor] Embedding 1,579 successful descriptions with all-MiniLM-L6-v2...
[Image Processor] FAISS index written | vectors=1,579 | dimension=384
[Image Processor] Artifacts complete | indexed=1,579 | errors=5
{'records': 1584, 'indexed': 1579, 'errors': 5, 'destination': 'eu_legislation/batch_0003/image_index'}
[Image Processor] NIM endpoint: http://127.0.0.1:8000/v1
[Image Processor] Vision model: nvidia/nemotron-3-nano-omni-30b-a3b-reasoning
[Image Processor] Concurrency=64 | target_rps=30
[Image Processor] Loading embedding model: all-MiniLM-L6-v2
Warning: You are sending unauthenticated requests to the HF Hub. Please set a HF_TOKEN to enable higher rate limits and faster downloads.
Loading weights:   0%|          | 0/103 [00:00<?, ?it/s]Loading weights: 100%|██████████| 103/103 [00:00<00:00, 6340.36it/s]
[Image Processor] Embedding model ready.
[Image Processor] Loading image manifests from eu_legislation/batch_0004/image_store
[Image Processor] Eligible image assets loaded: 751
[Image Processor] Starting visual descriptions | images=751 | max_concurrency=64 | target_rps=30
[Image Processor] Progress 1/751 (0.1%) | success=1 error=0 | avg=0.17 images/s | elapsed=0.1 min
[Image Processor] Progress 2/751 (0.3%) | success=2 error=0 | avg=0.32 images/s | elapsed=0.1 min
[Image Processor] Progress 3/751 (0.4%) | success=3 error=0 | avg=0.46 images/s | elapsed=0.1 min
[Image Processor] Progress 4/751 (0.5%) | success=4 error=0 | avg=0.59 images/s | elapsed=0.1 min
[Image Processor] Progress 5/751 (0.7%) | success=5 error=0 | avg=0.68 images/s | elapsed=0.1 min
[Image Processor] Progress 6/751 (0.8%) | success=6 error=0 | avg=0.81 images/s | elapsed=0.1 min
[Image Processor] Progress 7/751 (0.9%) | success=7 error=0 | avg=0.93 images/s | elapsed=0.1 min
[Image Processor] Progress 8/751 (1.1%) | success=8 error=0 | avg=1.06 images/s | elapsed=0.1 min
[Image Processor] Progress 9/751 (1.2%) | success=9 error=0 | avg=1.19 images/s | elapsed=0.1 min
[Image Processor] Progress 10/751 (1.3%) | success=10 error=0 | avg=1.28 images/s | elapsed=0.1 min
[Image Processor] Progress 25/751 (3.3%) | success=25 error=0 | avg=2.59 images/s | elapsed=0.2 min
[Image Processor] Progress 50/751 (6.7%) | success=50 error=0 | avg=3.88 images/s | elapsed=0.2 min
[Image Processor] Progress 75/751 (10.0%) | success=75 error=0 | avg=4.29 images/s | elapsed=0.3 min
[Image Processor] Progress 100/751 (13.3%) | success=100 error=0 | avg=4.57 images/s | elapsed=0.4 min
[Image Processor] Progress 125/751 (16.6%) | success=125 error=0 | avg=4.84 images/s | elapsed=0.4 min
[Image Processor] Progress 150/751 (20.0%) | success=150 error=0 | avg=5.08 images/s | elapsed=0.5 min
[Image Processor] Progress 175/751 (23.3%) | success=175 error=0 | avg=5.17 images/s | elapsed=0.6 min
[Image Processor] Progress 200/751 (26.6%) | success=200 error=0 | avg=5.44 images/s | elapsed=0.6 min
[Image Processor] Progress 225/751 (30.0%) | success=225 error=0 | avg=5.72 images/s | elapsed=0.7 min
[Image Processor] Progress 250/751 (33.3%) | success=250 error=0 | avg=5.93 images/s | elapsed=0.7 min
[Image Processor] Progress 275/751 (36.6%) | success=275 error=0 | avg=6.14 images/s | elapsed=0.7 min
[Image Processor] Progress 300/751 (39.9%) | success=300 error=0 | avg=6.29 images/s | elapsed=0.8 min
[Image Processor] Progress 325/751 (43.3%) | success=325 error=0 | avg=6.54 images/s | elapsed=0.8 min
[Image Processor] Progress 350/751 (46.6%) | success=350 error=0 | avg=6.67 images/s | elapsed=0.9 min
[Image Processor] Progress 375/751 (49.9%) | success=375 error=0 | avg=6.85 images/s | elapsed=0.9 min
[Image Processor] Progress 400/751 (53.3%) | success=400 error=0 | avg=6.84 images/s | elapsed=1.0 min
[Image Processor] Progress 425/751 (56.6%) | success=425 error=0 | avg=6.80 images/s | elapsed=1.0 min
[Image Processor] Progress 450/751 (59.9%) | success=450 error=0 | avg=6.92 images/s | elapsed=1.1 min
[Image Processor] Progress 475/751 (63.2%) | success=475 error=0 | avg=6.92 images/s | elapsed=1.1 min
[Image Processor] Progress 500/751 (66.6%) | success=500 error=0 | avg=6.65 images/s | elapsed=1.3 min
[Image Processor] Progress 525/751 (69.9%) | success=525 error=0 | avg=6.33 images/s | elapsed=1.4 min
[Image Processor] Progress 550/751 (73.2%) | success=550 error=0 | avg=6.19 images/s | elapsed=1.5 min
[Image Processor] Progress 575/751 (76.6%) | success=575 error=0 | avg=6.15 images/s | elapsed=1.6 min
[Image Processor] Progress 600/751 (79.9%) | success=600 error=0 | avg=5.95 images/s | elapsed=1.7 min
[Image Processor] Progress 625/751 (83.2%) | success=625 error=0 | avg=5.79 images/s | elapsed=1.8 min
[Image Processor] Progress 650/751 (86.6%) | success=650 error=0 | avg=5.79 images/s | elapsed=1.9 min
[Image Processor] Progress 675/751 (89.9%) | success=675 error=0 | avg=5.88 images/s | elapsed=1.9 min
[Image Processor] Progress 700/751 (93.2%) | success=700 error=0 | avg=5.96 images/s | elapsed=2.0 min
[Image Processor] Progress 725/751 (96.5%) | success=725 error=0 | avg=6.09 images/s | elapsed=2.0 min
[Image Processor] ERROR 747/751 | L_2005217EN.01000101_image_065.jpg | ValueError('Image model did not return parseable JSON. Raw output preview: \'{   "description": "A technical line drawing showing anthropometric measurements for a human figure in standing and seated positions. The top diagram depicts a standing figure with various body dimensions labeled (e.g., 13, 14, 15, 16, 17, 18, 19, 20, 21, 22, 23, 24, 25, 26, 27, 28, 29, 30, 31, 32, 33, 34, 35, 36, 37, 38, 39, 40, 41, 42, 43, 44, 45, 46, 47, 48, 49, 50, 51, 52, 53, 54, 55, 56, 57, 58, 59, 60, 61, 62, 63, 64, 65, 66, 67, 68, 69, 70, 71, 72, 73, 74, 75, 76, 77, 78, 79, 80, 81, 82, \'')
[Image Processor] ERROR 748/751 | L_2017003EN.01000601_image_017.jpg | ValueError('Image model did not return parseable JSON. Raw output preview: \'{   "description": "A map of the Rhine-Danube Corridor, showing a passenger and freight rail route connecting cities across France (FR), Germany (DE), Austria (AT), Czechia (CZ), Slovakia (SK), and Hungary (HU). The route is marked with blue lines and black dots indicating cities. Numerous black boxes labeled \\\'Beyond 2023\\\' denote planned upgrades or developments along the corridor. Some locations, such as Wels and St. Pölten, are marked \\\'In Operation\\\'. A few cities have specific years like 2020,\'')
[Image Processor] ERROR 749/751 | L_2022166EN.01014701_image_006.jpg | ValueError('Image model did not return parseable JSON. Raw output preview: \'{   "description": "A structured table with \\\'Sector\\\' as the row header and \\\'Currency of denomination\\\' as the column header. The table is divided into a grid with multiple sub-columns labeled S1, S11, S12, S121, S122, S12M, S12P, S124, S125, S125A, S125W, S126, S127, S12Q, S13, S1311, S13M, S1314, and S1M. Rows are labeled \\\'All currencies\\\', \\\'EUR\\\', and \\\'Other currencies\\\'. The cells contain \\\'L*\\\', \\\'N/A\\\', or are empty. A note at the bottom explains the meaning of \\\'L*\\\' and \\\'N/A\\\'.",   "image_type": "di\'')
[Image Processor] ERROR 750/751 | L_2022166EN.01014701_image_008.jpg | ValueError('Image model did not return parseable JSON. Raw output preview: \'{   "description": "A complex table from an EU legal document detailing financial instrument classifications. The table is structured with \\\'Currency of denomination\\\' (EUR) as the primary row header, followed by \\\'Maturity\\\' (All maturities) and \\\'Instrument type\\\' (categorized into All interest rate types, Fixed interest rate, Fixed coupon, Zero coupon, Variable interest rate, and subtypes like Inflation-linked variable rate). Columns are labeled with identifiers like S1, S11, S12, S121, S122, S12M,\'')
[Image Processor] Progress 750/751 (99.9%) | success=746 error=4 | avg=1.33 images/s | elapsed=9.4 min
[Image Processor] ERROR 751/751 | L_2022166EN.01014701_image_007.jpg | ValueError('Image model did not return parseable JSON. Raw output preview: \'{   "description": "A complex table from an EU legal document detailing financial instrument classifications. The table has three main column headers: \\\'Currency of denomination\\\', \\\'Maturity\\\', and \\\'Instrument type\\\'. Rows categorize instruments by currency (EUR), maturity (All maturities, Short-term at original maturity, Long-term at original maturity), and instrument type (All interest rate types, Fixed coupon, Zero coupon, Variable interest rate). The right side features numerous columns labeled \'')
[Image Processor] Progress 751/751 (100.0%) | success=746 error=5 | avg=1.33 images/s | elapsed=9.4 min
[Image Processor] Visual descriptions complete | images=751 | success=746 error=5 | avg=1.33 images/s | elapsed=9.4 min
[Image Processor] Writing image artifacts | records=751 | destination=eu_legislation/batch_0004/image_index
[Image Processor] Embedding 746 successful descriptions with all-MiniLM-L6-v2...
[Image Processor] FAISS index written | vectors=746 | dimension=384
[Image Processor] Artifacts complete | indexed=746 | errors=5
{'records': 751, 'indexed': 746, 'errors': 5, 'destination': 'eu_legislation/batch_0004/image_index'}
[Image Processor] NIM endpoint: http://127.0.0.1:8000/v1
[Image Processor] Vision model: nvidia/nemotron-3-nano-omni-30b-a3b-reasoning
[Image Processor] Concurrency=64 | target_rps=30
[Image Processor] Loading embedding model: all-MiniLM-L6-v2
Warning: You are sending unauthenticated requests to the HF Hub. Please set a HF_TOKEN to enable higher rate limits and faster downloads.
Loading weights:   0%|          | 0/103 [00:00<?, ?it/s]Loading weights: 100%|██████████| 103/103 [00:00<00:00, 7523.09it/s]
[Image Processor] Embedding model ready.
[Image Processor] Loading image manifests from eu_legislation/batch_0005/image_store
[Image Processor] Eligible image assets loaded: 629
[Image Processor] Starting visual descriptions | images=629 | max_concurrency=64 | target_rps=30
[Image Processor] Progress 1/629 (0.2%) | success=1 error=0 | avg=0.69 images/s | elapsed=0.0 min
[Image Processor] Progress 2/629 (0.3%) | success=2 error=0 | avg=0.87 images/s | elapsed=0.0 min
[Image Processor] Progress 3/629 (0.5%) | success=3 error=0 | avg=0.59 images/s | elapsed=0.1 min
[Image Processor] Progress 4/629 (0.6%) | success=4 error=0 | avg=0.63 images/s | elapsed=0.1 min
[Image Processor] Progress 5/629 (0.8%) | success=5 error=0 | avg=0.55 images/s | elapsed=0.2 min
[Image Processor] Progress 6/629 (1.0%) | success=6 error=0 | avg=0.59 images/s | elapsed=0.2 min
[Image Processor] Progress 7/629 (1.1%) | success=7 error=0 | avg=0.64 images/s | elapsed=0.2 min
[Image Processor] Progress 8/629 (1.3%) | success=8 error=0 | avg=0.72 images/s | elapsed=0.2 min
[Image Processor] Progress 9/629 (1.4%) | success=9 error=0 | avg=0.79 images/s | elapsed=0.2 min
[Image Processor] Progress 10/629 (1.6%) | success=10 error=0 | avg=0.86 images/s | elapsed=0.2 min
[Image Processor] Progress 25/629 (4.0%) | success=25 error=0 | avg=1.52 images/s | elapsed=0.3 min
[Image Processor] Progress 50/629 (7.9%) | success=50 error=0 | avg=1.76 images/s | elapsed=0.5 min
[Image Processor] Progress 75/629 (11.9%) | success=75 error=0 | avg=2.24 images/s | elapsed=0.6 min
[Image Processor] Progress 100/629 (15.9%) | success=100 error=0 | avg=2.64 images/s | elapsed=0.6 min
[Image Processor] Progress 125/629 (19.9%) | success=125 error=0 | avg=2.94 images/s | elapsed=0.7 min
[Image Processor] Progress 150/629 (23.8%) | success=150 error=0 | avg=3.11 images/s | elapsed=0.8 min
[Image Processor] Progress 175/629 (27.8%) | success=175 error=0 | avg=3.41 images/s | elapsed=0.9 min
[Image Processor] Progress 200/629 (31.8%) | success=200 error=0 | avg=3.62 images/s | elapsed=0.9 min
[Image Processor] Progress 225/629 (35.8%) | success=225 error=0 | avg=3.67 images/s | elapsed=1.0 min
[Image Processor] Progress 250/629 (39.7%) | success=250 error=0 | avg=3.79 images/s | elapsed=1.1 min
[Image Processor] Progress 275/629 (43.7%) | success=275 error=0 | avg=3.93 images/s | elapsed=1.2 min
[Image Processor] Progress 300/629 (47.7%) | success=300 error=0 | avg=4.09 images/s | elapsed=1.2 min
[Image Processor] Progress 325/629 (51.7%) | success=325 error=0 | avg=4.30 images/s | elapsed=1.3 min
[Image Processor] Progress 350/629 (55.6%) | success=350 error=0 | avg=4.40 images/s | elapsed=1.3 min
[Image Processor] Progress 375/629 (59.6%) | success=375 error=0 | avg=4.48 images/s | elapsed=1.4 min
[Image Processor] Progress 400/629 (63.6%) | success=400 error=0 | avg=4.54 images/s | elapsed=1.5 min
[Image Processor] Progress 425/629 (67.6%) | success=425 error=0 | avg=4.59 images/s | elapsed=1.5 min
[Image Processor] Progress 450/629 (71.5%) | success=450 error=0 | avg=4.58 images/s | elapsed=1.6 min
[Image Processor] Progress 475/629 (75.5%) | success=475 error=0 | avg=4.54 images/s | elapsed=1.7 min
[Image Processor] Progress 500/629 (79.5%) | success=500 error=0 | avg=4.54 images/s | elapsed=1.8 min
[Image Processor] Progress 525/629 (83.5%) | success=525 error=0 | avg=4.59 images/s | elapsed=1.9 min
[Image Processor] Progress 550/629 (87.4%) | success=550 error=0 | avg=4.64 images/s | elapsed=2.0 min
[Image Processor] Progress 575/629 (91.4%) | success=575 error=0 | avg=4.67 images/s | elapsed=2.1 min
[Image Processor] Progress 600/629 (95.4%) | success=600 error=0 | avg=4.68 images/s | elapsed=2.1 min
[Image Processor] ERROR 624/629 | L_2012199EN.01000601_image_003.jpg | ValueError('Image model did not return parseable JSON. Raw output preview: \'{   "description": "A formal \\\'Guarantee Document\\\' titled \\\'Individual Guarantee in the Form of Vouchers\\\'. It contains text outlining an undertaking by a guarantor to guarantee payments up to EUR 7,000 per voucher for the European Union. The document includes numbered clauses detailing the guarantor\\\'s obligations, liability, and service addresses for EU member states. A table is present for listing countries and corresponding addresses for service.",   "image_type": "scan",   "legible_text": "GUAR\'')
[Image Processor] ERROR 625/629 | L_2012300EN.01000201_image_007.jpg | ValueError('Image model did not return parseable JSON. Raw output preview: \'{   "description": "A two-column fishing log form with a grid layout. The left column contains fields for vessel name, fishing company, country of registration, FFA regional register number, FFA type approved ALC, and international radio call sign. The right column is a detailed table for recording fishing activity, including date, time, position, and species caught (shark, yellowfin, bigeye, albacore, blue marlin, striped marlin, swordfish, other species) with columns for number of hooks, weigh\'')
[Image Processor] Progress 625/629 (99.4%) | success=623 error=2 | avg=1.18 images/s | elapsed=8.9 min
[Image Processor] ERROR 626/629 | L_2012199EN.01000601_image_005.jpg | ValueError('Image model did not return parseable JSON. Raw output preview: \'{   "description": "A \\\'Guarantee Document\\\' titled \\\'Comprehensive Guarantee\\\' containing text in English. It details an undertaking by a guarantor to provide financial guarantees for debt related to goods under the Community or common transit procedure for EU member states. The document includes numbered clauses (1-4) outlining the terms, including the maximum guarantee amount (100/50/30%), liability periods, and requirements for addresses for service in various EU countries. A table is present fo\'')
[Image Processor] ERROR 627/629 | L_2012199EN.01001501_image_003.jpg | ValueError('Image model did not return parseable JSON. Raw output preview: \'{   "description": "A \\\'Guarantee Document\\\' titled \\\'Individual Guarantee in the Form of Vouchers\\\'. It contains a legal text outlining an undertaking by a guarantor to guarantee payments up to EUR 7,000 per voucher for the European Union. The document includes numbered clauses detailing the guarantor\\\'s obligations, liability, and service addresses for various EU countries. A table is present for listing countries and corresponding addresses for service.",   "image_type": "scan",   "legible_text": \'')
[Image Processor] ERROR 628/629 | L_2012199EN.01001501_image_001.jpg | ValueError('Image model did not return parseable JSON. Raw output preview: \'{   "description": "A printed \\\'GUARANTEE DOCUMENT\\\' titled \\\'INDIVIDUAL GUARANTEE\\\'. It contains a legal text with numbered clauses (1-4) detailing an undertaking by a guarantor to guarantee debt up to a specified amount for the European Union. The document includes a table with two columns: \\\'Country\\\' and \\\'Surname and forenames, or name of firm, and full address\\\', designed for listing service addresses in various EU countries. The text specifies liability for debt related to goods under a common tr\'')
[Image Processor] ERROR 629/629 | L_2021273EN.01000101_image_080.jpeg | ValueError('Image model did not return parseable JSON. Raw output preview: \'{   "description": "A document page titled \\\'5 VU identification.\\\' lists four required fields: Block identifier, VU manufacturer\\\'s name, VU part number, and VU generation number*. To the right, a boxed diagram shows a dashed line with a square symbol, followed by \\\'VU_Manufacturer______\\\', \\\'VU_Part_Number__\\\', and \\\'GEN2\\\'.",   "image_type": "diagram",   "legible_text": "5 VU identification. Block identifier VU manufacturer\\\'s name VU part number VU generation number* \\\\\\\\\\\\\\\\ \\\\\\\\\\\\\\\\ \\\\\\\\\\\\\\\\ \\\\\\\\\\\\\\\\ \\\\\\\\\\\\\\\\ \\\\\\\\\\\\\\\\ \\\\\\\\\\\\\\\\\'')
[Image Processor] Progress 629/629 (100.0%) | success=623 error=6 | avg=1.18 images/s | elapsed=8.9 min
[Image Processor] Visual descriptions complete | images=629 | success=623 error=6 | avg=1.18 images/s | elapsed=8.9 min
[Image Processor] Writing image artifacts | records=629 | destination=eu_legislation/batch_0005/image_index
[Image Processor] Embedding 623 successful descriptions with all-MiniLM-L6-v2...
[Image Processor] FAISS index written | vectors=623 | dimension=384
[Image Processor] Artifacts complete | indexed=623 | errors=6
{'records': 629, 'indexed': 623, 'errors': 6, 'destination': 'eu_legislation/batch_0005/image_index'}
[Image Processor] NIM endpoint: http://127.0.0.1:8000/v1
[Image Processor] Vision model: nvidia/nemotron-3-nano-omni-30b-a3b-reasoning
[Image Processor] Concurrency=64 | target_rps=30
[Image Processor] Loading embedding model: all-MiniLM-L6-v2
Warning: You are sending unauthenticated requests to the HF Hub. Please set a HF_TOKEN to enable higher rate limits and faster downloads.
Loading weights:   0%|          | 0/103 [00:00<?, ?it/s]Loading weights: 100%|██████████| 103/103 [00:00<00:00, 7250.37it/s]
[Image Processor] Embedding model ready.
[Image Processor] Loading image manifests from eu_legislation/batch_0006/image_store
[Image Processor] Eligible image assets loaded: 471
[Image Processor] Starting visual descriptions | images=471 | max_concurrency=64 | target_rps=30
[Image Processor] Progress 1/471 (0.2%) | success=1 error=0 | avg=0.11 images/s | elapsed=0.2 min
[Image Processor] Progress 2/471 (0.4%) | success=2 error=0 | avg=0.21 images/s | elapsed=0.2 min
[Image Processor] Progress 3/471 (0.6%) | success=3 error=0 | avg=0.31 images/s | elapsed=0.2 min
[Image Processor] Progress 4/471 (0.8%) | success=4 error=0 | avg=0.39 images/s | elapsed=0.2 min
[Image Processor] Progress 5/471 (1.1%) | success=5 error=0 | avg=0.46 images/s | elapsed=0.2 min
[Image Processor] Progress 6/471 (1.3%) | success=6 error=0 | avg=0.54 images/s | elapsed=0.2 min
[Image Processor] Progress 7/471 (1.5%) | success=7 error=0 | avg=0.63 images/s | elapsed=0.2 min
[Image Processor] Progress 8/471 (1.7%) | success=8 error=0 | avg=0.69 images/s | elapsed=0.2 min
[Image Processor] Progress 9/471 (1.9%) | success=9 error=0 | avg=0.72 images/s | elapsed=0.2 min
[Image Processor] Progress 10/471 (2.1%) | success=10 error=0 | avg=0.79 images/s | elapsed=0.2 min
[Image Processor] Progress 25/471 (5.3%) | success=25 error=0 | avg=1.55 images/s | elapsed=0.3 min
[Image Processor] Progress 50/471 (10.6%) | success=50 error=0 | avg=2.57 images/s | elapsed=0.3 min
[Image Processor] Progress 75/471 (15.9%) | success=75 error=0 | avg=3.29 images/s | elapsed=0.4 min
[Image Processor] Progress 100/471 (21.2%) | success=100 error=0 | avg=4.03 images/s | elapsed=0.4 min
[Image Processor] Progress 125/471 (26.5%) | success=125 error=0 | avg=4.57 images/s | elapsed=0.5 min
[Image Processor] Progress 150/471 (31.8%) | success=150 error=0 | avg=4.77 images/s | elapsed=0.5 min
[Image Processor] Progress 175/471 (37.2%) | success=175 error=0 | avg=4.38 images/s | elapsed=0.7 min
[Image Processor] Progress 200/471 (42.5%) | success=200 error=0 | avg=4.49 images/s | elapsed=0.7 min
[Image Processor] Progress 225/471 (47.8%) | success=225 error=0 | avg=4.65 images/s | elapsed=0.8 min
[Image Processor] Progress 250/471 (53.1%) | success=250 error=0 | avg=4.55 images/s | elapsed=0.9 min
[Image Processor] Progress 275/471 (58.4%) | success=275 error=0 | avg=4.50 images/s | elapsed=1.0 min
[Image Processor] Progress 300/471 (63.7%) | success=300 error=0 | avg=4.55 images/s | elapsed=1.1 min
[Image Processor] Progress 325/471 (69.0%) | success=325 error=0 | avg=4.56 images/s | elapsed=1.2 min
[Image Processor] Progress 350/471 (74.3%) | success=350 error=0 | avg=4.71 images/s | elapsed=1.2 min
[Image Processor] Progress 375/471 (79.6%) | success=375 error=0 | avg=4.86 images/s | elapsed=1.3 min
[Image Processor] Progress 400/471 (84.9%) | success=400 error=0 | avg=4.95 images/s | elapsed=1.3 min
[Image Processor] Progress 425/471 (90.2%) | success=425 error=0 | avg=5.11 images/s | elapsed=1.4 min
[Image Processor] Progress 450/471 (95.5%) | success=450 error=0 | avg=5.17 images/s | elapsed=1.5 min
[Image Processor] ERROR 471/471 | L_2012351EN.01000101_image_002.jpg | ValueError('Image model did not return parseable JSON. Raw output preview: \'{   "description": "A close-up of a printed legal form titled \\\'4. THE JUDGMENT\\\'. The form contains structured fields for judgment details, including date, reference number, enforceability, service, language, terms, and payment orders. It features checkboxes for options like \\\'Yes\\\' or \\\'No\\\' and dropdown-style language selection with country codes (e.g., BG, ES, DE). The layout is formal and tabular, with numbered sections (4.1 to 4.6) and subsections (e.g., 4.3.1, 4.6.1.1).",   "image_type": "scan"\'')
[Image Processor] Progress 471/471 (100.0%) | success=470 error=1 | avg=1.77 images/s | elapsed=4.4 min
[Image Processor] Visual descriptions complete | images=471 | success=470 error=1 | avg=1.77 images/s | elapsed=4.4 min
[Image Processor] Writing image artifacts | records=471 | destination=eu_legislation/batch_0006/image_index
[Image Processor] Embedding 470 successful descriptions with all-MiniLM-L6-v2...
[Image Processor] FAISS index written | vectors=470 | dimension=384
[Image Processor] Artifacts complete | indexed=470 | errors=1
{'records': 471, 'indexed': 470, 'errors': 1, 'destination': 'eu_legislation/batch_0006/image_index'}
[Image Processor] NIM endpoint: http://127.0.0.1:8000/v1
[Image Processor] Vision model: nvidia/nemotron-3-nano-omni-30b-a3b-reasoning
[Image Processor] Concurrency=64 | target_rps=30
[Image Processor] Loading embedding model: all-MiniLM-L6-v2
Warning: You are sending unauthenticated requests to the HF Hub. Please set a HF_TOKEN to enable higher rate limits and faster downloads.
Loading weights:   0%|          | 0/103 [00:00<?, ?it/s]Loading weights: 100%|██████████| 103/103 [00:00<00:00, 7772.96it/s]
[Image Processor] Embedding model ready.
[Image Processor] Loading image manifests from eu_legislation/batch_0007/image_store
[Image Processor] Eligible image assets loaded: 442
[Image Processor] Starting visual descriptions | images=442 | max_concurrency=64 | target_rps=30
[Image Processor] Progress 1/442 (0.2%) | success=1 error=0 | avg=0.12 images/s | elapsed=0.1 min
[Image Processor] Progress 2/442 (0.5%) | success=2 error=0 | avg=0.23 images/s | elapsed=0.1 min
[Image Processor] Progress 3/442 (0.7%) | success=3 error=0 | avg=0.34 images/s | elapsed=0.1 min
[Image Processor] Progress 4/442 (0.9%) | success=4 error=0 | avg=0.46 images/s | elapsed=0.1 min
[Image Processor] Progress 5/442 (1.1%) | success=5 error=0 | avg=0.57 images/s | elapsed=0.1 min
[Image Processor] Progress 6/442 (1.4%) | success=6 error=0 | avg=0.68 images/s | elapsed=0.1 min
[Image Processor] Progress 7/442 (1.6%) | success=7 error=0 | avg=0.79 images/s | elapsed=0.1 min
[Image Processor] Progress 8/442 (1.8%) | success=8 error=0 | avg=0.90 images/s | elapsed=0.1 min
[Image Processor] Progress 9/442 (2.0%) | success=9 error=0 | avg=1.00 images/s | elapsed=0.1 min
[Image Processor] Progress 10/442 (2.3%) | success=10 error=0 | avg=1.09 images/s | elapsed=0.2 min
[Image Processor] Progress 25/442 (5.7%) | success=25 error=0 | avg=1.78 images/s | elapsed=0.2 min
[Image Processor] Progress 50/442 (11.3%) | success=50 error=0 | avg=2.59 images/s | elapsed=0.3 min
[Image Processor] Progress 75/442 (17.0%) | success=75 error=0 | avg=3.12 images/s | elapsed=0.4 min
[Image Processor] Progress 100/442 (22.6%) | success=100 error=0 | avg=3.74 images/s | elapsed=0.4 min
[Image Processor] Progress 125/442 (28.3%) | success=125 error=0 | avg=4.18 images/s | elapsed=0.5 min
[Image Processor] Progress 150/442 (33.9%) | success=150 error=0 | avg=4.56 images/s | elapsed=0.5 min
[Image Processor] Progress 175/442 (39.6%) | success=175 error=0 | avg=4.94 images/s | elapsed=0.6 min
[Image Processor] Progress 200/442 (45.2%) | success=200 error=0 | avg=5.22 images/s | elapsed=0.6 min
[Image Processor] Progress 225/442 (50.9%) | success=225 error=0 | avg=5.42 images/s | elapsed=0.7 min
[Image Processor] Progress 250/442 (56.6%) | success=250 error=0 | avg=5.59 images/s | elapsed=0.7 min
[Image Processor] Progress 275/442 (62.2%) | success=275 error=0 | avg=5.58 images/s | elapsed=0.8 min
[Image Processor] Progress 300/442 (67.9%) | success=300 error=0 | avg=5.50 images/s | elapsed=0.9 min
[Image Processor] Progress 325/442 (73.5%) | success=325 error=0 | avg=5.44 images/s | elapsed=1.0 min
[Image Processor] Progress 350/442 (79.2%) | success=350 error=0 | avg=5.30 images/s | elapsed=1.1 min
[Image Processor] Progress 375/442 (84.8%) | success=375 error=0 | avg=5.28 images/s | elapsed=1.2 min
[Image Processor] Progress 400/442 (90.5%) | success=400 error=0 | avg=5.43 images/s | elapsed=1.2 min
[Image Processor] Progress 425/442 (96.2%) | success=425 error=0 | avg=5.67 images/s | elapsed=1.2 min
[Image Processor] ERROR 441/442 | L_2009087EN.01000101_image_002.jpg | ValueError('Image model did not return parseable JSON. Raw output preview: \'{   "description": "A black and white line map of the Mediterranean region, showing Europe, North Africa, and the Middle East. It includes a main map with numbered regions (1-4), an inset map of the Black Sea in the upper right, and a detailed inset of the Strait of Gibraltar in the lower left. Arrows indicate movement or focus areas, particularly from the Strait of Gibraltar toward North Africa and from the Black Sea region toward Turkey. The map features a grid with latitude and longitude line\'')
[Image Processor] ERROR 442/442 | L_2008334EN.01002501_image_005.jpg | ValueError('Image model did not return parseable JSON. Raw output preview: \'{   "description": "A structured form with 15 numbered fields for extracting information from an organic product import certificate. The form includes fields for issuing authority, regulation references, serial numbers, addresses of importer and control body, declared quantities, CN code, and declarations by the Member State and consignee. It features checkboxes for regulatory articles and signature lines.",   "image_type": "scan",   "legible_text": "EXTRACT No ... OF THE CERTIFICATE OF INSPECTI\'')
[Image Processor] Progress 442/442 (100.0%) | success=440 error=2 | avg=1.24 images/s | elapsed=6.0 min
[Image Processor] Visual descriptions complete | images=442 | success=440 error=2 | avg=1.24 images/s | elapsed=6.0 min
[Image Processor] Writing image artifacts | records=442 | destination=eu_legislation/batch_0007/image_index
[Image Processor] Embedding 440 successful descriptions with all-MiniLM-L6-v2...
[Image Processor] FAISS index written | vectors=440 | dimension=384
[Image Processor] Artifacts complete | indexed=440 | errors=2
{'records': 442, 'indexed': 440, 'errors': 2, 'destination': 'eu_legislation/batch_0007/image_index'}
[Image Processor] NIM endpoint: http://127.0.0.1:8000/v1
[Image Processor] Vision model: nvidia/nemotron-3-nano-omni-30b-a3b-reasoning
[Image Processor] Concurrency=64 | target_rps=30
[Image Processor] Loading embedding model: all-MiniLM-L6-v2
Warning: You are sending unauthenticated requests to the HF Hub. Please set a HF_TOKEN to enable higher rate limits and faster downloads.
Loading weights:   0%|          | 0/103 [00:00<?, ?it/s]Loading weights: 100%|██████████| 103/103 [00:00<00:00, 8259.35it/s]
[Image Processor] Embedding model ready.
[Image Processor] Loading image manifests from eu_legislation/batch_0008/image_store
[Image Processor] Eligible image assets loaded: 489
[Image Processor] Starting visual descriptions | images=489 | max_concurrency=64 | target_rps=30
[Image Processor] Progress 1/489 (0.2%) | success=1 error=0 | avg=0.21 images/s | elapsed=0.1 min
[Image Processor] Progress 2/489 (0.4%) | success=2 error=0 | avg=0.41 images/s | elapsed=0.1 min
[Image Processor] Progress 3/489 (0.6%) | success=3 error=0 | avg=0.51 images/s | elapsed=0.1 min
[Image Processor] Progress 4/489 (0.8%) | success=4 error=0 | avg=0.31 images/s | elapsed=0.2 min
[Image Processor] Progress 5/489 (1.0%) | success=5 error=0 | avg=0.38 images/s | elapsed=0.2 min
[Image Processor] Progress 6/489 (1.2%) | success=6 error=0 | avg=0.45 images/s | elapsed=0.2 min
[Image Processor] Progress 7/489 (1.4%) | success=7 error=0 | avg=0.52 images/s | elapsed=0.2 min
[Image Processor] Progress 8/489 (1.6%) | success=8 error=0 | avg=0.58 images/s | elapsed=0.2 min
[Image Processor] Progress 9/489 (1.8%) | success=9 error=0 | avg=0.62 images/s | elapsed=0.2 min
[Image Processor] Progress 10/489 (2.0%) | success=10 error=0 | avg=0.68 images/s | elapsed=0.2 min
[Image Processor] Progress 25/489 (5.1%) | success=25 error=0 | avg=1.38 images/s | elapsed=0.3 min
[Image Processor] Progress 50/489 (10.2%) | success=50 error=0 | avg=2.54 images/s | elapsed=0.3 min
[Image Processor] Progress 75/489 (15.3%) | success=75 error=0 | avg=3.29 images/s | elapsed=0.4 min
[Image Processor] Progress 100/489 (20.4%) | success=100 error=0 | avg=3.94 images/s | elapsed=0.4 min
[Image Processor] Progress 125/489 (25.6%) | success=125 error=0 | avg=4.33 images/s | elapsed=0.5 min
[Image Processor] Progress 150/489 (30.7%) | success=150 error=0 | avg=4.61 images/s | elapsed=0.5 min
[Image Processor] Progress 175/489 (35.8%) | success=175 error=0 | avg=4.94 images/s | elapsed=0.6 min
[Image Processor] Progress 200/489 (40.9%) | success=200 error=0 | avg=5.17 images/s | elapsed=0.6 min
[Image Processor] Progress 225/489 (46.0%) | success=225 error=0 | avg=5.42 images/s | elapsed=0.7 min
[Image Processor] Progress 250/489 (51.1%) | success=250 error=0 | avg=5.62 images/s | elapsed=0.7 min
[Image Processor] Progress 275/489 (56.2%) | success=275 error=0 | avg=5.85 images/s | elapsed=0.8 min
[Image Processor] Progress 300/489 (61.3%) | success=300 error=0 | avg=6.08 images/s | elapsed=0.8 min
[Image Processor] Progress 325/489 (66.5%) | success=325 error=0 | avg=6.29 images/s | elapsed=0.9 min
[Image Processor] Progress 350/489 (71.6%) | success=350 error=0 | avg=6.64 images/s | elapsed=0.9 min
[Image Processor] Progress 375/489 (76.7%) | success=375 error=0 | avg=6.71 images/s | elapsed=0.9 min
[Image Processor] Progress 400/489 (81.8%) | success=400 error=0 | avg=6.46 images/s | elapsed=1.0 min
[Image Processor] Progress 425/489 (86.9%) | success=425 error=0 | avg=6.29 images/s | elapsed=1.1 min
[Image Processor] Progress 450/489 (92.0%) | success=450 error=0 | avg=6.61 images/s | elapsed=1.1 min
[Image Processor] Progress 475/489 (97.1%) | success=475 error=0 | avg=6.49 images/s | elapsed=1.2 min
[Image Processor] ERROR 489/489 | L_2011344EN.01000101_image_008.jpg | ValueError('Image model did not return parseable JSON. Raw output preview: \'{   "description": "A structured, multi-column form for recording fishing trip data, likely from an EU fishing logbook. The form is divided into sections for vessel details, trip information, and detailed catch reporting. The main section on the right is a grid for recording daily catches, categorized by fish species (e.g., Bluefin tuna, Yellowfin tuna, Swordfish, etc.) and bait type (e.g., Live bait, Squid, Saury). Columns track \\\'No of hooks used\\\', \\\'Surface water temp (°C)\\\', \\\'Fishing effort\\\', \\\'\'')
[Image Processor] Progress 489/489 (100.0%) | success=488 error=1 | avg=1.74 images/s | elapsed=4.7 min
[Image Processor] Visual descriptions complete | images=489 | success=488 error=1 | avg=1.74 images/s | elapsed=4.7 min
[Image Processor] Writing image artifacts | records=489 | destination=eu_legislation/batch_0008/image_index
[Image Processor] Embedding 488 successful descriptions with all-MiniLM-L6-v2...
[Image Processor] FAISS index written | vectors=488 | dimension=384
[Image Processor] Artifacts complete | indexed=488 | errors=1
{'records': 489, 'indexed': 488, 'errors': 1, 'destination': 'eu_legislation/batch_0008/image_index'}
[Image Processor] NIM endpoint: http://127.0.0.1:8000/v1
[Image Processor] Vision model: nvidia/nemotron-3-nano-omni-30b-a3b-reasoning
[Image Processor] Concurrency=64 | target_rps=30
[Image Processor] Loading embedding model: all-MiniLM-L6-v2
Warning: You are sending unauthenticated requests to the HF Hub. Please set a HF_TOKEN to enable higher rate limits and faster downloads.
Loading weights:   0%|          | 0/103 [00:00<?, ?it/s]Loading weights: 100%|██████████| 103/103 [00:00<00:00, 7344.54it/s]
[Image Processor] Embedding model ready.
[Image Processor] Loading image manifests from eu_legislation/batch_0009/image_store
[Image Processor] Eligible image assets loaded: 526
[Image Processor] Starting visual descriptions | images=526 | max_concurrency=64 | target_rps=30
[Image Processor] Progress 1/526 (0.2%) | success=1 error=0 | avg=0.17 images/s | elapsed=0.1 min
[Image Processor] Progress 2/526 (0.4%) | success=2 error=0 | avg=0.32 images/s | elapsed=0.1 min
[Image Processor] Progress 3/526 (0.6%) | success=3 error=0 | avg=0.48 images/s | elapsed=0.1 min
[Image Processor] Progress 4/526 (0.8%) | success=4 error=0 | avg=0.64 images/s | elapsed=0.1 min
[Image Processor] Progress 5/526 (1.0%) | success=5 error=0 | avg=0.79 images/s | elapsed=0.1 min
[Image Processor] Progress 6/526 (1.1%) | success=6 error=0 | avg=0.95 images/s | elapsed=0.1 min
[Image Processor] Progress 7/526 (1.3%) | success=7 error=0 | avg=1.09 images/s | elapsed=0.1 min
[Image Processor] Progress 8/526 (1.5%) | success=8 error=0 | avg=1.25 images/s | elapsed=0.1 min
[Image Processor] Progress 9/526 (1.7%) | success=9 error=0 | avg=1.40 images/s | elapsed=0.1 min
[Image Processor] Progress 10/526 (1.9%) | success=10 error=0 | avg=1.55 images/s | elapsed=0.1 min
[Image Processor] Progress 25/526 (4.8%) | success=25 error=0 | avg=3.51 images/s | elapsed=0.1 min
[Image Processor] Progress 50/526 (9.5%) | success=50 error=0 | avg=4.48 images/s | elapsed=0.2 min
[Image Processor] Progress 75/526 (14.3%) | success=75 error=0 | avg=4.95 images/s | elapsed=0.3 min
[Image Processor] Progress 100/526 (19.0%) | success=100 error=0 | avg=5.11 images/s | elapsed=0.3 min
[Image Processor] Progress 125/526 (23.8%) | success=125 error=0 | avg=5.55 images/s | elapsed=0.4 min
[Image Processor] Progress 150/526 (28.5%) | success=150 error=0 | avg=6.10 images/s | elapsed=0.4 min
[Image Processor] Progress 175/526 (33.3%) | success=175 error=0 | avg=6.24 images/s | elapsed=0.5 min
[Image Processor] Progress 200/526 (38.0%) | success=200 error=0 | avg=6.22 images/s | elapsed=0.5 min
[Image Processor] Progress 225/526 (42.8%) | success=225 error=0 | avg=6.43 images/s | elapsed=0.6 min
[Image Processor] Progress 250/526 (47.5%) | success=250 error=0 | avg=6.28 images/s | elapsed=0.7 min
[Image Processor] Progress 275/526 (52.3%) | success=275 error=0 | avg=6.44 images/s | elapsed=0.7 min
[Image Processor] Progress 300/526 (57.0%) | success=300 error=0 | avg=6.59 images/s | elapsed=0.8 min
[Image Processor] Progress 325/526 (61.8%) | success=325 error=0 | avg=6.75 images/s | elapsed=0.8 min
[Image Processor] Progress 350/526 (66.5%) | success=350 error=0 | avg=6.85 images/s | elapsed=0.9 min
[Image Processor] Progress 375/526 (71.3%) | success=375 error=0 | avg=6.92 images/s | elapsed=0.9 min
[Image Processor] Progress 400/526 (76.0%) | success=400 error=0 | avg=6.94 images/s | elapsed=1.0 min
[Image Processor] Progress 425/526 (80.8%) | success=425 error=0 | avg=7.05 images/s | elapsed=1.0 min
[Image Processor] Progress 450/526 (85.6%) | success=450 error=0 | avg=7.17 images/s | elapsed=1.0 min
[Image Processor] Progress 475/526 (90.3%) | success=475 error=0 | avg=7.33 images/s | elapsed=1.1 min
[Image Processor] Progress 500/526 (95.1%) | success=500 error=0 | avg=7.55 images/s | elapsed=1.1 min
[Image Processor] ERROR 524/526 | L_2008332EN.01000101_image_002.jpg | ValueError('Image model did not return parseable JSON. Raw output preview: \'{   "description": "A detailed map titled \\\'Werkkaart hoekpunten rustgebied Bollen van de Ooster\\\' (Work map of corner points of the Bollen van de Ooster storage area), showing a large irregular polygon representing a 1429 ha storage area. The map displays various corner points (bvo) marked with yellow squares and connected by lines. The area is divided into sections, with two sections labeled \\\'2 ha\\\' and \\\'1186 ha\\\', and another section labeled \\\'127 ha\\\'. The background shows a color-coded topographi\'')
[Image Processor] ERROR 525/526 | L_2006141EN.01000101_image_002.jpg | ValueError('Image model did not return parseable JSON. Raw output preview: \'{   "description": "This is a two-part form for reporting fishing trip data. The top section collects vessel information including name, flag country, registration number, owner, address, gross tonnage, capacity, master, crew, reporting date, and details about the boat\\\'s departure and return. It also includes fields for the number of fishing days, sets made, days at sea, and trip number. A legend on the right indicates fishing gear types: Longline, Live bait, Purse Seine, Trawl, and Others. The \'')
[Image Processor] Progress 525/526 (99.8%) | success=523 error=2 | avg=1.39 images/s | elapsed=6.3 min
[Image Processor] ERROR 526/526 | L_2012046EN.01000301_image_004.jpg | ValueError('Image model did not return parseable JSON. Raw output preview: \'{   "description": "A printed form in Portuguese and English detailing vessel processing and storage facilities, including freezing, refrigeration, and water capacity. It includes fields for vessel history, signature, and notes on vessel construction and licensing. The document is structured with labeled sections and checkboxes for \\\'S/N\\\' (Yes/No) responses.",   "image_type": "scan",   "legible_text": "Sala de processamento: S/N (Processment factory: Y/N)\\\\nCongelação (Freezing): Por ar forçado: S\'')
[Image Processor] Progress 526/526 (100.0%) | success=523 error=3 | avg=1.40 images/s | elapsed=6.3 min
[Image Processor] Visual descriptions complete | images=526 | success=523 error=3 | avg=1.40 images/s | elapsed=6.3 min
[Image Processor] Writing image artifacts | records=526 | destination=eu_legislation/batch_0009/image_index
[Image Processor] Embedding 523 successful descriptions with all-MiniLM-L6-v2...
[Image Processor] FAISS index written | vectors=523 | dimension=384
[Image Processor] Artifacts complete | indexed=523 | errors=3
{'records': 526, 'indexed': 523, 'errors': 3, 'destination': 'eu_legislation/batch_0009/image_index'}
[Image Processor] NIM endpoint: http://127.0.0.1:8000/v1
[Image Processor] Vision model: nvidia/nemotron-3-nano-omni-30b-a3b-reasoning
[Image Processor] Concurrency=64 | target_rps=30
[Image Processor] Loading embedding model: all-MiniLM-L6-v2
Warning: You are sending unauthenticated requests to the HF Hub. Please set a HF_TOKEN to enable higher rate limits and faster downloads.
Loading weights:   0%|          | 0/103 [00:00<?, ?it/s]Loading weights: 100%|██████████| 103/103 [00:00<00:00, 6836.52it/s]
[Image Processor] Embedding model ready.
[Image Processor] Loading image manifests from eu_legislation/batch_0010/image_store
[Image Processor] Eligible image assets loaded: 465
[Image Processor] Starting visual descriptions | images=465 | max_concurrency=64 | target_rps=30
[Image Processor] Progress 1/465 (0.2%) | success=1 error=0 | avg=0.16 images/s | elapsed=0.1 min
[Image Processor] Progress 2/465 (0.4%) | success=2 error=0 | avg=0.30 images/s | elapsed=0.1 min
[Image Processor] Progress 3/465 (0.6%) | success=3 error=0 | avg=0.45 images/s | elapsed=0.1 min
[Image Processor] Progress 4/465 (0.9%) | success=4 error=0 | avg=0.59 images/s | elapsed=0.1 min
[Image Processor] Progress 5/465 (1.1%) | success=5 error=0 | avg=0.73 images/s | elapsed=0.1 min
[Image Processor] Progress 6/465 (1.3%) | success=6 error=0 | avg=0.88 images/s | elapsed=0.1 min
[Image Processor] Progress 7/465 (1.5%) | success=7 error=0 | avg=1.02 images/s | elapsed=0.1 min
[Image Processor] Progress 8/465 (1.7%) | success=8 error=0 | avg=1.16 images/s | elapsed=0.1 min
[Image Processor] Progress 9/465 (1.9%) | success=9 error=0 | avg=1.30 images/s | elapsed=0.1 min
[Image Processor] Progress 10/465 (2.2%) | success=10 error=0 | avg=1.45 images/s | elapsed=0.1 min
[Image Processor] Progress 25/465 (5.4%) | success=25 error=0 | avg=2.63 images/s | elapsed=0.2 min
[Image Processor] Progress 50/465 (10.8%) | success=50 error=0 | avg=4.10 images/s | elapsed=0.2 min
[Image Processor] Progress 75/465 (16.1%) | success=75 error=0 | avg=4.65 images/s | elapsed=0.3 min
[Image Processor] Progress 100/465 (21.5%) | success=100 error=0 | avg=5.16 images/s | elapsed=0.3 min
[Image Processor] Progress 125/465 (26.9%) | success=125 error=0 | avg=5.29 images/s | elapsed=0.4 min
[Image Processor] Progress 150/465 (32.3%) | success=150 error=0 | avg=5.45 images/s | elapsed=0.5 min
[Image Processor] Progress 175/465 (37.6%) | success=175 error=0 | avg=5.68 images/s | elapsed=0.5 min
[Image Processor] Progress 200/465 (43.0%) | success=200 error=0 | avg=5.91 images/s | elapsed=0.6 min
[Image Processor] Progress 225/465 (48.4%) | success=225 error=0 | avg=6.17 images/s | elapsed=0.6 min
[Image Processor] Progress 250/465 (53.8%) | success=250 error=0 | avg=6.50 images/s | elapsed=0.6 min
[Image Processor] Progress 275/465 (59.1%) | success=275 error=0 | avg=6.73 images/s | elapsed=0.7 min
[Image Processor] Progress 300/465 (64.5%) | success=300 error=0 | avg=7.01 images/s | elapsed=0.7 min
[Image Processor] Progress 325/465 (69.9%) | success=325 error=0 | avg=7.34 images/s | elapsed=0.7 min
[Image Processor] Progress 350/465 (75.3%) | success=350 error=0 | avg=7.30 images/s | elapsed=0.8 min
[Image Processor] Progress 375/465 (80.6%) | success=375 error=0 | avg=6.96 images/s | elapsed=0.9 min
[Image Processor] Progress 400/465 (86.0%) | success=400 error=0 | avg=7.20 images/s | elapsed=0.9 min
[Image Processor] Progress 425/465 (91.4%) | success=425 error=0 | avg=7.47 images/s | elapsed=0.9 min
[Image Processor] Progress 450/465 (96.8%) | success=450 error=0 | avg=7.84 images/s | elapsed=1.0 min
[Image Processor] ERROR 465/465 | L_2020129EN.01001601_image_002.jpg | ValueError('Image model did not return parseable JSON. Raw output preview: \'{   "description": "A detailed flowchart outlining the regulatory pathway for medicinal products, starting with \\\'Basic research studies\\\' (e.g., Oncology, Respiratory System) and progressing through \\\'Translational and applied research\\\' (e.g., Human Cancer, Animal Diseases). The path continues to \\\'Regulatory use and Routine production\\\', which branches into \\\'Type of legislation\\\' (e.g., Legislation on medicinal products for human use) and \\\'Origin of legislation\\\' (e.g., Legislation satisfying Union r\'')
[Image Processor] Progress 465/465 (100.0%) | success=464 error=1 | avg=1.73 images/s | elapsed=4.5 min
[Image Processor] Visual descriptions complete | images=465 | success=464 error=1 | avg=1.73 images/s | elapsed=4.5 min
[Image Processor] Writing image artifacts | records=465 | destination=eu_legislation/batch_0010/image_index
[Image Processor] Embedding 464 successful descriptions with all-MiniLM-L6-v2...
[Image Processor] FAISS index written | vectors=464 | dimension=384
[Image Processor] Artifacts complete | indexed=464 | errors=1
{'records': 465, 'indexed': 464, 'errors': 1, 'destination': 'eu_legislation/batch_0010/image_index'}
[Image Processor] NIM endpoint: http://127.0.0.1:8000/v1
[Image Processor] Vision model: nvidia/nemotron-3-nano-omni-30b-a3b-reasoning
[Image Processor] Concurrency=64 | target_rps=30
[Image Processor] Loading embedding model: all-MiniLM-L6-v2
Warning: You are sending unauthenticated requests to the HF Hub. Please set a HF_TOKEN to enable higher rate limits and faster downloads.
Loading weights:   0%|          | 0/103 [00:00<?, ?it/s]Loading weights: 100%|██████████| 103/103 [00:00<00:00, 5646.79it/s]
[Image Processor] Embedding model ready.
[Image Processor] Loading image manifests from eu_legislation/batch_0011/image_store
[Image Processor] Eligible image assets loaded: 1,354
[Image Processor] Starting visual descriptions | images=1,354 | max_concurrency=64 | target_rps=30
[Image Processor] Progress 1/1,354 (0.1%) | success=1 error=0 | avg=0.17 images/s | elapsed=0.1 min
[Image Processor] Progress 2/1,354 (0.1%) | success=2 error=0 | avg=0.33 images/s | elapsed=0.1 min
[Image Processor] Progress 3/1,354 (0.2%) | success=3 error=0 | avg=0.48 images/s | elapsed=0.1 min
[Image Processor] Progress 4/1,354 (0.3%) | success=4 error=0 | avg=0.62 images/s | elapsed=0.1 min
[Image Processor] Progress 5/1,354 (0.4%) | success=5 error=0 | avg=0.77 images/s | elapsed=0.1 min
[Image Processor] Progress 6/1,354 (0.4%) | success=6 error=0 | avg=0.89 images/s | elapsed=0.1 min
[Image Processor] Progress 7/1,354 (0.5%) | success=7 error=0 | avg=1.04 images/s | elapsed=0.1 min
[Image Processor] Progress 8/1,354 (0.6%) | success=8 error=0 | avg=1.17 images/s | elapsed=0.1 min
[Image Processor] Progress 9/1,354 (0.7%) | success=9 error=0 | avg=1.30 images/s | elapsed=0.1 min
[Image Processor] Progress 10/1,354 (0.7%) | success=10 error=0 | avg=1.40 images/s | elapsed=0.1 min
[Image Processor] Progress 25/1,354 (1.8%) | success=25 error=0 | avg=3.11 images/s | elapsed=0.1 min
[Image Processor] Progress 50/1,354 (3.7%) | success=50 error=0 | avg=4.65 images/s | elapsed=0.2 min
[Image Processor] Progress 75/1,354 (5.5%) | success=75 error=0 | avg=5.74 images/s | elapsed=0.2 min
[Image Processor] Progress 100/1,354 (7.4%) | success=100 error=0 | avg=5.94 images/s | elapsed=0.3 min
[Image Processor] Progress 125/1,354 (9.2%) | success=125 error=0 | avg=6.73 images/s | elapsed=0.3 min
[Image Processor] Progress 150/1,354 (11.1%) | success=150 error=0 | avg=6.91 images/s | elapsed=0.4 min
[Image Processor] Progress 175/1,354 (12.9%) | success=175 error=0 | avg=7.09 images/s | elapsed=0.4 min
[Image Processor] Progress 200/1,354 (14.8%) | success=200 error=0 | avg=7.33 images/s | elapsed=0.5 min
[Image Processor] Progress 225/1,354 (16.6%) | success=225 error=0 | avg=7.41 images/s | elapsed=0.5 min
[Image Processor] Progress 250/1,354 (18.5%) | success=250 error=0 | avg=7.55 images/s | elapsed=0.6 min
[Image Processor] Progress 275/1,354 (20.3%) | success=275 error=0 | avg=7.58 images/s | elapsed=0.6 min
[Image Processor] Progress 300/1,354 (22.2%) | success=300 error=0 | avg=7.79 images/s | elapsed=0.6 min
[Image Processor] Progress 325/1,354 (24.0%) | success=325 error=0 | avg=8.02 images/s | elapsed=0.7 min
[Image Processor] Progress 350/1,354 (25.8%) | success=350 error=0 | avg=8.30 images/s | elapsed=0.7 min
[Image Processor] Progress 375/1,354 (27.7%) | success=375 error=0 | avg=8.44 images/s | elapsed=0.7 min
[Image Processor] Progress 400/1,354 (29.5%) | success=400 error=0 | avg=8.66 images/s | elapsed=0.8 min
[Image Processor] Progress 425/1,354 (31.4%) | success=425 error=0 | avg=8.83 images/s | elapsed=0.8 min
[Image Processor] Progress 450/1,354 (33.2%) | success=450 error=0 | avg=8.94 images/s | elapsed=0.8 min
[Image Processor] Progress 475/1,354 (35.1%) | success=475 error=0 | avg=9.15 images/s | elapsed=0.9 min
[Image Processor] Progress 500/1,354 (36.9%) | success=500 error=0 | avg=9.21 images/s | elapsed=0.9 min
[Image Processor] Progress 525/1,354 (38.8%) | success=525 error=0 | avg=9.46 images/s | elapsed=0.9 min
[Image Processor] Progress 550/1,354 (40.6%) | success=550 error=0 | avg=9.53 images/s | elapsed=1.0 min
[Image Processor] Progress 575/1,354 (42.5%) | success=575 error=0 | avg=9.70 images/s | elapsed=1.0 min
[Image Processor] Progress 600/1,354 (44.3%) | success=600 error=0 | avg=9.95 images/s | elapsed=1.0 min
[Image Processor] Progress 625/1,354 (46.2%) | success=625 error=0 | avg=9.98 images/s | elapsed=1.0 min
[Image Processor] Progress 650/1,354 (48.0%) | success=650 error=0 | avg=10.04 images/s | elapsed=1.1 min
[Image Processor] Progress 675/1,354 (49.9%) | success=675 error=0 | avg=10.21 images/s | elapsed=1.1 min
[Image Processor] Progress 700/1,354 (51.7%) | success=700 error=0 | avg=10.41 images/s | elapsed=1.1 min
[Image Processor] Progress 725/1,354 (53.5%) | success=725 error=0 | avg=10.56 images/s | elapsed=1.1 min
[Image Processor] Progress 750/1,354 (55.4%) | success=750 error=0 | avg=10.64 images/s | elapsed=1.2 min
[Image Processor] Progress 775/1,354 (57.2%) | success=775 error=0 | avg=10.77 images/s | elapsed=1.2 min
[Image Processor] Progress 800/1,354 (59.1%) | success=800 error=0 | avg=10.86 images/s | elapsed=1.2 min
[Image Processor] Progress 825/1,354 (60.9%) | success=825 error=0 | avg=11.02 images/s | elapsed=1.2 min
[Image Processor] Progress 850/1,354 (62.8%) | success=850 error=0 | avg=11.10 images/s | elapsed=1.3 min
[Image Processor] Progress 875/1,354 (64.6%) | success=875 error=0 | avg=11.20 images/s | elapsed=1.3 min
[Image Processor] Progress 900/1,354 (66.5%) | success=900 error=0 | avg=11.35 images/s | elapsed=1.3 min
[Image Processor] Progress 925/1,354 (68.3%) | success=925 error=0 | avg=11.61 images/s | elapsed=1.3 min
[Image Processor] Progress 950/1,354 (70.2%) | success=950 error=0 | avg=11.63 images/s | elapsed=1.4 min
[Image Processor] Progress 975/1,354 (72.0%) | success=975 error=0 | avg=11.77 images/s | elapsed=1.4 min
[Image Processor] Progress 1,000/1,354 (73.9%) | success=1,000 error=0 | avg=11.89 images/s | elapsed=1.4 min
[Image Processor] Progress 1,025/1,354 (75.7%) | success=1,025 error=0 | avg=11.95 images/s | elapsed=1.4 min
[Image Processor] Progress 1,050/1,354 (77.5%) | success=1,050 error=0 | avg=12.07 images/s | elapsed=1.4 min
[Image Processor] Progress 1,075/1,354 (79.4%) | success=1,075 error=0 | avg=12.14 images/s | elapsed=1.5 min
[Image Processor] Progress 1,100/1,354 (81.2%) | success=1,100 error=0 | avg=12.27 images/s | elapsed=1.5 min
[Image Processor] Progress 1,125/1,354 (83.1%) | success=1,125 error=0 | avg=12.50 images/s | elapsed=1.5 min
[Image Processor] Progress 1,150/1,354 (84.9%) | success=1,150 error=0 | avg=12.13 images/s | elapsed=1.6 min
[Image Processor] Progress 1,175/1,354 (86.8%) | success=1,175 error=0 | avg=12.07 images/s | elapsed=1.6 min
[Image Processor] Progress 1,200/1,354 (88.6%) | success=1,200 error=0 | avg=12.05 images/s | elapsed=1.7 min
[Image Processor] Progress 1,225/1,354 (90.5%) | success=1,225 error=0 | avg=11.93 images/s | elapsed=1.7 min
[Image Processor] Progress 1,250/1,354 (92.3%) | success=1,250 error=0 | avg=11.87 images/s | elapsed=1.8 min
[Image Processor] Progress 1,275/1,354 (94.2%) | success=1,275 error=0 | avg=11.79 images/s | elapsed=1.8 min
[Image Processor] Progress 1,300/1,354 (96.0%) | success=1,300 error=0 | avg=11.82 images/s | elapsed=1.8 min
[Image Processor] Progress 1,325/1,354 (97.9%) | success=1,325 error=0 | avg=11.81 images/s | elapsed=1.9 min
[Image Processor] Progress 1,350/1,354 (99.7%) | success=1,350 error=0 | avg=6.16 images/s | elapsed=3.7 min
[Image Processor] ERROR 1,354/1,354 | L_2014337EN.01002701_image_003.jpg | ValueError('Image model did not return parseable JSON. Raw output preview: \'{   "description": "A technical drawing of an EU energy label for appliances, showing dimensions and key features. The label has a blue border with the EU flag and \\\'ENERG\\\' title in multiple languages at the top. A color-coded energy efficiency scale from A+ (green) to G (red) is displayed, with a black A+ indicator. Below, a noise level of 38 dB is shown, and an annual energy consumption of 200 m³/h is indicated with up/down arrows. The label is 75 mm wide and 150 mm tall, with 3 mm margins spec\'')
[Image Processor] Progress 1,354/1,354 (100.0%) | success=1,353 error=1 | avg=3.86 images/s | elapsed=5.8 min
[Image Processor] Visual descriptions complete | images=1,354 | success=1,353 error=1 | avg=3.86 images/s | elapsed=5.8 min
[Image Processor] Writing image artifacts | records=1,354 | destination=eu_legislation/batch_0011/image_index
[Image Processor] Embedding 1,353 successful descriptions with all-MiniLM-L6-v2...
[Image Processor] FAISS index written | vectors=1,353 | dimension=384
[Image Processor] Artifacts complete | indexed=1,353 | errors=1
{'records': 1354, 'indexed': 1353, 'errors': 1, 'destination': 'eu_legislation/batch_0011/image_index'}
[Image Processor] NIM endpoint: http://127.0.0.1:8000/v1
[Image Processor] Vision model: nvidia/nemotron-3-nano-omni-30b-a3b-reasoning
[Image Processor] Concurrency=64 | target_rps=30
[Image Processor] Loading embedding model: all-MiniLM-L6-v2
Warning: You are sending unauthenticated requests to the HF Hub. Please set a HF_TOKEN to enable higher rate limits and faster downloads.
Loading weights:   0%|          | 0/103 [00:00<?, ?it/s]Loading weights: 100%|██████████| 103/103 [00:00<00:00, 7513.93it/s]
[Image Processor] Embedding model ready.
[Image Processor] Loading image manifests from eu_legislation/batch_0012/image_store
[Image Processor] Eligible image assets loaded: 929
[Image Processor] Starting visual descriptions | images=929 | max_concurrency=64 | target_rps=30
[Image Processor] Progress 1/929 (0.1%) | success=1 error=0 | avg=0.16 images/s | elapsed=0.1 min
[Image Processor] Progress 2/929 (0.2%) | success=2 error=0 | avg=0.31 images/s | elapsed=0.1 min
[Image Processor] Progress 3/929 (0.3%) | success=3 error=0 | avg=0.47 images/s | elapsed=0.1 min
[Image Processor] Progress 4/929 (0.4%) | success=4 error=0 | avg=0.62 images/s | elapsed=0.1 min
[Image Processor] Progress 5/929 (0.5%) | success=5 error=0 | avg=0.78 images/s | elapsed=0.1 min
[Image Processor] Progress 6/929 (0.6%) | success=6 error=0 | avg=0.93 images/s | elapsed=0.1 min
[Image Processor] Progress 7/929 (0.8%) | success=7 error=0 | avg=1.08 images/s | elapsed=0.1 min
[Image Processor] Progress 8/929 (0.9%) | success=8 error=0 | avg=1.23 images/s | elapsed=0.1 min
[Image Processor] Progress 9/929 (1.0%) | success=9 error=0 | avg=1.38 images/s | elapsed=0.1 min
[Image Processor] Progress 10/929 (1.1%) | success=10 error=0 | avg=1.53 images/s | elapsed=0.1 min
[Image Processor] Progress 25/929 (2.7%) | success=25 error=0 | avg=3.63 images/s | elapsed=0.1 min
[Image Processor] Progress 50/929 (5.4%) | success=50 error=0 | avg=3.94 images/s | elapsed=0.2 min
[Image Processor] Progress 75/929 (8.1%) | success=75 error=0 | avg=4.72 images/s | elapsed=0.3 min
[Image Processor] Progress 100/929 (10.8%) | success=100 error=0 | avg=5.45 images/s | elapsed=0.3 min
[Image Processor] Progress 125/929 (13.5%) | success=125 error=0 | avg=6.23 images/s | elapsed=0.3 min
[Image Processor] Progress 150/929 (16.1%) | success=150 error=0 | avg=6.72 images/s | elapsed=0.4 min
[Image Processor] Progress 175/929 (18.8%) | success=175 error=0 | avg=7.18 images/s | elapsed=0.4 min
[Image Processor] Progress 200/929 (21.5%) | success=200 error=0 | avg=7.21 images/s | elapsed=0.5 min
[Image Processor] Progress 225/929 (24.2%) | success=225 error=0 | avg=7.15 images/s | elapsed=0.5 min
[Image Processor] Progress 250/929 (26.9%) | success=250 error=0 | avg=7.40 images/s | elapsed=0.6 min
[Image Processor] Progress 275/929 (29.6%) | success=275 error=0 | avg=7.56 images/s | elapsed=0.6 min
[Image Processor] Progress 300/929 (32.3%) | success=300 error=0 | avg=7.92 images/s | elapsed=0.6 min
[Image Processor] Progress 325/929 (35.0%) | success=325 error=0 | avg=8.12 images/s | elapsed=0.7 min
[Image Processor] Progress 350/929 (37.7%) | success=350 error=0 | avg=8.43 images/s | elapsed=0.7 min
[Image Processor] Progress 375/929 (40.4%) | success=375 error=0 | avg=8.66 images/s | elapsed=0.7 min
[Image Processor] Progress 400/929 (43.1%) | success=400 error=0 | avg=8.90 images/s | elapsed=0.7 min
[Image Processor] Progress 425/929 (45.7%) | success=425 error=0 | avg=9.10 images/s | elapsed=0.8 min
[Image Processor] Progress 450/929 (48.4%) | success=450 error=0 | avg=9.33 images/s | elapsed=0.8 min
[Image Processor] Progress 475/929 (51.1%) | success=475 error=0 | avg=9.53 images/s | elapsed=0.8 min
[Image Processor] Progress 500/929 (53.8%) | success=500 error=0 | avg=9.72 images/s | elapsed=0.9 min
[Image Processor] Progress 525/929 (56.5%) | success=525 error=0 | avg=9.91 images/s | elapsed=0.9 min
[Image Processor] Progress 550/929 (59.2%) | success=550 error=0 | avg=10.03 images/s | elapsed=0.9 min
[Image Processor] Progress 575/929 (61.9%) | success=575 error=0 | avg=10.21 images/s | elapsed=0.9 min
[Image Processor] Progress 600/929 (64.6%) | success=600 error=0 | avg=10.39 images/s | elapsed=1.0 min
[Image Processor] Progress 625/929 (67.3%) | success=625 error=0 | avg=10.52 images/s | elapsed=1.0 min
[Image Processor] Progress 650/929 (70.0%) | success=650 error=0 | avg=10.69 images/s | elapsed=1.0 min
[Image Processor] Progress 675/929 (72.7%) | success=675 error=0 | avg=10.84 images/s | elapsed=1.0 min
[Image Processor] Progress 700/929 (75.3%) | success=700 error=0 | avg=10.93 images/s | elapsed=1.1 min
[Image Processor] Progress 725/929 (78.0%) | success=725 error=0 | avg=11.05 images/s | elapsed=1.1 min
[Image Processor] Progress 750/929 (80.7%) | success=750 error=0 | avg=11.30 images/s | elapsed=1.1 min
[Image Processor] Progress 775/929 (83.4%) | success=775 error=0 | avg=11.52 images/s | elapsed=1.1 min
[Image Processor] Progress 800/929 (86.1%) | success=800 error=0 | avg=11.41 images/s | elapsed=1.2 min
[Image Processor] Progress 825/929 (88.8%) | success=825 error=0 | avg=11.63 images/s | elapsed=1.2 min
[Image Processor] Progress 850/929 (91.5%) | success=850 error=0 | avg=11.75 images/s | elapsed=1.2 min
[Image Processor] Progress 875/929 (94.2%) | success=875 error=0 | avg=11.92 images/s | elapsed=1.2 min
[Image Processor] Progress 900/929 (96.9%) | success=900 error=0 | avg=12.19 images/s | elapsed=1.2 min
[Image Processor] Progress 925/929 (99.6%) | success=925 error=0 | avg=12.00 images/s | elapsed=1.3 min
[Image Processor] ERROR 929/929 | L_2005092EN.01000101_image_002.jpg | ValueError('Image model did not return parseable JSON. Raw output preview: \'{   "description": "This image shows a page from an EU official document, specifically a template for an \\\'Animal health attestation\\\' for fresh poultrymeat. The document is structured with numbered sections and notes. Section 9 details certification requirements, including origin from an authorized country/region, compliance with animal health conditions, and derivation from poultry slaughtered and processed on or after a specified date. Section 10 is for the \\\'Official stamp and signature,\\\' featu\'')
[Image Processor] Progress 929/929 (100.0%) | success=928 error=1 | avg=3.26 images/s | elapsed=4.8 min
[Image Processor] Visual descriptions complete | images=929 | success=928 error=1 | avg=3.26 images/s | elapsed=4.8 min
[Image Processor] Writing image artifacts | records=929 | destination=eu_legislation/batch_0012/image_index
[Image Processor] Embedding 928 successful descriptions with all-MiniLM-L6-v2...
[Image Processor] FAISS index written | vectors=928 | dimension=384
[Image Processor] Artifacts complete | indexed=928 | errors=1
{'records': 929, 'indexed': 928, 'errors': 1, 'destination': 'eu_legislation/batch_0012/image_index'}
[Image Processor] NIM endpoint: http://127.0.0.1:8000/v1
[Image Processor] Vision model: nvidia/nemotron-3-nano-omni-30b-a3b-reasoning
[Image Processor] Concurrency=64 | target_rps=30
[Image Processor] Loading embedding model: all-MiniLM-L6-v2
Warning: You are sending unauthenticated requests to the HF Hub. Please set a HF_TOKEN to enable higher rate limits and faster downloads.
Loading weights:   0%|          | 0/103 [00:00<?, ?it/s]Loading weights: 100%|██████████| 103/103 [00:00<00:00, 6937.52it/s]
[Image Processor] Embedding model ready.
[Image Processor] Loading image manifests from eu_legislation/batch_0013/image_store
[Image Processor] Eligible image assets loaded: 278
[Image Processor] Starting visual descriptions | images=278 | max_concurrency=64 | target_rps=30
[Image Processor] Progress 1/278 (0.4%) | success=1 error=0 | avg=0.19 images/s | elapsed=0.1 min
[Image Processor] Progress 2/278 (0.7%) | success=2 error=0 | avg=0.37 images/s | elapsed=0.1 min
[Image Processor] Progress 3/278 (1.1%) | success=3 error=0 | avg=0.55 images/s | elapsed=0.1 min
[Image Processor] Progress 4/278 (1.4%) | success=4 error=0 | avg=0.71 images/s | elapsed=0.1 min
[Image Processor] Progress 5/278 (1.8%) | success=5 error=0 | avg=0.88 images/s | elapsed=0.1 min
[Image Processor] Progress 6/278 (2.2%) | success=6 error=0 | avg=1.02 images/s | elapsed=0.1 min
[Image Processor] Progress 7/278 (2.5%) | success=7 error=0 | avg=1.19 images/s | elapsed=0.1 min
[Image Processor] Progress 8/278 (2.9%) | success=8 error=0 | avg=1.22 images/s | elapsed=0.1 min
[Image Processor] Progress 9/278 (3.2%) | success=9 error=0 | avg=1.37 images/s | elapsed=0.1 min
[Image Processor] Progress 10/278 (3.6%) | success=10 error=0 | avg=1.51 images/s | elapsed=0.1 min
[Image Processor] Progress 25/278 (9.0%) | success=25 error=0 | avg=2.71 images/s | elapsed=0.2 min
[Image Processor] Progress 50/278 (18.0%) | success=50 error=0 | avg=3.96 images/s | elapsed=0.2 min
[Image Processor] Progress 75/278 (27.0%) | success=75 error=0 | avg=4.75 images/s | elapsed=0.3 min
[Image Processor] Progress 100/278 (36.0%) | success=100 error=0 | avg=4.42 images/s | elapsed=0.4 min
[Image Processor] Progress 125/278 (45.0%) | success=125 error=0 | avg=4.86 images/s | elapsed=0.4 min
[Image Processor] Progress 150/278 (54.0%) | success=150 error=0 | avg=5.20 images/s | elapsed=0.5 min
[Image Processor] Progress 175/278 (62.9%) | success=175 error=0 | avg=5.41 images/s | elapsed=0.5 min
[Image Processor] Progress 200/278 (71.9%) | success=200 error=0 | avg=5.63 images/s | elapsed=0.6 min
[Image Processor] Progress 225/278 (80.9%) | success=225 error=0 | avg=5.89 images/s | elapsed=0.6 min
[Image Processor] Progress 250/278 (89.9%) | success=250 error=0 | avg=6.35 images/s | elapsed=0.7 min
[Image Processor] Progress 275/278 (98.9%) | success=275 error=0 | avg=2.06 images/s | elapsed=2.2 min
[Image Processor] ERROR 278/278 | L_2019315EN.01010201_image_003.jpg | ValueError('Image model did not return parseable JSON. Raw output preview: \'{   "description": "This is a technical drawing of an EU energy label for appliances. The label features the blue \\\'ENERG\\\' logo with the EU flag, a QR code, and a vertical energy efficiency scale from A (green) to G (red). It includes dimensions for the label (96 mm width, 192 mm height), the energy rating bar (23 mm wide, 76.5 mm tall), and icons for cooling (snowflake), heating (bottle), and noise level (speaker). Text fields for \\\'SUPPLIER\\\'S NAME\\\' and \\\'MODEL IDENTIFIER\\\' are present, along with \'')
[Image Processor] Progress 278/278 (100.0%) | success=277 error=1 | avg=1.10 images/s | elapsed=4.2 min
[Image Processor] Visual descriptions complete | images=278 | success=277 error=1 | avg=1.10 images/s | elapsed=4.2 min
[Image Processor] Writing image artifacts | records=278 | destination=eu_legislation/batch_0013/image_index
[Image Processor] Embedding 277 successful descriptions with all-MiniLM-L6-v2...
[Image Processor] FAISS index written | vectors=277 | dimension=384
[Image Processor] Artifacts complete | indexed=277 | errors=1
{'records': 278, 'indexed': 277, 'errors': 1, 'destination': 'eu_legislation/batch_0013/image_index'}
[Image Processor] NIM endpoint: http://127.0.0.1:8000/v1
[Image Processor] Vision model: nvidia/nemotron-3-nano-omni-30b-a3b-reasoning
[Image Processor] Concurrency=64 | target_rps=30
[Image Processor] Loading embedding model: all-MiniLM-L6-v2
Warning: You are sending unauthenticated requests to the HF Hub. Please set a HF_TOKEN to enable higher rate limits and faster downloads.
Loading weights:   0%|          | 0/103 [00:00<?, ?it/s]Loading weights: 100%|██████████| 103/103 [00:00<00:00, 6813.88it/s]
[Image Processor] Embedding model ready.
[Image Processor] Loading image manifests from eu_legislation/batch_0014/image_store
[Image Processor] Eligible image assets loaded: 128
[Image Processor] Starting visual descriptions | images=128 | max_concurrency=64 | target_rps=30
[Image Processor] Progress 1/128 (0.8%) | success=1 error=0 | avg=0.71 images/s | elapsed=0.0 min
[Image Processor] Progress 2/128 (1.6%) | success=2 error=0 | avg=1.22 images/s | elapsed=0.0 min
[Image Processor] Progress 3/128 (2.3%) | success=3 error=0 | avg=1.81 images/s | elapsed=0.0 min
[Image Processor] Progress 4/128 (3.1%) | success=4 error=0 | avg=0.46 images/s | elapsed=0.1 min
[Image Processor] Progress 5/128 (3.9%) | success=5 error=0 | avg=0.48 images/s | elapsed=0.2 min
[Image Processor] Progress 6/128 (4.7%) | success=6 error=0 | avg=0.50 images/s | elapsed=0.2 min
[Image Processor] Progress 7/128 (5.5%) | success=7 error=0 | avg=0.55 images/s | elapsed=0.2 min
[Image Processor] Progress 8/128 (6.2%) | success=8 error=0 | avg=0.58 images/s | elapsed=0.2 min
[Image Processor] Progress 9/128 (7.0%) | success=9 error=0 | avg=0.48 images/s | elapsed=0.3 min
[Image Processor] Progress 10/128 (7.8%) | success=10 error=0 | avg=0.35 images/s | elapsed=0.5 min
[Image Processor] Progress 25/128 (19.5%) | success=25 error=0 | avg=0.53 images/s | elapsed=0.8 min
[Image Processor] Progress 50/128 (39.1%) | success=50 error=0 | avg=0.99 images/s | elapsed=0.8 min
[Image Processor] Progress 75/128 (58.6%) | success=75 error=0 | avg=1.36 images/s | elapsed=0.9 min
[Image Processor] Progress 100/128 (78.1%) | success=100 error=0 | avg=1.73 images/s | elapsed=1.0 min
[Image Processor] Progress 125/128 (97.7%) | success=125 error=0 | avg=1.98 images/s | elapsed=1.1 min
[Image Processor] Progress 128/128 (100.0%) | success=128 error=0 | avg=2.01 images/s | elapsed=1.1 min
[Image Processor] Visual descriptions complete | images=128 | success=128 error=0 | avg=2.01 images/s | elapsed=1.1 min
[Image Processor] Writing image artifacts | records=128 | destination=eu_legislation/batch_0014/image_index
[Image Processor] Embedding 128 successful descriptions with all-MiniLM-L6-v2...
[Image Processor] FAISS index written | vectors=128 | dimension=384
[Image Processor] Artifacts complete | indexed=128 | errors=0
{'records': 128, 'indexed': 128, 'errors': 0, 'destination': 'eu_legislation/batch_0014/image_index'}
[Image Processor] NIM endpoint: http://127.0.0.1:8000/v1
[Image Processor] Vision model: nvidia/nemotron-3-nano-omni-30b-a3b-reasoning
[Image Processor] Concurrency=64 | target_rps=30
[Image Processor] Loading embedding model: all-MiniLM-L6-v2
Warning: You are sending unauthenticated requests to the HF Hub. Please set a HF_TOKEN to enable higher rate limits and faster downloads.
Loading weights:   0%|          | 0/103 [00:00<?, ?it/s]Loading weights: 100%|██████████| 103/103 [00:00<00:00, 6518.59it/s]
[Image Processor] Embedding model ready.
[Image Processor] Loading image manifests from eu_legislation/batch_0015/image_store
[Image Processor] Eligible image assets loaded: 137
[Image Processor] Starting visual descriptions | images=137 | max_concurrency=64 | target_rps=30
[Image Processor] Progress 1/137 (0.7%) | success=1 error=0 | avg=0.40 images/s | elapsed=0.0 min
[Image Processor] Progress 2/137 (1.5%) | success=2 error=0 | avg=0.79 images/s | elapsed=0.0 min
[Image Processor] Progress 3/137 (2.2%) | success=3 error=0 | avg=1.15 images/s | elapsed=0.0 min
[Image Processor] Progress 4/137 (2.9%) | success=4 error=0 | avg=1.49 images/s | elapsed=0.0 min
[Image Processor] Progress 5/137 (3.6%) | success=5 error=0 | avg=1.83 images/s | elapsed=0.0 min
[Image Processor] Progress 6/137 (4.4%) | success=6 error=0 | avg=2.13 images/s | elapsed=0.0 min
[Image Processor] Progress 7/137 (5.1%) | success=7 error=0 | avg=1.70 images/s | elapsed=0.1 min
[Image Processor] Progress 8/137 (5.8%) | success=8 error=0 | avg=1.62 images/s | elapsed=0.1 min
[Image Processor] Progress 9/137 (6.6%) | success=9 error=0 | avg=1.75 images/s | elapsed=0.1 min
[Image Processor] Progress 10/137 (7.3%) | success=10 error=0 | avg=1.88 images/s | elapsed=0.1 min
[Image Processor] Progress 25/137 (18.2%) | success=25 error=0 | avg=2.88 images/s | elapsed=0.1 min
[Image Processor] Progress 50/137 (36.5%) | success=50 error=0 | avg=1.31 images/s | elapsed=0.6 min
[Image Processor] Progress 75/137 (54.7%) | success=75 error=0 | avg=1.58 images/s | elapsed=0.8 min
[Image Processor] Progress 100/137 (73.0%) | success=100 error=0 | avg=1.83 images/s | elapsed=0.9 min
[Image Processor] Progress 125/137 (91.2%) | success=125 error=0 | avg=2.18 images/s | elapsed=1.0 min
[Image Processor] Progress 137/137 (100.0%) | success=137 error=0 | avg=1.59 images/s | elapsed=1.4 min
[Image Processor] Visual descriptions complete | images=137 | success=137 error=0 | avg=1.59 images/s | elapsed=1.4 min
[Image Processor] Writing image artifacts | records=137 | destination=eu_legislation/batch_0015/image_index
[Image Processor] Embedding 137 successful descriptions with all-MiniLM-L6-v2...
[Image Processor] FAISS index written | vectors=137 | dimension=384
[Image Processor] Artifacts complete | indexed=137 | errors=0
{'records': 137, 'indexed': 137, 'errors': 0, 'destination': 'eu_legislation/batch_0015/image_index'}
[Image Processor] NIM endpoint: http://127.0.0.1:8000/v1
[Image Processor] Vision model: nvidia/nemotron-3-nano-omni-30b-a3b-reasoning
[Image Processor] Concurrency=64 | target_rps=30
[Image Processor] Loading embedding model: all-MiniLM-L6-v2
Warning: You are sending unauthenticated requests to the HF Hub. Please set a HF_TOKEN to enable higher rate limits and faster downloads.
Loading weights:   0%|          | 0/103 [00:00<?, ?it/s]Loading weights: 100%|██████████| 103/103 [00:00<00:00, 6765.22it/s]
[Image Processor] Embedding model ready.
[Image Processor] Loading image manifests from eu_legislation/batch_0016/image_store
[Image Processor] Eligible image assets loaded: 449
[Image Processor] Starting visual descriptions | images=449 | max_concurrency=64 | target_rps=30
[Image Processor] Progress 1/449 (0.2%) | success=1 error=0 | avg=0.28 images/s | elapsed=0.1 min
[Image Processor] Progress 2/449 (0.4%) | success=2 error=0 | avg=0.53 images/s | elapsed=0.1 min
[Image Processor] Progress 3/449 (0.7%) | success=3 error=0 | avg=0.78 images/s | elapsed=0.1 min
[Image Processor] Progress 4/449 (0.9%) | success=4 error=0 | avg=1.04 images/s | elapsed=0.1 min
[Image Processor] Progress 5/449 (1.1%) | success=5 error=0 | avg=1.31 images/s | elapsed=0.1 min
[Image Processor] Progress 6/449 (1.3%) | success=6 error=0 | avg=1.56 images/s | elapsed=0.1 min
[Image Processor] Progress 7/449 (1.6%) | success=7 error=0 | avg=1.80 images/s | elapsed=0.1 min
[Image Processor] Progress 8/449 (1.8%) | success=8 error=0 | avg=2.06 images/s | elapsed=0.1 min
[Image Processor] Progress 9/449 (2.0%) | success=9 error=0 | avg=2.25 images/s | elapsed=0.1 min
[Image Processor] Progress 10/449 (2.2%) | success=10 error=0 | avg=2.50 images/s | elapsed=0.1 min
[Image Processor] Progress 25/449 (5.6%) | success=25 error=0 | avg=5.37 images/s | elapsed=0.1 min
[Image Processor] Progress 50/449 (11.1%) | success=50 error=0 | avg=8.00 images/s | elapsed=0.1 min
[Image Processor] Progress 75/449 (16.7%) | success=75 error=0 | avg=9.07 images/s | elapsed=0.1 min
[Image Processor] Progress 100/449 (22.3%) | success=100 error=0 | avg=10.68 images/s | elapsed=0.2 min
[Image Processor] Progress 125/449 (27.8%) | success=125 error=0 | avg=12.51 images/s | elapsed=0.2 min
[Image Processor] Progress 150/449 (33.4%) | success=150 error=0 | avg=10.71 images/s | elapsed=0.2 min
[Image Processor] Progress 175/449 (39.0%) | success=175 error=0 | avg=10.90 images/s | elapsed=0.3 min
[Image Processor] Progress 200/449 (44.5%) | success=200 error=0 | avg=11.33 images/s | elapsed=0.3 min
[Image Processor] Progress 225/449 (50.1%) | success=225 error=0 | avg=11.65 images/s | elapsed=0.3 min
[Image Processor] Progress 250/449 (55.7%) | success=250 error=0 | avg=11.44 images/s | elapsed=0.4 min
[Image Processor] Progress 275/449 (61.2%) | success=275 error=0 | avg=11.19 images/s | elapsed=0.4 min
[Image Processor] Progress 300/449 (66.8%) | success=300 error=0 | avg=10.41 images/s | elapsed=0.5 min
[Image Processor] Progress 325/449 (72.4%) | success=325 error=0 | avg=10.62 images/s | elapsed=0.5 min
[Image Processor] Progress 350/449 (78.0%) | success=350 error=0 | avg=10.41 images/s | elapsed=0.6 min
[Image Processor] Progress 375/449 (83.5%) | success=375 error=0 | avg=10.46 images/s | elapsed=0.6 min
[Image Processor] Progress 400/449 (89.1%) | success=400 error=0 | avg=10.54 images/s | elapsed=0.6 min
[Image Processor] Progress 425/449 (94.7%) | success=425 error=0 | avg=10.85 images/s | elapsed=0.7 min
[Image Processor] ERROR 449/449 | L_2005252EN.01000801_image_001.jpg | ValueError('Image model did not return parseable JSON. Raw output preview: \'{   "description": "A detailed, multi-column paper form for recording fishing trip data, titled \\\'Capturas (Catches)\\\'. The form is structured with numerous fields for vessel information (name, country, registration, owner, address), voyage details (departure/return dates, days at sea, fishing days), and catch statistics. The main section lists various fish species (e.g., Bluefin tuna, Yellowfin tuna, Albacore, Swordfish, Skipjack, Sailfish, Black marlin, Striped marlin, White marlin, Tetrapturus \'')
[Image Processor] Progress 449/449 (100.0%) | success=448 error=1 | avg=1.52 images/s | elapsed=4.9 min
[Image Processor] Visual descriptions complete | images=449 | success=448 error=1 | avg=1.52 images/s | elapsed=4.9 min
[Image Processor] Writing image artifacts | records=449 | destination=eu_legislation/batch_0016/image_index
[Image Processor] Embedding 448 successful descriptions with all-MiniLM-L6-v2...
[Image Processor] FAISS index written | vectors=448 | dimension=384
[Image Processor] Artifacts complete | indexed=448 | errors=1
{'records': 449, 'indexed': 448, 'errors': 1, 'destination': 'eu_legislation/batch_0016/image_index'}
[Image Processor] NIM endpoint: http://127.0.0.1:8000/v1
[Image Processor] Vision model: nvidia/nemotron-3-nano-omni-30b-a3b-reasoning
[Image Processor] Concurrency=64 | target_rps=30
[Image Processor] Loading embedding model: all-MiniLM-L6-v2
Warning: You are sending unauthenticated requests to the HF Hub. Please set a HF_TOKEN to enable higher rate limits and faster downloads.
Loading weights:   0%|          | 0/103 [00:00<?, ?it/s]Loading weights: 100%|██████████| 103/103 [00:00<00:00, 7978.97it/s]
[Image Processor] Embedding model ready.
[Image Processor] Loading image manifests from eu_legislation/batch_0017/image_store
[Image Processor] Eligible image assets loaded: 226
[Image Processor] Starting visual descriptions | images=226 | max_concurrency=64 | target_rps=30
[Image Processor] Progress 1/226 (0.4%) | success=1 error=0 | avg=0.50 images/s | elapsed=0.0 min
[Image Processor] Progress 2/226 (0.9%) | success=2 error=0 | avg=0.75 images/s | elapsed=0.0 min
[Image Processor] Progress 3/226 (1.3%) | success=3 error=0 | avg=1.01 images/s | elapsed=0.0 min
[Image Processor] Progress 4/226 (1.8%) | success=4 error=0 | avg=1.24 images/s | elapsed=0.1 min
[Image Processor] Progress 5/226 (2.2%) | success=5 error=0 | avg=1.45 images/s | elapsed=0.1 min
[Image Processor] Progress 6/226 (2.7%) | success=6 error=0 | avg=1.63 images/s | elapsed=0.1 min
[Image Processor] Progress 7/226 (3.1%) | success=7 error=0 | avg=1.80 images/s | elapsed=0.1 min
[Image Processor] Progress 8/226 (3.5%) | success=8 error=0 | avg=1.94 images/s | elapsed=0.1 min
[Image Processor] Progress 9/226 (4.0%) | success=9 error=0 | avg=1.97 images/s | elapsed=0.1 min
[Image Processor] Progress 10/226 (4.4%) | success=10 error=0 | avg=2.08 images/s | elapsed=0.1 min
[Image Processor] Progress 25/226 (11.1%) | success=25 error=0 | avg=2.87 images/s | elapsed=0.1 min
[Image Processor] Progress 50/226 (22.1%) | success=50 error=0 | avg=3.54 images/s | elapsed=0.2 min
[Image Processor] Progress 75/226 (33.2%) | success=75 error=0 | avg=4.73 images/s | elapsed=0.3 min
[Image Processor] Progress 100/226 (44.2%) | success=100 error=0 | avg=5.60 images/s | elapsed=0.3 min
[Image Processor] Progress 125/226 (55.3%) | success=125 error=0 | avg=6.23 images/s | elapsed=0.3 min
[Image Processor] Progress 150/226 (66.4%) | success=150 error=0 | avg=6.39 images/s | elapsed=0.4 min
[Image Processor] Progress 175/226 (77.4%) | success=175 error=0 | avg=6.71 images/s | elapsed=0.4 min
[Image Processor] Progress 200/226 (88.5%) | success=200 error=0 | avg=7.10 images/s | elapsed=0.5 min
[Image Processor] Progress 225/226 (99.6%) | success=225 error=0 | avg=6.57 images/s | elapsed=0.6 min
[Image Processor] ERROR 226/226 | L_2014258EN.01001101_image_012.jpg | ValueError('Image model did not return parseable JSON. Raw output preview: \'{   "description": "A financial reporting form titled \\\'TLTRO reporting\\\' for \\\'Loans to non-financial corporations and households, excluding loans to households for house purchase (EUR thousands)\\\'. The document contains a table with two main data columns: \\\'Loans to non-financial corporations\\\' and \\\'Loans to households (including non-profit institutions serving households), excluding loans for house purchase\\\'. The table is structured with \\\'Main aggregates\\\' (rows 1-4) and \\\'Underlying items\\\' (rows 1.1\'')
[Image Processor] Progress 226/226 (100.0%) | success=225 error=1 | avg=1.06 images/s | elapsed=3.6 min
[Image Processor] Visual descriptions complete | images=226 | success=225 error=1 | avg=1.06 images/s | elapsed=3.6 min
[Image Processor] Writing image artifacts | records=226 | destination=eu_legislation/batch_0017/image_index
[Image Processor] Embedding 225 successful descriptions with all-MiniLM-L6-v2...
[Image Processor] FAISS index written | vectors=225 | dimension=384
[Image Processor] Artifacts complete | indexed=225 | errors=1
{'records': 226, 'indexed': 225, 'errors': 1, 'destination': 'eu_legislation/batch_0017/image_index'}
[Image Processor] NIM endpoint: http://127.0.0.1:8000/v1
[Image Processor] Vision model: nvidia/nemotron-3-nano-omni-30b-a3b-reasoning
[Image Processor] Concurrency=64 | target_rps=30
[Image Processor] Loading embedding model: all-MiniLM-L6-v2
Warning: You are sending unauthenticated requests to the HF Hub. Please set a HF_TOKEN to enable higher rate limits and faster downloads.
Loading weights:   0%|          | 0/103 [00:00<?, ?it/s]Loading weights: 100%|██████████| 103/103 [00:00<00:00, 7077.08it/s]
[Image Processor] Embedding model ready.
[Image Processor] Loading image manifests from eu_legislation/batch_0018/image_store
[Image Processor] Eligible image assets loaded: 144
[Image Processor] Starting visual descriptions | images=144 | max_concurrency=64 | target_rps=30
[Image Processor] Progress 1/144 (0.7%) | success=1 error=0 | avg=0.23 images/s | elapsed=0.1 min
[Image Processor] Progress 2/144 (1.4%) | success=2 error=0 | avg=0.44 images/s | elapsed=0.1 min
[Image Processor] Progress 3/144 (2.1%) | success=3 error=0 | avg=0.66 images/s | elapsed=0.1 min
[Image Processor] Progress 4/144 (2.8%) | success=4 error=0 | avg=0.87 images/s | elapsed=0.1 min
[Image Processor] Progress 5/144 (3.5%) | success=5 error=0 | avg=1.00 images/s | elapsed=0.1 min
[Image Processor] Progress 6/144 (4.2%) | success=6 error=0 | avg=1.19 images/s | elapsed=0.1 min
[Image Processor] Progress 7/144 (4.9%) | success=7 error=0 | avg=1.39 images/s | elapsed=0.1 min
[Image Processor] Progress 8/144 (5.6%) | success=8 error=0 | avg=1.57 images/s | elapsed=0.1 min
[Image Processor] Progress 9/144 (6.2%) | success=9 error=0 | avg=1.70 images/s | elapsed=0.1 min
[Image Processor] Progress 10/144 (6.9%) | success=10 error=0 | avg=1.89 images/s | elapsed=0.1 min
[Image Processor] Progress 25/144 (17.4%) | success=25 error=0 | avg=3.87 images/s | elapsed=0.1 min
[Image Processor] Progress 50/144 (34.7%) | success=50 error=0 | avg=5.94 images/s | elapsed=0.1 min
[Image Processor] Progress 75/144 (52.1%) | success=75 error=0 | avg=7.17 images/s | elapsed=0.2 min
[Image Processor] Progress 100/144 (69.4%) | success=100 error=0 | avg=7.91 images/s | elapsed=0.2 min
[Image Processor] Progress 125/144 (86.8%) | success=125 error=0 | avg=8.13 images/s | elapsed=0.3 min
[Image Processor] ERROR 144/144 | L_2006322EN.01002401_image_003.jpg | ValueError('Image model did not return parseable JSON. Raw output preview: \'{   "description": "A table with three columns and multiple rows. The first column header is \\\'Overige PCB\\\'s (µg/kg of ppb)\\\' with a sub-header \\\'Informatie over analysemethode, erkenning en onzekerheid: alleen vermelden als anders dan bij PCB-6\\\'. The second column header is \\\'PCB-congeneren\\\' with multiple rows listing \\\'PCB-\\\'. The third column header is \\\'Resultaten\\\' with sub-headers \\\'LOQ\\\'. The table is empty except for the repeated \\\'PCB-\\\' entries in the second column.",   "image_type": "diagram",   \'')
[Image Processor] Progress 144/144 (100.0%) | success=143 error=1 | avg=0.69 images/s | elapsed=3.5 min
[Image Processor] Visual descriptions complete | images=144 | success=143 error=1 | avg=0.69 images/s | elapsed=3.5 min
[Image Processor] Writing image artifacts | records=144 | destination=eu_legislation/batch_0018/image_index
[Image Processor] Embedding 143 successful descriptions with all-MiniLM-L6-v2...
[Image Processor] FAISS index written | vectors=143 | dimension=384
[Image Processor] Artifacts complete | indexed=143 | errors=1
{'records': 144, 'indexed': 143, 'errors': 1, 'destination': 'eu_legislation/batch_0018/image_index'}
[Image Processor] NIM endpoint: http://127.0.0.1:8000/v1
[Image Processor] Vision model: nvidia/nemotron-3-nano-omni-30b-a3b-reasoning
[Image Processor] Concurrency=64 | target_rps=30
[Image Processor] Loading embedding model: all-MiniLM-L6-v2
Warning: You are sending unauthenticated requests to the HF Hub. Please set a HF_TOKEN to enable higher rate limits and faster downloads.
Loading weights:   0%|          | 0/103 [00:00<?, ?it/s]Loading weights: 100%|██████████| 103/103 [00:00<00:00, 6957.41it/s]
[Image Processor] Embedding model ready.
[Image Processor] Loading image manifests from eu_legislation/batch_0019/image_store
[Image Processor] Eligible image assets loaded: 169
[Image Processor] Starting visual descriptions | images=169 | max_concurrency=64 | target_rps=30
[Image Processor] Progress 1/169 (0.6%) | success=1 error=0 | avg=0.32 images/s | elapsed=0.1 min
[Image Processor] Progress 2/169 (1.2%) | success=2 error=0 | avg=0.61 images/s | elapsed=0.1 min
[Image Processor] Progress 3/169 (1.8%) | success=3 error=0 | avg=0.91 images/s | elapsed=0.1 min
[Image Processor] Progress 4/169 (2.4%) | success=4 error=0 | avg=1.21 images/s | elapsed=0.1 min
[Image Processor] Progress 5/169 (3.0%) | success=5 error=0 | avg=1.50 images/s | elapsed=0.1 min
[Image Processor] Progress 6/169 (3.6%) | success=6 error=0 | avg=1.80 images/s | elapsed=0.1 min
[Image Processor] Progress 7/169 (4.1%) | success=7 error=0 | avg=2.10 images/s | elapsed=0.1 min
[Image Processor] Progress 8/169 (4.7%) | success=8 error=0 | avg=2.39 images/s | elapsed=0.1 min
[Image Processor] Progress 9/169 (5.3%) | success=9 error=0 | avg=2.59 images/s | elapsed=0.1 min
[Image Processor] Progress 10/169 (5.9%) | success=10 error=0 | avg=2.87 images/s | elapsed=0.1 min
[Image Processor] Progress 25/169 (14.8%) | success=25 error=0 | avg=5.28 images/s | elapsed=0.1 min
[Image Processor] Progress 50/169 (29.6%) | success=50 error=0 | avg=8.04 images/s | elapsed=0.1 min
[Image Processor] Progress 75/169 (44.4%) | success=75 error=0 | avg=8.76 images/s | elapsed=0.1 min
[Image Processor] Progress 100/169 (59.2%) | success=100 error=0 | avg=8.87 images/s | elapsed=0.2 min
[Image Processor] Progress 125/169 (74.0%) | success=125 error=0 | avg=9.27 images/s | elapsed=0.2 min
[Image Processor] Progress 150/169 (88.8%) | success=150 error=0 | avg=8.60 images/s | elapsed=0.3 min
[Image Processor] ERROR 166/169 | L_2019009EN.01000201_image_001.jpg | ValueError('Image model did not return parseable JSON. Raw output preview: \'{   "description": "A circular label with \\\'SO₂\\\' in the center, surrounded by concentric rings containing the word \\\'allergen\\\' in multiple languages, including English, Greek, and others, arranged in a circular pattern.",   "image_type": "illustration",   "legible_text": "SO₂ ALLERGEN ALLERGEN ALLERGEN ALLERGEN ALLERGEN ALLERGEN ALLERGEN ALLERGEN ALLERGEN ALLERGEN ALLERGEN ALLERGEN ALLERGEN ALLERGEN ALLERGEN ALLERGEN ALLERGEN ALLERGEN ALLERGEN ALLERGEN ALLERGEN ALLERGEN ALLERGEN ALLERGEN ALLERGEN \'')
[Image Processor] ERROR 167/169 | L_2019009EN.01000201_image_002.jpg | ValueError('Image model did not return parseable JSON. Raw output preview: \'{   "description": "A circular EU allergen symbol featuring two eggs (one dark, one light) above a horizontal line, with \\\'SO₂\\\' below it. The outer ring contains the word \\\'ALLERGEN\\\' repeated in multiple languages (e.g., \\\'ALERGEN\\\', \\\'ALLERGEN\\\', \\\'ALLERGEN\\\', \\\'ALLERGEN\\\', \\\'ALLERGEN\\\', \\\'ALLERGEN\\\', \\\'ALLERGEN\\\', \\\'ALLERGEN\\\', \\\'ALLERGEN\\\', \\\'ALLERGEN\\\', \\\'ALLERGEN\\\', \\\'ALLERGEN\\\', \\\'ALLERGEN\\\', \\\'ALLERGEN\\\', \\\'ALLERGEN\\\', \\\'ALLERGEN\\\', \\\'ALLERGEN\\\', \\\'ALLERGEN\\\', \\\'ALLERGEN\\\', \\\'ALLERGEN\\\', \\\'ALLERGEN\\\', \\\'ALLERGEN\\\', \\\'ALLERGEN\\\', \\\'ALLER\'')
[Image Processor] ERROR 168/169 | L_2019009EN.01000201_image_003.jpg | ValueError('Image model did not return parseable JSON. Raw output preview: \'{   "description": "A circular warning label with \\\'ALLERGEN\\\' repeated in multiple languages around the perimeter. The center features a horizontal line dividing the circle. Above the line is a black-and-white illustration of two cylindrical containers and a glass. Below the line is the chemical formula \\\'SO2\\\'.",   "image_type": "illustration",   "legible_text": "ALLERGEN ALLERGEN ALLERGEN ALLERGEN ALLERGEN ALLERGEN ALLERGEN ALLERGEN ALLERGEN ALLERGEN ALLERGEN ALLERGEN ALLERGEN ALLERGEN ALLERGEN A\'')
[Image Processor] ERROR 169/169 | L_2019009EN.01000201_image_004.jpg | ValueError('Image model did not return parseable JSON. Raw output preview: \'{   "description": "A circular label with concentric rings of text in multiple languages surrounding a central image. The inner circle contains a black sphere, a white sphere, and three white cylindrical containers. Below the image, \\\'SO2\\\' is prominently displayed. The outer ring contains the word \\\'ALLERGEN\\\' repeated in various languages, including \\\'ALLERGEN\\\', \\\'ALLERGEN\\\', \\\'ALLERGEN\\\', \\\'ALLERGEN\\\', \\\'ALLERGEN\\\', \\\'ALLERGEN\\\', \\\'ALLERGEN\\\', \\\'ALLERGEN\\\', \\\'ALLERGEN\\\', \\\'ALLERGEN\\\', \\\'ALLERGEN\\\', \\\'ALLERGEN\\\', \\\'ALLER\'')
[Image Processor] Progress 169/169 (100.0%) | success=165 error=4 | avg=0.50 images/s | elapsed=5.6 min
[Image Processor] Visual descriptions complete | images=169 | success=165 error=4 | avg=0.50 images/s | elapsed=5.6 min
[Image Processor] Writing image artifacts | records=169 | destination=eu_legislation/batch_0019/image_index
[Image Processor] Embedding 165 successful descriptions with all-MiniLM-L6-v2...
[Image Processor] FAISS index written | vectors=165 | dimension=384
[Image Processor] Artifacts complete | indexed=165 | errors=4
{'records': 169, 'indexed': 165, 'errors': 4, 'destination': 'eu_legislation/batch_0019/image_index'}
[Image Processor] NIM endpoint: http://127.0.0.1:8000/v1
[Image Processor] Vision model: nvidia/nemotron-3-nano-omni-30b-a3b-reasoning
[Image Processor] Concurrency=64 | target_rps=30
[Image Processor] Loading embedding model: all-MiniLM-L6-v2
Warning: You are sending unauthenticated requests to the HF Hub. Please set a HF_TOKEN to enable higher rate limits and faster downloads.
Loading weights:   0%|          | 0/103 [00:00<?, ?it/s]Loading weights: 100%|██████████| 103/103 [00:00<00:00, 6953.38it/s]
[Image Processor] Embedding model ready.
[Image Processor] Loading image manifests from eu_legislation/batch_0020/image_store
[Image Processor] Eligible image assets loaded: 189
[Image Processor] Starting visual descriptions | images=189 | max_concurrency=64 | target_rps=30
[Image Processor] Progress 1/189 (0.5%) | success=1 error=0 | avg=0.21 images/s | elapsed=0.1 min
[Image Processor] Progress 2/189 (1.1%) | success=2 error=0 | avg=0.41 images/s | elapsed=0.1 min
[Image Processor] Progress 3/189 (1.6%) | success=3 error=0 | avg=0.61 images/s | elapsed=0.1 min
[Image Processor] Progress 4/189 (2.1%) | success=4 error=0 | avg=0.74 images/s | elapsed=0.1 min
[Image Processor] Progress 5/189 (2.6%) | success=5 error=0 | avg=0.92 images/s | elapsed=0.1 min
[Image Processor] Progress 6/189 (3.2%) | success=6 error=0 | avg=1.11 images/s | elapsed=0.1 min
[Image Processor] Progress 7/189 (3.7%) | success=7 error=0 | avg=1.29 images/s | elapsed=0.1 min
[Image Processor] Progress 8/189 (4.2%) | success=8 error=0 | avg=1.47 images/s | elapsed=0.1 min
[Image Processor] Progress 9/189 (4.8%) | success=9 error=0 | avg=1.65 images/s | elapsed=0.1 min
[Image Processor] Progress 10/189 (5.3%) | success=10 error=0 | avg=1.83 images/s | elapsed=0.1 min
[Image Processor] Progress 25/189 (13.2%) | success=25 error=0 | avg=3.68 images/s | elapsed=0.1 min
[Image Processor] Progress 50/189 (26.5%) | success=50 error=0 | avg=5.55 images/s | elapsed=0.2 min
[Image Processor] Progress 75/189 (39.7%) | success=75 error=0 | avg=6.42 images/s | elapsed=0.2 min
[Image Processor] Progress 100/189 (52.9%) | success=100 error=0 | avg=7.56 images/s | elapsed=0.2 min
[Image Processor] Progress 125/189 (66.1%) | success=125 error=0 | avg=8.12 images/s | elapsed=0.3 min
[Image Processor] Progress 150/189 (79.4%) | success=150 error=0 | avg=9.07 images/s | elapsed=0.3 min
[Image Processor] Progress 175/189 (92.6%) | success=175 error=0 | avg=9.64 images/s | elapsed=0.3 min
[Image Processor] ERROR 189/189 | L_2022274EN.01000101_image_002.jpg | ValueError('Image model did not return parseable JSON. Raw output preview: \'{   "description": "A close-up of a printed inspection checklist form, likely from an EU vehicle or transport inspection. The document contains numbered items (27-34) related to vehicle equipment and safety checks. Section \\\'Equipment on board\\\' lists items 28-31, each with checkboxes for \\\'inspected\\\', \\\'infringement established\\\', and \\\'not applicable\\\'. Item 32 asks for the \\\'most serious risk category\\\' with options \\\'Category I\\\', \\\'Category II\\\', and \\\'Category III\\\'. Items 33 and 34 are for \\\'Remarks\\\' and\'')
[Image Processor] Progress 189/189 (100.0%) | success=188 error=1 | avg=0.84 images/s | elapsed=3.7 min
[Image Processor] Visual descriptions complete | images=189 | success=188 error=1 | avg=0.84 images/s | elapsed=3.7 min
[Image Processor] Writing image artifacts | records=189 | destination=eu_legislation/batch_0020/image_index
[Image Processor] Embedding 188 successful descriptions with all-MiniLM-L6-v2...
[Image Processor] FAISS index written | vectors=188 | dimension=384
[Image Processor] Artifacts complete | indexed=188 | errors=1
{'records': 189, 'indexed': 188, 'errors': 1, 'destination': 'eu_legislation/batch_0020/image_index'}
[Image Processor] NIM endpoint: http://127.0.0.1:8000/v1
[Image Processor] Vision model: nvidia/nemotron-3-nano-omni-30b-a3b-reasoning
[Image Processor] Concurrency=64 | target_rps=30
[Image Processor] Loading embedding model: all-MiniLM-L6-v2
Warning: You are sending unauthenticated requests to the HF Hub. Please set a HF_TOKEN to enable higher rate limits and faster downloads.
Loading weights:   0%|          | 0/103 [00:00<?, ?it/s]Loading weights: 100%|██████████| 103/103 [00:00<00:00, 10413.22it/s]
[Image Processor] Embedding model ready.
[Image Processor] Loading image manifests from eu_legislation/batch_0021/image_store
[Image Processor] Eligible image assets loaded: 198
[Image Processor] Starting visual descriptions | images=198 | max_concurrency=64 | target_rps=30
[Image Processor] Progress 1/198 (0.5%) | success=1 error=0 | avg=0.22 images/s | elapsed=0.1 min
[Image Processor] Progress 2/198 (1.0%) | success=2 error=0 | avg=0.44 images/s | elapsed=0.1 min
[Image Processor] Progress 3/198 (1.5%) | success=3 error=0 | avg=0.65 images/s | elapsed=0.1 min
[Image Processor] Progress 4/198 (2.0%) | success=4 error=0 | avg=0.86 images/s | elapsed=0.1 min
[Image Processor] Progress 5/198 (2.5%) | success=5 error=0 | avg=1.08 images/s | elapsed=0.1 min
[Image Processor] Progress 6/198 (3.0%) | success=6 error=0 | avg=1.29 images/s | elapsed=0.1 min
[Image Processor] Progress 7/198 (3.5%) | success=7 error=0 | avg=1.51 images/s | elapsed=0.1 min
[Image Processor] Progress 8/198 (4.0%) | success=8 error=0 | avg=1.71 images/s | elapsed=0.1 min
[Image Processor] Progress 9/198 (4.5%) | success=9 error=0 | avg=1.93 images/s | elapsed=0.1 min
[Image Processor] Progress 10/198 (5.1%) | success=10 error=0 | avg=2.14 images/s | elapsed=0.1 min
[Image Processor] Progress 25/198 (12.6%) | success=25 error=0 | avg=5.09 images/s | elapsed=0.1 min
[Image Processor] Progress 50/198 (25.3%) | success=50 error=0 | avg=8.05 images/s | elapsed=0.1 min
[Image Processor] Progress 75/198 (37.9%) | success=75 error=0 | avg=8.19 images/s | elapsed=0.2 min
[Image Processor] Progress 100/198 (50.5%) | success=100 error=0 | avg=9.53 images/s | elapsed=0.2 min
[Image Processor] Progress 125/198 (63.1%) | success=125 error=0 | avg=8.81 images/s | elapsed=0.2 min
[Image Processor] Progress 150/198 (75.8%) | success=150 error=0 | avg=9.20 images/s | elapsed=0.3 min
[Image Processor] Progress 175/198 (88.4%) | success=175 error=0 | avg=9.85 images/s | elapsed=0.3 min
[Image Processor] Progress 198/198 (100.0%) | success=198 error=0 | avg=9.11 images/s | elapsed=0.4 min
[Image Processor] Visual descriptions complete | images=198 | success=198 error=0 | avg=9.11 images/s | elapsed=0.4 min
[Image Processor] Writing image artifacts | records=198 | destination=eu_legislation/batch_0021/image_index
[Image Processor] Embedding 198 successful descriptions with all-MiniLM-L6-v2...
[Image Processor] FAISS index written | vectors=198 | dimension=384
[Image Processor] Artifacts complete | indexed=198 | errors=0
{'records': 198, 'indexed': 198, 'errors': 0, 'destination': 'eu_legislation/batch_0021/image_index'}
[Image Processor] NIM endpoint: http://127.0.0.1:8000/v1
[Image Processor] Vision model: nvidia/nemotron-3-nano-omni-30b-a3b-reasoning
[Image Processor] Concurrency=64 | target_rps=30
[Image Processor] Loading embedding model: all-MiniLM-L6-v2
Warning: You are sending unauthenticated requests to the HF Hub. Please set a HF_TOKEN to enable higher rate limits and faster downloads.
Loading weights:   0%|          | 0/103 [00:00<?, ?it/s]Loading weights: 100%|██████████| 103/103 [00:00<00:00, 9304.42it/s]
[Image Processor] Embedding model ready.
[Image Processor] Loading image manifests from eu_legislation/batch_0022/image_store
[Image Processor] Eligible image assets loaded: 68
[Image Processor] Starting visual descriptions | images=68 | max_concurrency=64 | target_rps=30
[Image Processor] Progress 1/68 (1.5%) | success=1 error=0 | avg=0.90 images/s | elapsed=0.0 min
[Image Processor] Progress 2/68 (2.9%) | success=2 error=0 | avg=0.49 images/s | elapsed=0.1 min
[Image Processor] Progress 3/68 (4.4%) | success=3 error=0 | avg=0.73 images/s | elapsed=0.1 min
[Image Processor] Progress 4/68 (5.9%) | success=4 error=0 | avg=0.95 images/s | elapsed=0.1 min
[Image Processor] Progress 5/68 (7.4%) | success=5 error=0 | avg=1.18 images/s | elapsed=0.1 min
[Image Processor] Progress 6/68 (8.8%) | success=6 error=0 | avg=1.42 images/s | elapsed=0.1 min
[Image Processor] Progress 7/68 (10.3%) | success=7 error=0 | avg=1.64 images/s | elapsed=0.1 min
[Image Processor] Progress 8/68 (11.8%) | success=8 error=0 | avg=1.88 images/s | elapsed=0.1 min
[Image Processor] Progress 9/68 (13.2%) | success=9 error=0 | avg=2.03 images/s | elapsed=0.1 min
[Image Processor] Progress 10/68 (14.7%) | success=10 error=0 | avg=2.26 images/s | elapsed=0.1 min
[Image Processor] Progress 25/68 (36.8%) | success=25 error=0 | avg=5.00 images/s | elapsed=0.1 min
[Image Processor] Progress 50/68 (73.5%) | success=50 error=0 | avg=8.12 images/s | elapsed=0.1 min
[Image Processor] Progress 68/68 (100.0%) | success=68 error=0 | avg=1.01 images/s | elapsed=1.1 min
[Image Processor] Visual descriptions complete | images=68 | success=68 error=0 | avg=1.01 images/s | elapsed=1.1 min
[Image Processor] Writing image artifacts | records=68 | destination=eu_legislation/batch_0022/image_index
[Image Processor] Embedding 68 successful descriptions with all-MiniLM-L6-v2...
[Image Processor] FAISS index written | vectors=68 | dimension=384
[Image Processor] Artifacts complete | indexed=68 | errors=0
{'records': 68, 'indexed': 68, 'errors': 0, 'destination': 'eu_legislation/batch_0022/image_index'}
[Image Processor] NIM endpoint: http://127.0.0.1:8000/v1
[Image Processor] Vision model: nvidia/nemotron-3-nano-omni-30b-a3b-reasoning
[Image Processor] Concurrency=64 | target_rps=30
[Image Processor] Loading embedding model: all-MiniLM-L6-v2
Warning: You are sending unauthenticated requests to the HF Hub. Please set a HF_TOKEN to enable higher rate limits and faster downloads.
Loading weights:   0%|          | 0/103 [00:00<?, ?it/s]Loading weights: 100%|██████████| 103/103 [00:00<00:00, 9515.50it/s]
[Image Processor] Embedding model ready.
[Image Processor] Loading image manifests from eu_legislation/batch_0023/image_store
[Image Processor] Eligible image assets loaded: 90
[Image Processor] Starting visual descriptions | images=90 | max_concurrency=64 | target_rps=30
[Image Processor] Progress 1/90 (1.1%) | success=1 error=0 | avg=0.22 images/s | elapsed=0.1 min
[Image Processor] Progress 2/90 (2.2%) | success=2 error=0 | avg=0.42 images/s | elapsed=0.1 min
[Image Processor] Progress 3/90 (3.3%) | success=3 error=0 | avg=0.63 images/s | elapsed=0.1 min
[Image Processor] Progress 4/90 (4.4%) | success=4 error=0 | avg=0.81 images/s | elapsed=0.1 min
[Image Processor] Progress 5/90 (5.6%) | success=5 error=0 | avg=1.01 images/s | elapsed=0.1 min
[Image Processor] Progress 6/90 (6.7%) | success=6 error=0 | avg=1.22 images/s | elapsed=0.1 min
[Image Processor] Progress 7/90 (7.8%) | success=7 error=0 | avg=1.41 images/s | elapsed=0.1 min
[Image Processor] Progress 8/90 (8.9%) | success=8 error=0 | avg=1.61 images/s | elapsed=0.1 min
[Image Processor] Progress 9/90 (10.0%) | success=9 error=0 | avg=1.78 images/s | elapsed=0.1 min
[Image Processor] Progress 10/90 (11.1%) | success=10 error=0 | avg=1.94 images/s | elapsed=0.1 min
[Image Processor] Progress 25/90 (27.8%) | success=25 error=0 | avg=4.10 images/s | elapsed=0.1 min
[Image Processor] Progress 50/90 (55.6%) | success=50 error=0 | avg=6.08 images/s | elapsed=0.1 min
[Image Processor] Progress 75/90 (83.3%) | success=75 error=0 | avg=7.41 images/s | elapsed=0.2 min
[Image Processor] Progress 90/90 (100.0%) | success=90 error=0 | avg=0.67 images/s | elapsed=2.2 min
[Image Processor] Visual descriptions complete | images=90 | success=90 error=0 | avg=0.67 images/s | elapsed=2.2 min
[Image Processor] Writing image artifacts | records=90 | destination=eu_legislation/batch_0023/image_index
[Image Processor] Embedding 90 successful descriptions with all-MiniLM-L6-v2...
[Image Processor] FAISS index written | vectors=90 | dimension=384
[Image Processor] Artifacts complete | indexed=90 | errors=0
{'records': 90, 'indexed': 90, 'errors': 0, 'destination': 'eu_legislation/batch_0023/image_index'}
[Image Processor] NIM endpoint: http://127.0.0.1:8000/v1
[Image Processor] Vision model: nvidia/nemotron-3-nano-omni-30b-a3b-reasoning
[Image Processor] Concurrency=64 | target_rps=30
[Image Processor] Loading embedding model: all-MiniLM-L6-v2
Warning: You are sending unauthenticated requests to the HF Hub. Please set a HF_TOKEN to enable higher rate limits and faster downloads.
Loading weights:   0%|          | 0/103 [00:00<?, ?it/s]Loading weights: 100%|██████████| 103/103 [00:00<00:00, 9842.42it/s]
[Image Processor] Embedding model ready.
[Image Processor] Loading image manifests from eu_legislation/batch_0024/image_store
[Image Processor] Eligible image assets loaded: 113
[Image Processor] Starting visual descriptions | images=113 | max_concurrency=64 | target_rps=30
[Image Processor] Progress 1/113 (0.9%) | success=1 error=0 | avg=0.46 images/s | elapsed=0.0 min
[Image Processor] Progress 2/113 (1.8%) | success=2 error=0 | avg=0.64 images/s | elapsed=0.1 min
[Image Processor] Progress 3/113 (2.7%) | success=3 error=0 | avg=0.83 images/s | elapsed=0.1 min
[Image Processor] Progress 4/113 (3.5%) | success=4 error=0 | avg=1.11 images/s | elapsed=0.1 min
[Image Processor] Progress 5/113 (4.4%) | success=5 error=0 | avg=1.31 images/s | elapsed=0.1 min
[Image Processor] Progress 6/113 (5.3%) | success=6 error=0 | avg=1.57 images/s | elapsed=0.1 min
[Image Processor] Progress 7/113 (6.2%) | success=7 error=0 | avg=1.83 images/s | elapsed=0.1 min
[Image Processor] Progress 8/113 (7.1%) | success=8 error=0 | avg=2.07 images/s | elapsed=0.1 min
[Image Processor] Progress 9/113 (8.0%) | success=9 error=0 | avg=2.32 images/s | elapsed=0.1 min
[Image Processor] Progress 10/113 (8.8%) | success=10 error=0 | avg=2.57 images/s | elapsed=0.1 min
[Image Processor] Progress 25/113 (22.1%) | success=25 error=0 | avg=5.20 images/s | elapsed=0.1 min
[Image Processor] Progress 50/113 (44.2%) | success=50 error=0 | avg=6.56 images/s | elapsed=0.1 min
[Image Processor] Progress 75/113 (66.4%) | success=75 error=0 | avg=8.42 images/s | elapsed=0.1 min
[Image Processor] Progress 100/113 (88.5%) | success=100 error=0 | avg=9.26 images/s | elapsed=0.2 min
[Image Processor] Progress 113/113 (100.0%) | success=113 error=0 | avg=1.52 images/s | elapsed=1.2 min
[Image Processor] Visual descriptions complete | images=113 | success=113 error=0 | avg=1.52 images/s | elapsed=1.2 min
[Image Processor] Writing image artifacts | records=113 | destination=eu_legislation/batch_0024/image_index
[Image Processor] Embedding 113 successful descriptions with all-MiniLM-L6-v2...
[Image Processor] FAISS index written | vectors=113 | dimension=384
[Image Processor] Artifacts complete | indexed=113 | errors=0
{'records': 113, 'indexed': 113, 'errors': 0, 'destination': 'eu_legislation/batch_0024/image_index'}
[Image Processor] NIM endpoint: http://127.0.0.1:8000/v1
[Image Processor] Vision model: nvidia/nemotron-3-nano-omni-30b-a3b-reasoning
[Image Processor] Concurrency=64 | target_rps=30
[Image Processor] Loading embedding model: all-MiniLM-L6-v2
Warning: You are sending unauthenticated requests to the HF Hub. Please set a HF_TOKEN to enable higher rate limits and faster downloads.
Loading weights:   0%|          | 0/103 [00:00<?, ?it/s]Loading weights: 100%|██████████| 103/103 [00:00<00:00, 9474.60it/s]
[Image Processor] Embedding model ready.
[Image Processor] Loading image manifests from eu_legislation/batch_0025/image_store
[Image Processor] Eligible image assets loaded: 102
[Image Processor] Starting visual descriptions | images=102 | max_concurrency=64 | target_rps=30
[Image Processor] Progress 1/102 (1.0%) | success=1 error=0 | avg=0.23 images/s | elapsed=0.1 min
[Image Processor] Progress 2/102 (2.0%) | success=2 error=0 | avg=0.41 images/s | elapsed=0.1 min
[Image Processor] Progress 3/102 (2.9%) | success=3 error=0 | avg=0.60 images/s | elapsed=0.1 min
[Image Processor] Progress 4/102 (3.9%) | success=4 error=0 | avg=0.80 images/s | elapsed=0.1 min
[Image Processor] Progress 5/102 (4.9%) | success=5 error=0 | avg=1.00 images/s | elapsed=0.1 min
[Image Processor] Progress 6/102 (5.9%) | success=6 error=0 | avg=1.19 images/s | elapsed=0.1 min
[Image Processor] Progress 7/102 (6.9%) | success=7 error=0 | avg=1.38 images/s | elapsed=0.1 min
[Image Processor] Progress 8/102 (7.8%) | success=8 error=0 | avg=1.58 images/s | elapsed=0.1 min
[Image Processor] Progress 9/102 (8.8%) | success=9 error=0 | avg=1.78 images/s | elapsed=0.1 min
[Image Processor] Progress 10/102 (9.8%) | success=10 error=0 | avg=1.97 images/s | elapsed=0.1 min
[Image Processor] Progress 25/102 (24.5%) | success=25 error=0 | avg=4.19 images/s | elapsed=0.1 min
[Image Processor] Progress 50/102 (49.0%) | success=50 error=0 | avg=5.91 images/s | elapsed=0.1 min
[Image Processor] Progress 75/102 (73.5%) | success=75 error=0 | avg=7.69 images/s | elapsed=0.2 min
[Image Processor] Progress 100/102 (98.0%) | success=100 error=0 | avg=6.31 images/s | elapsed=0.3 min
[Image Processor] Progress 102/102 (100.0%) | success=102 error=0 | avg=1.34 images/s | elapsed=1.3 min
[Image Processor] Visual descriptions complete | images=102 | success=102 error=0 | avg=1.34 images/s | elapsed=1.3 min
[Image Processor] Writing image artifacts | records=102 | destination=eu_legislation/batch_0025/image_index
[Image Processor] Embedding 102 successful descriptions with all-MiniLM-L6-v2...
[Image Processor] FAISS index written | vectors=102 | dimension=384
[Image Processor] Artifacts complete | indexed=102 | errors=0
{'records': 102, 'indexed': 102, 'errors': 0, 'destination': 'eu_legislation/batch_0025/image_index'}
[Image Processor] NIM endpoint: http://127.0.0.1:8000/v1
[Image Processor] Vision model: nvidia/nemotron-3-nano-omni-30b-a3b-reasoning
[Image Processor] Concurrency=64 | target_rps=30
[Image Processor] Loading embedding model: all-MiniLM-L6-v2
Warning: You are sending unauthenticated requests to the HF Hub. Please set a HF_TOKEN to enable higher rate limits and faster downloads.
Loading weights:   0%|          | 0/103 [00:00<?, ?it/s]Loading weights: 100%|██████████| 103/103 [00:00<00:00, 9622.75it/s]
[Image Processor] Embedding model ready.
[Image Processor] Loading image manifests from eu_legislation/batch_0026/image_store
[Image Processor] Eligible image assets loaded: 134
[Image Processor] Starting visual descriptions | images=134 | max_concurrency=64 | target_rps=30
[Image Processor] Progress 1/134 (0.7%) | success=1 error=0 | avg=0.25 images/s | elapsed=0.1 min
[Image Processor] Progress 2/134 (1.5%) | success=2 error=0 | avg=0.49 images/s | elapsed=0.1 min
[Image Processor] Progress 3/134 (2.2%) | success=3 error=0 | avg=0.74 images/s | elapsed=0.1 min
[Image Processor] Progress 4/134 (3.0%) | success=4 error=0 | avg=0.98 images/s | elapsed=0.1 min
[Image Processor] Progress 5/134 (3.7%) | success=5 error=0 | avg=1.21 images/s | elapsed=0.1 min
[Image Processor] Progress 6/134 (4.5%) | success=6 error=0 | avg=1.45 images/s | elapsed=0.1 min
[Image Processor] Progress 7/134 (5.2%) | success=7 error=0 | avg=1.69 images/s | elapsed=0.1 min
[Image Processor] Progress 8/134 (6.0%) | success=8 error=0 | avg=1.92 images/s | elapsed=0.1 min
[Image Processor] Progress 9/134 (6.7%) | success=9 error=0 | avg=2.15 images/s | elapsed=0.1 min
[Image Processor] Progress 10/134 (7.5%) | success=10 error=0 | avg=2.37 images/s | elapsed=0.1 min
[Image Processor] Progress 25/134 (18.7%) | success=25 error=0 | avg=4.85 images/s | elapsed=0.1 min
[Image Processor] Progress 50/134 (37.3%) | success=50 error=0 | avg=6.78 images/s | elapsed=0.1 min
[Image Processor] Progress 75/134 (56.0%) | success=75 error=0 | avg=8.38 images/s | elapsed=0.1 min
[Image Processor] Progress 100/134 (74.6%) | success=100 error=0 | avg=9.87 images/s | elapsed=0.2 min
[Image Processor] Progress 125/134 (93.3%) | success=125 error=0 | avg=9.58 images/s | elapsed=0.2 min
[Image Processor] Progress 134/134 (100.0%) | success=134 error=0 | avg=0.99 images/s | elapsed=2.3 min
[Image Processor] Visual descriptions complete | images=134 | success=134 error=0 | avg=0.99 images/s | elapsed=2.3 min
[Image Processor] Writing image artifacts | records=134 | destination=eu_legislation/batch_0026/image_index
[Image Processor] Embedding 134 successful descriptions with all-MiniLM-L6-v2...
[Image Processor] FAISS index written | vectors=134 | dimension=384
[Image Processor] Artifacts complete | indexed=134 | errors=0
{'records': 134, 'indexed': 134, 'errors': 0, 'destination': 'eu_legislation/batch_0026/image_index'}
[Image Processor] NIM endpoint: http://127.0.0.1:8000/v1
[Image Processor] Vision model: nvidia/nemotron-3-nano-omni-30b-a3b-reasoning
[Image Processor] Concurrency=64 | target_rps=30
[Image Processor] Loading embedding model: all-MiniLM-L6-v2
Warning: You are sending unauthenticated requests to the HF Hub. Please set a HF_TOKEN to enable higher rate limits and faster downloads.
Loading weights:   0%|          | 0/103 [00:00<?, ?it/s]Loading weights: 100%|██████████| 103/103 [00:00<00:00, 9715.15it/s]
[Image Processor] Embedding model ready.
[Image Processor] Loading image manifests from eu_legislation/batch_0027/image_store
[Image Processor] Eligible image assets loaded: 148
[Image Processor] Starting visual descriptions | images=148 | max_concurrency=64 | target_rps=30
[Image Processor] Progress 1/148 (0.7%) | success=1 error=0 | avg=0.15 images/s | elapsed=0.1 min
[Image Processor] Progress 2/148 (1.4%) | success=2 error=0 | avg=0.29 images/s | elapsed=0.1 min
[Image Processor] Progress 3/148 (2.0%) | success=3 error=0 | avg=0.43 images/s | elapsed=0.1 min
[Image Processor] Progress 4/148 (2.7%) | success=4 error=0 | avg=0.43 images/s | elapsed=0.2 min
[Image Processor] Progress 5/148 (3.4%) | success=5 error=0 | avg=0.52 images/s | elapsed=0.2 min
[Image Processor] Progress 6/148 (4.1%) | success=6 error=0 | avg=0.59 images/s | elapsed=0.2 min
[Image Processor] Progress 7/148 (4.7%) | success=7 error=0 | avg=0.68 images/s | elapsed=0.2 min
[Image Processor] Progress 8/148 (5.4%) | success=8 error=0 | avg=0.74 images/s | elapsed=0.2 min
[Image Processor] Progress 9/148 (6.1%) | success=9 error=0 | avg=0.82 images/s | elapsed=0.2 min
[Image Processor] Progress 10/148 (6.8%) | success=10 error=0 | avg=0.91 images/s | elapsed=0.2 min
[Image Processor] Progress 25/148 (16.9%) | success=25 error=0 | avg=2.00 images/s | elapsed=0.2 min
[Image Processor] Progress 50/148 (33.8%) | success=50 error=0 | avg=3.34 images/s | elapsed=0.2 min
[Image Processor] Progress 75/148 (50.7%) | success=75 error=0 | avg=4.19 images/s | elapsed=0.3 min
[Image Processor] Progress 100/148 (67.6%) | success=100 error=0 | avg=4.93 images/s | elapsed=0.3 min
[Image Processor] Progress 125/148 (84.5%) | success=125 error=0 | avg=5.47 images/s | elapsed=0.4 min
[Image Processor] Progress 148/148 (100.0%) | success=148 error=0 | avg=1.49 images/s | elapsed=1.7 min
[Image Processor] Visual descriptions complete | images=148 | success=148 error=0 | avg=1.49 images/s | elapsed=1.7 min
[Image Processor] Writing image artifacts | records=148 | destination=eu_legislation/batch_0027/image_index
[Image Processor] Embedding 148 successful descriptions with all-MiniLM-L6-v2...
[Image Processor] FAISS index written | vectors=148 | dimension=384
[Image Processor] Artifacts complete | indexed=148 | errors=0
{'records': 148, 'indexed': 148, 'errors': 0, 'destination': 'eu_legislation/batch_0027/image_index'}
[Image Processor] NIM endpoint: http://127.0.0.1:8000/v1
[Image Processor] Vision model: nvidia/nemotron-3-nano-omni-30b-a3b-reasoning
[Image Processor] Concurrency=64 | target_rps=30
[Image Processor] Loading embedding model: all-MiniLM-L6-v2
Warning: You are sending unauthenticated requests to the HF Hub. Please set a HF_TOKEN to enable higher rate limits and faster downloads.
Loading weights:   0%|          | 0/103 [00:00<?, ?it/s]Loading weights: 100%|██████████| 103/103 [00:00<00:00, 10341.68it/s]
[Image Processor] Embedding model ready.
[Image Processor] Loading image manifests from eu_legislation/batch_0028/image_store
[Image Processor] Eligible image assets loaded: 122
[Image Processor] Starting visual descriptions | images=122 | max_concurrency=64 | target_rps=30
[Image Processor] Progress 1/122 (0.8%) | success=1 error=0 | avg=0.25 images/s | elapsed=0.1 min
[Image Processor] Progress 2/122 (1.6%) | success=2 error=0 | avg=0.47 images/s | elapsed=0.1 min
[Image Processor] Progress 3/122 (2.5%) | success=3 error=0 | avg=0.70 images/s | elapsed=0.1 min
[Image Processor] Progress 4/122 (3.3%) | success=4 error=0 | avg=0.90 images/s | elapsed=0.1 min
[Image Processor] Progress 5/122 (4.1%) | success=5 error=0 | avg=1.12 images/s | elapsed=0.1 min
[Image Processor] Progress 6/122 (4.9%) | success=6 error=0 | avg=1.33 images/s | elapsed=0.1 min
[Image Processor] Progress 7/122 (5.7%) | success=7 error=0 | avg=1.55 images/s | elapsed=0.1 min
[Image Processor] Progress 8/122 (6.6%) | success=8 error=0 | avg=1.77 images/s | elapsed=0.1 min
[Image Processor] Progress 9/122 (7.4%) | success=9 error=0 | avg=1.99 images/s | elapsed=0.1 min
[Image Processor] Progress 10/122 (8.2%) | success=10 error=0 | avg=2.09 images/s | elapsed=0.1 min
[Image Processor] Progress 25/122 (20.5%) | success=25 error=0 | avg=4.21 images/s | elapsed=0.1 min
[Image Processor] Progress 50/122 (41.0%) | success=50 error=0 | avg=6.04 images/s | elapsed=0.1 min
[Image Processor] Progress 75/122 (61.5%) | success=75 error=0 | avg=7.65 images/s | elapsed=0.2 min
[Image Processor] Progress 100/122 (82.0%) | success=100 error=0 | avg=9.00 images/s | elapsed=0.2 min
[Image Processor] Progress 122/122 (100.0%) | success=122 error=0 | avg=7.91 images/s | elapsed=0.3 min
[Image Processor] Visual descriptions complete | images=122 | success=122 error=0 | avg=7.91 images/s | elapsed=0.3 min
[Image Processor] Writing image artifacts | records=122 | destination=eu_legislation/batch_0028/image_index
[Image Processor] Embedding 122 successful descriptions with all-MiniLM-L6-v2...
[Image Processor] FAISS index written | vectors=122 | dimension=384
[Image Processor] Artifacts complete | indexed=122 | errors=0
{'records': 122, 'indexed': 122, 'errors': 0, 'destination': 'eu_legislation/batch_0028/image_index'}
[Image Processor] NIM endpoint: http://127.0.0.1:8000/v1
[Image Processor] Vision model: nvidia/nemotron-3-nano-omni-30b-a3b-reasoning
[Image Processor] Concurrency=64 | target_rps=30
[Image Processor] Loading embedding model: all-MiniLM-L6-v2
Warning: You are sending unauthenticated requests to the HF Hub. Please set a HF_TOKEN to enable higher rate limits and faster downloads.
Loading weights:   0%|          | 0/103 [00:00<?, ?it/s]Loading weights: 100%|██████████| 103/103 [00:00<00:00, 9620.39it/s]
[Image Processor] Embedding model ready.
[Image Processor] Loading image manifests from eu_legislation/batch_0029/image_store
[Image Processor] Eligible image assets loaded: 403
[Image Processor] Starting visual descriptions | images=403 | max_concurrency=64 | target_rps=30
[Image Processor] Progress 1/403 (0.2%) | success=1 error=0 | avg=0.26 images/s | elapsed=0.1 min
[Image Processor] Progress 2/403 (0.5%) | success=2 error=0 | avg=0.52 images/s | elapsed=0.1 min
[Image Processor] Progress 3/403 (0.7%) | success=3 error=0 | avg=0.77 images/s | elapsed=0.1 min
[Image Processor] Progress 4/403 (1.0%) | success=4 error=0 | avg=1.02 images/s | elapsed=0.1 min
[Image Processor] Progress 5/403 (1.2%) | success=5 error=0 | avg=1.25 images/s | elapsed=0.1 min
[Image Processor] Progress 6/403 (1.5%) | success=6 error=0 | avg=1.48 images/s | elapsed=0.1 min
[Image Processor] Progress 7/403 (1.7%) | success=7 error=0 | avg=1.72 images/s | elapsed=0.1 min
[Image Processor] Progress 8/403 (2.0%) | success=8 error=0 | avg=1.96 images/s | elapsed=0.1 min
[Image Processor] Progress 9/403 (2.2%) | success=9 error=0 | avg=2.20 images/s | elapsed=0.1 min
[Image Processor] Progress 10/403 (2.5%) | success=10 error=0 | avg=2.31 images/s | elapsed=0.1 min
[Image Processor] Progress 25/403 (6.2%) | success=25 error=0 | avg=5.08 images/s | elapsed=0.1 min
[Image Processor] Progress 50/403 (12.4%) | success=50 error=0 | avg=7.18 images/s | elapsed=0.1 min
[Image Processor] Progress 75/403 (18.6%) | success=75 error=0 | avg=8.81 images/s | elapsed=0.1 min
[Image Processor] Progress 100/403 (24.8%) | success=100 error=0 | avg=9.75 images/s | elapsed=0.2 min
[Image Processor] Progress 125/403 (31.0%) | success=125 error=0 | avg=10.80 images/s | elapsed=0.2 min
[Image Processor] Progress 150/403 (37.2%) | success=150 error=0 | avg=11.15 images/s | elapsed=0.2 min
[Image Processor] Progress 175/403 (43.4%) | success=175 error=0 | avg=11.20 images/s | elapsed=0.3 min
[Image Processor] Progress 200/403 (49.6%) | success=200 error=0 | avg=11.34 images/s | elapsed=0.3 min
[Image Processor] Progress 225/403 (55.8%) | success=225 error=0 | avg=11.72 images/s | elapsed=0.3 min
[Image Processor] Progress 250/403 (62.0%) | success=250 error=0 | avg=12.11 images/s | elapsed=0.3 min
[Image Processor] Progress 275/403 (68.2%) | success=275 error=0 | avg=12.50 images/s | elapsed=0.4 min
[Image Processor] Progress 300/403 (74.4%) | success=300 error=0 | avg=12.69 images/s | elapsed=0.4 min
[Image Processor] Progress 325/403 (80.6%) | success=325 error=0 | avg=13.31 images/s | elapsed=0.4 min
[Image Processor] Progress 350/403 (86.8%) | success=350 error=0 | avg=13.36 images/s | elapsed=0.4 min
[Image Processor] Progress 375/403 (93.1%) | success=375 error=0 | avg=14.10 images/s | elapsed=0.4 min
[Image Processor] Progress 400/403 (99.3%) | success=400 error=0 | avg=14.76 images/s | elapsed=0.5 min
[Image Processor] Progress 403/403 (100.0%) | success=403 error=0 | avg=14.57 images/s | elapsed=0.5 min
[Image Processor] Visual descriptions complete | images=403 | success=403 error=0 | avg=14.57 images/s | elapsed=0.5 min
[Image Processor] Writing image artifacts | records=403 | destination=eu_legislation/batch_0029/image_index
[Image Processor] Embedding 403 successful descriptions with all-MiniLM-L6-v2...
[Image Processor] FAISS index written | vectors=403 | dimension=384
[Image Processor] Artifacts complete | indexed=403 | errors=0
{'records': 403, 'indexed': 403, 'errors': 0, 'destination': 'eu_legislation/batch_0029/image_index'}
[Image Processor] NIM endpoint: http://127.0.0.1:8000/v1
[Image Processor] Vision model: nvidia/nemotron-3-nano-omni-30b-a3b-reasoning
[Image Processor] Concurrency=64 | target_rps=30
[Image Processor] Loading embedding model: all-MiniLM-L6-v2
Warning: You are sending unauthenticated requests to the HF Hub. Please set a HF_TOKEN to enable higher rate limits and faster downloads.
Loading weights:   0%|          | 0/103 [00:00<?, ?it/s]Loading weights: 100%|██████████| 103/103 [00:00<00:00, 9953.31it/s]
[Image Processor] Embedding model ready.
[Image Processor] Loading image manifests from eu_legislation/batch_0030/image_store
[Image Processor] Eligible image assets loaded: 124
[Image Processor] Starting visual descriptions | images=124 | max_concurrency=64 | target_rps=30
[Image Processor] Progress 1/124 (0.8%) | success=1 error=0 | avg=0.25 images/s | elapsed=0.1 min
[Image Processor] Progress 2/124 (1.6%) | success=2 error=0 | avg=0.48 images/s | elapsed=0.1 min
[Image Processor] Progress 3/124 (2.4%) | success=3 error=0 | avg=0.72 images/s | elapsed=0.1 min
[Image Processor] Progress 4/124 (3.2%) | success=4 error=0 | avg=0.95 images/s | elapsed=0.1 min
[Image Processor] Progress 5/124 (4.0%) | success=5 error=0 | avg=1.17 images/s | elapsed=0.1 min
[Image Processor] Progress 6/124 (4.8%) | success=6 error=0 | avg=1.40 images/s | elapsed=0.1 min
[Image Processor] Progress 7/124 (5.6%) | success=7 error=0 | avg=1.63 images/s | elapsed=0.1 min
[Image Processor] Progress 8/124 (6.5%) | success=8 error=0 | avg=1.79 images/s | elapsed=0.1 min
[Image Processor] Progress 9/124 (7.3%) | success=9 error=0 | avg=2.02 images/s | elapsed=0.1 min
[Image Processor] Progress 10/124 (8.1%) | success=10 error=0 | avg=2.22 images/s | elapsed=0.1 min
[Image Processor] Progress 25/124 (20.2%) | success=25 error=0 | avg=4.46 images/s | elapsed=0.1 min
[Image Processor] Progress 50/124 (40.3%) | success=50 error=0 | avg=6.73 images/s | elapsed=0.1 min
[Image Processor] Progress 75/124 (60.5%) | success=75 error=0 | avg=8.40 images/s | elapsed=0.1 min
[Image Processor] Progress 100/124 (80.6%) | success=100 error=0 | avg=10.67 images/s | elapsed=0.2 min
[Image Processor] Progress 124/124 (100.0%) | success=124 error=0 | avg=9.89 images/s | elapsed=0.2 min
[Image Processor] Visual descriptions complete | images=124 | success=124 error=0 | avg=9.89 images/s | elapsed=0.2 min
[Image Processor] Writing image artifacts | records=124 | destination=eu_legislation/batch_0030/image_index
[Image Processor] Embedding 124 successful descriptions with all-MiniLM-L6-v2...
[Image Processor] FAISS index written | vectors=124 | dimension=384
[Image Processor] Artifacts complete | indexed=124 | errors=0
{'records': 124, 'indexed': 124, 'errors': 0, 'destination': 'eu_legislation/batch_0030/image_index'}
[Image Processor] NIM endpoint: http://127.0.0.1:8000/v1
[Image Processor] Vision model: nvidia/nemotron-3-nano-omni-30b-a3b-reasoning
[Image Processor] Concurrency=64 | target_rps=30
[Image Processor] Loading embedding model: all-MiniLM-L6-v2
Warning: You are sending unauthenticated requests to the HF Hub. Please set a HF_TOKEN to enable higher rate limits and faster downloads.
Loading weights:   0%|          | 0/103 [00:00<?, ?it/s]Loading weights: 100%|██████████| 103/103 [00:00<00:00, 9661.49it/s]
[Image Processor] Embedding model ready.
[Image Processor] Loading image manifests from eu_legislation/batch_0031/image_store
[Image Processor] Eligible image assets loaded: 102
[Image Processor] Starting visual descriptions | images=102 | max_concurrency=64 | target_rps=30
[Image Processor] Progress 1/102 (1.0%) | success=1 error=0 | avg=0.25 images/s | elapsed=0.1 min
[Image Processor] Progress 2/102 (2.0%) | success=2 error=0 | avg=0.48 images/s | elapsed=0.1 min
[Image Processor] Progress 3/102 (2.9%) | success=3 error=0 | avg=0.72 images/s | elapsed=0.1 min
[Image Processor] Progress 4/102 (3.9%) | success=4 error=0 | avg=0.96 images/s | elapsed=0.1 min
[Image Processor] Progress 5/102 (4.9%) | success=5 error=0 | avg=1.19 images/s | elapsed=0.1 min
[Image Processor] Progress 6/102 (5.9%) | success=6 error=0 | avg=1.42 images/s | elapsed=0.1 min
[Image Processor] Progress 7/102 (6.9%) | success=7 error=0 | avg=1.65 images/s | elapsed=0.1 min
[Image Processor] Progress 8/102 (7.8%) | success=8 error=0 | avg=1.89 images/s | elapsed=0.1 min
[Image Processor] Progress 9/102 (8.8%) | success=9 error=0 | avg=2.12 images/s | elapsed=0.1 min
[Image Processor] Progress 10/102 (9.8%) | success=10 error=0 | avg=2.25 images/s | elapsed=0.1 min
[Image Processor] Progress 25/102 (24.5%) | success=25 error=0 | avg=4.38 images/s | elapsed=0.1 min
[Image Processor] Progress 50/102 (49.0%) | success=50 error=0 | avg=6.20 images/s | elapsed=0.1 min
[Image Processor] Progress 75/102 (73.5%) | success=75 error=0 | avg=8.19 images/s | elapsed=0.2 min
[Image Processor] Progress 100/102 (98.0%) | success=100 error=0 | avg=8.81 images/s | elapsed=0.2 min
[Image Processor] Progress 102/102 (100.0%) | success=102 error=0 | avg=8.54 images/s | elapsed=0.2 min
[Image Processor] Visual descriptions complete | images=102 | success=102 error=0 | avg=8.54 images/s | elapsed=0.2 min
[Image Processor] Writing image artifacts | records=102 | destination=eu_legislation/batch_0031/image_index
[Image Processor] Embedding 102 successful descriptions with all-MiniLM-L6-v2...
[Image Processor] FAISS index written | vectors=102 | dimension=384
[Image Processor] Artifacts complete | indexed=102 | errors=0
{'records': 102, 'indexed': 102, 'errors': 0, 'destination': 'eu_legislation/batch_0031/image_index'}
[Image Processor] NIM endpoint: http://127.0.0.1:8000/v1
[Image Processor] Vision model: nvidia/nemotron-3-nano-omni-30b-a3b-reasoning
[Image Processor] Concurrency=64 | target_rps=30
[Image Processor] Loading embedding model: all-MiniLM-L6-v2
Warning: You are sending unauthenticated requests to the HF Hub. Please set a HF_TOKEN to enable higher rate limits and faster downloads.
Loading weights:   0%|          | 0/103 [00:00<?, ?it/s]Loading weights: 100%|██████████| 103/103 [00:00<00:00, 9326.31it/s]
[Image Processor] Embedding model ready.
[Image Processor] Loading image manifests from eu_legislation/batch_0032/image_store
[Image Processor] Eligible image assets loaded: 105
[Image Processor] Starting visual descriptions | images=105 | max_concurrency=64 | target_rps=30
[Image Processor] Progress 1/105 (1.0%) | success=1 error=0 | avg=0.83 images/s | elapsed=0.0 min
[Image Processor] Progress 2/105 (1.9%) | success=2 error=0 | avg=0.57 images/s | elapsed=0.1 min
[Image Processor] Progress 3/105 (2.9%) | success=3 error=0 | avg=0.81 images/s | elapsed=0.1 min
[Image Processor] Progress 4/105 (3.8%) | success=4 error=0 | avg=1.02 images/s | elapsed=0.1 min
[Image Processor] Progress 5/105 (4.8%) | success=5 error=0 | avg=1.26 images/s | elapsed=0.1 min
[Image Processor] Progress 6/105 (5.7%) | success=6 error=0 | avg=1.52 images/s | elapsed=0.1 min
[Image Processor] Progress 7/105 (6.7%) | success=7 error=0 | avg=1.70 images/s | elapsed=0.1 min
[Image Processor] Progress 8/105 (7.6%) | success=8 error=0 | avg=1.95 images/s | elapsed=0.1 min
[Image Processor] Progress 9/105 (8.6%) | success=9 error=0 | avg=2.19 images/s | elapsed=0.1 min
[Image Processor] Progress 10/105 (9.5%) | success=10 error=0 | avg=2.42 images/s | elapsed=0.1 min
[Image Processor] Progress 25/105 (23.8%) | success=25 error=0 | avg=5.08 images/s | elapsed=0.1 min
[Image Processor] Progress 50/105 (47.6%) | success=50 error=0 | avg=7.69 images/s | elapsed=0.1 min
[Image Processor] Progress 75/105 (71.4%) | success=75 error=0 | avg=9.97 images/s | elapsed=0.1 min
[Image Processor] Progress 100/105 (95.2%) | success=100 error=0 | avg=11.76 images/s | elapsed=0.1 min
[Image Processor] Progress 105/105 (100.0%) | success=105 error=0 | avg=11.10 images/s | elapsed=0.2 min
[Image Processor] Visual descriptions complete | images=105 | success=105 error=0 | avg=11.10 images/s | elapsed=0.2 min
[Image Processor] Writing image artifacts | records=105 | destination=eu_legislation/batch_0032/image_index
[Image Processor] Embedding 105 successful descriptions with all-MiniLM-L6-v2...
[Image Processor] FAISS index written | vectors=105 | dimension=384
[Image Processor] Artifacts complete | indexed=105 | errors=0
{'records': 105, 'indexed': 105, 'errors': 0, 'destination': 'eu_legislation/batch_0032/image_index'}
[Image Processor] NIM endpoint: http://127.0.0.1:8000/v1
[Image Processor] Vision model: nvidia/nemotron-3-nano-omni-30b-a3b-reasoning
[Image Processor] Concurrency=64 | target_rps=30
[Image Processor] Loading embedding model: all-MiniLM-L6-v2
Warning: You are sending unauthenticated requests to the HF Hub. Please set a HF_TOKEN to enable higher rate limits and faster downloads.
Loading weights:   0%|          | 0/103 [00:00<?, ?it/s]Loading weights: 100%|██████████| 103/103 [00:00<00:00, 10173.40it/s]
[Image Processor] Embedding model ready.
[Image Processor] Loading image manifests from eu_legislation/batch_0033/image_store
[Image Processor] Eligible image assets loaded: 122
[Image Processor] Starting visual descriptions | images=122 | max_concurrency=64 | target_rps=30
[Image Processor] Progress 1/122 (0.8%) | success=1 error=0 | avg=0.27 images/s | elapsed=0.1 min
[Image Processor] Progress 2/122 (1.6%) | success=2 error=0 | avg=0.52 images/s | elapsed=0.1 min
[Image Processor] Progress 3/122 (2.5%) | success=3 error=0 | avg=0.77 images/s | elapsed=0.1 min
[Image Processor] Progress 4/122 (3.3%) | success=4 error=0 | avg=1.03 images/s | elapsed=0.1 min
[Image Processor] Progress 5/122 (4.1%) | success=5 error=0 | avg=1.28 images/s | elapsed=0.1 min
[Image Processor] Progress 6/122 (4.9%) | success=6 error=0 | avg=1.51 images/s | elapsed=0.1 min
[Image Processor] Progress 7/122 (5.7%) | success=7 error=0 | avg=1.75 images/s | elapsed=0.1 min
[Image Processor] Progress 8/122 (6.6%) | success=8 error=0 | avg=1.93 images/s | elapsed=0.1 min
[Image Processor] Progress 9/122 (7.4%) | success=9 error=0 | avg=2.18 images/s | elapsed=0.1 min
[Image Processor] Progress 10/122 (8.2%) | success=10 error=0 | avg=2.38 images/s | elapsed=0.1 min
[Image Processor] Progress 25/122 (20.5%) | success=25 error=0 | avg=5.14 images/s | elapsed=0.1 min
[Image Processor] Progress 50/122 (41.0%) | success=50 error=0 | avg=6.91 images/s | elapsed=0.1 min
[Image Processor] Progress 75/122 (61.5%) | success=75 error=0 | avg=9.32 images/s | elapsed=0.1 min
[Image Processor] Progress 100/122 (82.0%) | success=100 error=0 | avg=11.60 images/s | elapsed=0.1 min
[Image Processor] Progress 122/122 (100.0%) | success=122 error=0 | avg=11.64 images/s | elapsed=0.2 min
[Image Processor] Visual descriptions complete | images=122 | success=122 error=0 | avg=11.64 images/s | elapsed=0.2 min
[Image Processor] Writing image artifacts | records=122 | destination=eu_legislation/batch_0033/image_index
[Image Processor] Embedding 122 successful descriptions with all-MiniLM-L6-v2...
[Image Processor] FAISS index written | vectors=122 | dimension=384
[Image Processor] Artifacts complete | indexed=122 | errors=0
{'records': 122, 'indexed': 122, 'errors': 0, 'destination': 'eu_legislation/batch_0033/image_index'}
[Image Processor] NIM endpoint: http://127.0.0.1:8000/v1
[Image Processor] Vision model: nvidia/nemotron-3-nano-omni-30b-a3b-reasoning
[Image Processor] Concurrency=64 | target_rps=30
[Image Processor] Loading embedding model: all-MiniLM-L6-v2
Warning: You are sending unauthenticated requests to the HF Hub. Please set a HF_TOKEN to enable higher rate limits and faster downloads.
Loading weights:   0%|          | 0/103 [00:00<?, ?it/s]Loading weights: 100%|██████████| 103/103 [00:00<00:00, 9960.19it/s]
[Image Processor] Embedding model ready.
[Image Processor] Loading image manifests from eu_legislation/batch_0034/image_store
[Image Processor] Eligible image assets loaded: 85
[Image Processor] Starting visual descriptions | images=85 | max_concurrency=64 | target_rps=30
[Image Processor] Progress 1/85 (1.2%) | success=1 error=0 | avg=0.31 images/s | elapsed=0.1 min
[Image Processor] Progress 2/85 (2.4%) | success=2 error=0 | avg=0.60 images/s | elapsed=0.1 min
[Image Processor] Progress 3/85 (3.5%) | success=3 error=0 | avg=0.89 images/s | elapsed=0.1 min
[Image Processor] Progress 4/85 (4.7%) | success=4 error=0 | avg=1.16 images/s | elapsed=0.1 min
[Image Processor] Progress 5/85 (5.9%) | success=5 error=0 | avg=1.37 images/s | elapsed=0.1 min
[Image Processor] Progress 6/85 (7.1%) | success=6 error=0 | avg=1.55 images/s | elapsed=0.1 min
[Image Processor] Progress 7/85 (8.2%) | success=7 error=0 | avg=1.74 images/s | elapsed=0.1 min
[Image Processor] Progress 8/85 (9.4%) | success=8 error=0 | avg=1.96 images/s | elapsed=0.1 min
[Image Processor] Progress 9/85 (10.6%) | success=9 error=0 | avg=2.09 images/s | elapsed=0.1 min
[Image Processor] Progress 10/85 (11.8%) | success=10 error=0 | avg=2.21 images/s | elapsed=0.1 min
[Image Processor] Progress 25/85 (29.4%) | success=25 error=0 | avg=5.06 images/s | elapsed=0.1 min
[Image Processor] Progress 50/85 (58.8%) | success=50 error=0 | avg=8.64 images/s | elapsed=0.1 min
[Image Processor] Progress 75/85 (88.2%) | success=75 error=0 | avg=10.98 images/s | elapsed=0.1 min
[Image Processor] Progress 85/85 (100.0%) | success=85 error=0 | avg=11.03 images/s | elapsed=0.1 min
[Image Processor] Visual descriptions complete | images=85 | success=85 error=0 | avg=11.03 images/s | elapsed=0.1 min
[Image Processor] Writing image artifacts | records=85 | destination=eu_legislation/batch_0034/image_index
[Image Processor] Embedding 85 successful descriptions with all-MiniLM-L6-v2...
[Image Processor] FAISS index written | vectors=85 | dimension=384
[Image Processor] Artifacts complete | indexed=85 | errors=0
{'records': 85, 'indexed': 85, 'errors': 0, 'destination': 'eu_legislation/batch_0034/image_index'}
[Image Processor] NIM endpoint: http://127.0.0.1:8000/v1
[Image Processor] Vision model: nvidia/nemotron-3-nano-omni-30b-a3b-reasoning
[Image Processor] Concurrency=64 | target_rps=30
[Image Processor] Loading embedding model: all-MiniLM-L6-v2
Warning: You are sending unauthenticated requests to the HF Hub. Please set a HF_TOKEN to enable higher rate limits and faster downloads.
Loading weights:   0%|          | 0/103 [00:00<?, ?it/s]Loading weights: 100%|██████████| 103/103 [00:00<00:00, 10499.27it/s]
[Image Processor] Embedding model ready.
[Image Processor] Loading image manifests from eu_legislation/batch_0035/image_store
[Image Processor] Eligible image assets loaded: 33
[Image Processor] Starting visual descriptions | images=33 | max_concurrency=64 | target_rps=30
[Image Processor] Progress 1/33 (3.0%) | success=1 error=0 | avg=0.33 images/s | elapsed=0.1 min
[Image Processor] Progress 2/33 (6.1%) | success=2 error=0 | avg=0.63 images/s | elapsed=0.1 min
[Image Processor] Progress 3/33 (9.1%) | success=3 error=0 | avg=0.93 images/s | elapsed=0.1 min
[Image Processor] Progress 4/33 (12.1%) | success=4 error=0 | avg=1.24 images/s | elapsed=0.1 min
[Image Processor] Progress 5/33 (15.2%) | success=5 error=0 | avg=1.54 images/s | elapsed=0.1 min
[Image Processor] Progress 6/33 (18.2%) | success=6 error=0 | avg=1.81 images/s | elapsed=0.1 min
[Image Processor] Progress 7/33 (21.2%) | success=7 error=0 | avg=2.11 images/s | elapsed=0.1 min
[Image Processor] Progress 8/33 (24.2%) | success=8 error=0 | avg=2.35 images/s | elapsed=0.1 min
[Image Processor] Progress 9/33 (27.3%) | success=9 error=0 | avg=2.60 images/s | elapsed=0.1 min
[Image Processor] Progress 10/33 (30.3%) | success=10 error=0 | avg=2.89 images/s | elapsed=0.1 min
[Image Processor] Progress 25/33 (75.8%) | success=25 error=0 | avg=5.20 images/s | elapsed=0.1 min
[Image Processor] ERROR 33/33 | L_2019187EN.01001401_image_002.jpg | ValueError('Image model did not return parseable JSON. Raw output preview: \'{   "description": "A European Union Kimberley Process Certificate Import Confirmation document. It features a header with \\\'Unique Number: EU\\\', a title block, and a statement certifying that rough diamonds in a shipment were accepted for import. The document includes blank fields for \\\'From\\\', \\\'Into\\\', \\\'By\\\', and \\\'On\\\', and a statement confirming compliance with the Kimberley Process Certification Scheme. A table lists HS classifications 7102.10, 7102.21, and 7102.31 with columns for \\\'Carat\\\' and \\\'Val\'')
[Image Processor] Progress 33/33 (100.0%) | success=32 error=1 | avg=0.17 images/s | elapsed=3.3 min
[Image Processor] Visual descriptions complete | images=33 | success=32 error=1 | avg=0.17 images/s | elapsed=3.3 min
[Image Processor] Writing image artifacts | records=33 | destination=eu_legislation/batch_0035/image_index
[Image Processor] Embedding 32 successful descriptions with all-MiniLM-L6-v2...
[Image Processor] FAISS index written | vectors=32 | dimension=384
[Image Processor] Artifacts complete | indexed=32 | errors=1
{'records': 33, 'indexed': 32, 'errors': 1, 'destination': 'eu_legislation/batch_0035/image_index'}
[Image Processor] NIM endpoint: http://127.0.0.1:8000/v1
[Image Processor] Vision model: nvidia/nemotron-3-nano-omni-30b-a3b-reasoning
[Image Processor] Concurrency=64 | target_rps=30
[Image Processor] Loading embedding model: all-MiniLM-L6-v2
Warning: You are sending unauthenticated requests to the HF Hub. Please set a HF_TOKEN to enable higher rate limits and faster downloads.
Loading weights:   0%|          | 0/103 [00:00<?, ?it/s]Loading weights: 100%|██████████| 103/103 [00:00<00:00, 7552.15it/s]
[Image Processor] Embedding model ready.
[Image Processor] Loading image manifests from eu_legislation/batch_0036/image_store
[Image Processor] Eligible image assets loaded: 101
[Image Processor] Starting visual descriptions | images=101 | max_concurrency=64 | target_rps=30
[Image Processor] Progress 1/101 (1.0%) | success=1 error=0 | avg=0.26 images/s | elapsed=0.1 min
[Image Processor] Progress 2/101 (2.0%) | success=2 error=0 | avg=0.52 images/s | elapsed=0.1 min
[Image Processor] Progress 3/101 (3.0%) | success=3 error=0 | avg=0.76 images/s | elapsed=0.1 min
[Image Processor] Progress 4/101 (4.0%) | success=4 error=0 | avg=1.01 images/s | elapsed=0.1 min
[Image Processor] Progress 5/101 (5.0%) | success=5 error=0 | avg=1.26 images/s | elapsed=0.1 min
[Image Processor] Progress 6/101 (5.9%) | success=6 error=0 | avg=1.50 images/s | elapsed=0.1 min
[Image Processor] Progress 7/101 (6.9%) | success=7 error=0 | avg=1.74 images/s | elapsed=0.1 min
[Image Processor] Progress 8/101 (7.9%) | success=8 error=0 | avg=1.99 images/s | elapsed=0.1 min
[Image Processor] Progress 9/101 (8.9%) | success=9 error=0 | avg=2.23 images/s | elapsed=0.1 min
[Image Processor] Progress 10/101 (9.9%) | success=10 error=0 | avg=2.39 images/s | elapsed=0.1 min
[Image Processor] Progress 25/101 (24.8%) | success=25 error=0 | avg=4.74 images/s | elapsed=0.1 min
[Image Processor] Progress 50/101 (49.5%) | success=50 error=0 | avg=7.47 images/s | elapsed=0.1 min
[Image Processor] Progress 75/101 (74.3%) | success=75 error=0 | avg=10.27 images/s | elapsed=0.1 min
[Image Processor] Progress 100/101 (99.0%) | success=100 error=0 | avg=9.48 images/s | elapsed=0.2 min
[Image Processor] Progress 101/101 (100.0%) | success=101 error=0 | avg=9.52 images/s | elapsed=0.2 min
[Image Processor] Visual descriptions complete | images=101 | success=101 error=0 | avg=9.52 images/s | elapsed=0.2 min
[Image Processor] Writing image artifacts | records=101 | destination=eu_legislation/batch_0036/image_index
[Image Processor] Embedding 101 successful descriptions with all-MiniLM-L6-v2...
[Image Processor] FAISS index written | vectors=101 | dimension=384
[Image Processor] Artifacts complete | indexed=101 | errors=0
{'records': 101, 'indexed': 101, 'errors': 0, 'destination': 'eu_legislation/batch_0036/image_index'}
[Image Processor] NIM endpoint: http://127.0.0.1:8000/v1
[Image Processor] Vision model: nvidia/nemotron-3-nano-omni-30b-a3b-reasoning
[Image Processor] Concurrency=64 | target_rps=30
[Image Processor] Loading embedding model: all-MiniLM-L6-v2
Warning: You are sending unauthenticated requests to the HF Hub. Please set a HF_TOKEN to enable higher rate limits and faster downloads.
Loading weights:   0%|          | 0/103 [00:00<?, ?it/s]Loading weights: 100%|██████████| 103/103 [00:00<00:00, 9877.53it/s]
[Image Processor] Embedding model ready.
[Image Processor] Loading image manifests from eu_legislation/batch_0037/image_store
[Image Processor] Eligible image assets loaded: 174
[Image Processor] Starting visual descriptions | images=174 | max_concurrency=64 | target_rps=30
[Image Processor] Progress 1/174 (0.6%) | success=1 error=0 | avg=0.27 images/s | elapsed=0.1 min
[Image Processor] Progress 2/174 (1.1%) | success=2 error=0 | avg=0.51 images/s | elapsed=0.1 min
[Image Processor] Progress 3/174 (1.7%) | success=3 error=0 | avg=0.76 images/s | elapsed=0.1 min
[Image Processor] Progress 4/174 (2.3%) | success=4 error=0 | avg=1.01 images/s | elapsed=0.1 min
[Image Processor] Progress 5/174 (2.9%) | success=5 error=0 | avg=1.26 images/s | elapsed=0.1 min
[Image Processor] Progress 6/174 (3.4%) | success=6 error=0 | avg=1.50 images/s | elapsed=0.1 min
[Image Processor] Progress 7/174 (4.0%) | success=7 error=0 | avg=1.71 images/s | elapsed=0.1 min
[Image Processor] Progress 8/174 (4.6%) | success=8 error=0 | avg=1.95 images/s | elapsed=0.1 min
[Image Processor] Progress 9/174 (5.2%) | success=9 error=0 | avg=2.19 images/s | elapsed=0.1 min
[Image Processor] Progress 10/174 (5.7%) | success=10 error=0 | avg=2.43 images/s | elapsed=0.1 min
[Image Processor] Progress 25/174 (14.4%) | success=25 error=0 | avg=5.45 images/s | elapsed=0.1 min
[Image Processor] Progress 50/174 (28.7%) | success=50 error=0 | avg=7.53 images/s | elapsed=0.1 min
[Image Processor] Progress 75/174 (43.1%) | success=75 error=0 | avg=9.60 images/s | elapsed=0.1 min
[Image Processor] Progress 100/174 (57.5%) | success=100 error=0 | avg=10.29 images/s | elapsed=0.2 min
[Image Processor] Progress 125/174 (71.8%) | success=125 error=0 | avg=11.87 images/s | elapsed=0.2 min
[Image Processor] Progress 150/174 (86.2%) | success=150 error=0 | avg=13.63 images/s | elapsed=0.2 min
[Image Processor] Progress 174/174 (100.0%) | success=174 error=0 | avg=13.29 images/s | elapsed=0.2 min
[Image Processor] Visual descriptions complete | images=174 | success=174 error=0 | avg=13.29 images/s | elapsed=0.2 min
[Image Processor] Writing image artifacts | records=174 | destination=eu_legislation/batch_0037/image_index
[Image Processor] Embedding 174 successful descriptions with all-MiniLM-L6-v2...
[Image Processor] FAISS index written | vectors=174 | dimension=384
[Image Processor] Artifacts complete | indexed=174 | errors=0
{'records': 174, 'indexed': 174, 'errors': 0, 'destination': 'eu_legislation/batch_0037/image_index'}
[Image Processor] NIM endpoint: http://127.0.0.1:8000/v1
[Image Processor] Vision model: nvidia/nemotron-3-nano-omni-30b-a3b-reasoning
[Image Processor] Concurrency=64 | target_rps=30
[Image Processor] Loading embedding model: all-MiniLM-L6-v2
Warning: You are sending unauthenticated requests to the HF Hub. Please set a HF_TOKEN to enable higher rate limits and faster downloads.
Loading weights:   0%|          | 0/103 [00:00<?, ?it/s]Loading weights: 100%|██████████| 103/103 [00:00<00:00, 10092.12it/s]
[Image Processor] Embedding model ready.
[Image Processor] Loading image manifests from eu_legislation/batch_0038/image_store
[Image Processor] Eligible image assets loaded: 58
[Image Processor] Starting visual descriptions | images=58 | max_concurrency=64 | target_rps=30
[Image Processor] Progress 1/58 (1.7%) | success=1 error=0 | avg=0.34 images/s | elapsed=0.0 min
[Image Processor] Progress 2/58 (3.4%) | success=2 error=0 | avg=0.60 images/s | elapsed=0.1 min
[Image Processor] Progress 3/58 (5.2%) | success=3 error=0 | avg=0.85 images/s | elapsed=0.1 min
[Image Processor] Progress 4/58 (6.9%) | success=4 error=0 | avg=1.13 images/s | elapsed=0.1 min
[Image Processor] Progress 5/58 (8.6%) | success=5 error=0 | avg=1.40 images/s | elapsed=0.1 min
[Image Processor] Progress 6/58 (10.3%) | success=6 error=0 | avg=1.67 images/s | elapsed=0.1 min
[Image Processor] Progress 7/58 (12.1%) | success=7 error=0 | avg=1.95 images/s | elapsed=0.1 min
[Image Processor] Progress 8/58 (13.8%) | success=8 error=0 | avg=2.19 images/s | elapsed=0.1 min
[Image Processor] Progress 9/58 (15.5%) | success=9 error=0 | avg=2.46 images/s | elapsed=0.1 min
[Image Processor] Progress 10/58 (17.2%) | success=10 error=0 | avg=2.73 images/s | elapsed=0.1 min
[Image Processor] Progress 25/58 (43.1%) | success=25 error=0 | avg=6.27 images/s | elapsed=0.1 min
[Image Processor] Progress 50/58 (86.2%) | success=50 error=0 | avg=10.22 images/s | elapsed=0.1 min
[Image Processor] Progress 58/58 (100.0%) | success=58 error=0 | avg=8.60 images/s | elapsed=0.1 min
[Image Processor] Visual descriptions complete | images=58 | success=58 error=0 | avg=8.60 images/s | elapsed=0.1 min
[Image Processor] Writing image artifacts | records=58 | destination=eu_legislation/batch_0038/image_index
[Image Processor] Embedding 58 successful descriptions with all-MiniLM-L6-v2...
[Image Processor] FAISS index written | vectors=58 | dimension=384
[Image Processor] Artifacts complete | indexed=58 | errors=0
{'records': 58, 'indexed': 58, 'errors': 0, 'destination': 'eu_legislation/batch_0038/image_index'}
[Image Processor] NIM endpoint: http://127.0.0.1:8000/v1
[Image Processor] Vision model: nvidia/nemotron-3-nano-omni-30b-a3b-reasoning
[Image Processor] Concurrency=64 | target_rps=30
[Image Processor] Loading embedding model: all-MiniLM-L6-v2
Warning: You are sending unauthenticated requests to the HF Hub. Please set a HF_TOKEN to enable higher rate limits and faster downloads.
Loading weights:   0%|          | 0/103 [00:00<?, ?it/s]Loading weights: 100%|██████████| 103/103 [00:00<00:00, 10296.57it/s]
[Image Processor] Embedding model ready.
[Image Processor] Loading image manifests from eu_legislation/batch_0039/image_store
[Image Processor] Eligible image assets loaded: 131
[Image Processor] Starting visual descriptions | images=131 | max_concurrency=64 | target_rps=30
[Image Processor] Progress 1/131 (0.8%) | success=1 error=0 | avg=0.24 images/s | elapsed=0.1 min
[Image Processor] Progress 2/131 (1.5%) | success=2 error=0 | avg=0.47 images/s | elapsed=0.1 min
[Image Processor] Progress 3/131 (2.3%) | success=3 error=0 | avg=0.70 images/s | elapsed=0.1 min
[Image Processor] Progress 4/131 (3.1%) | success=4 error=0 | avg=0.92 images/s | elapsed=0.1 min
[Image Processor] Progress 5/131 (3.8%) | success=5 error=0 | avg=1.15 images/s | elapsed=0.1 min
[Image Processor] Progress 6/131 (4.6%) | success=6 error=0 | avg=1.34 images/s | elapsed=0.1 min
[Image Processor] Progress 7/131 (5.3%) | success=7 error=0 | avg=1.56 images/s | elapsed=0.1 min
[Image Processor] Progress 8/131 (6.1%) | success=8 error=0 | avg=1.76 images/s | elapsed=0.1 min
[Image Processor] Progress 9/131 (6.9%) | success=9 error=0 | avg=1.88 images/s | elapsed=0.1 min
[Image Processor] Progress 10/131 (7.6%) | success=10 error=0 | avg=2.01 images/s | elapsed=0.1 min
[Image Processor] Progress 25/131 (19.1%) | success=25 error=0 | avg=4.82 images/s | elapsed=0.1 min
[Image Processor] Progress 50/131 (38.2%) | success=50 error=0 | avg=6.50 images/s | elapsed=0.1 min
[Image Processor] Progress 75/131 (57.3%) | success=75 error=0 | avg=8.59 images/s | elapsed=0.1 min
[Image Processor] Progress 100/131 (76.3%) | success=100 error=0 | avg=10.71 images/s | elapsed=0.2 min
[Image Processor] Progress 125/131 (95.4%) | success=125 error=0 | avg=10.56 images/s | elapsed=0.2 min
[Image Processor] Progress 131/131 (100.0%) | success=131 error=0 | avg=10.14 images/s | elapsed=0.2 min
[Image Processor] Visual descriptions complete | images=131 | success=131 error=0 | avg=10.14 images/s | elapsed=0.2 min
[Image Processor] Writing image artifacts | records=131 | destination=eu_legislation/batch_0039/image_index
[Image Processor] Embedding 131 successful descriptions with all-MiniLM-L6-v2...
[Image Processor] FAISS index written | vectors=131 | dimension=384
[Image Processor] Artifacts complete | indexed=131 | errors=0
{'records': 131, 'indexed': 131, 'errors': 0, 'destination': 'eu_legislation/batch_0039/image_index'}
[Image Processor] NIM endpoint: http://127.0.0.1:8000/v1
[Image Processor] Vision model: nvidia/nemotron-3-nano-omni-30b-a3b-reasoning
[Image Processor] Concurrency=64 | target_rps=30
[Image Processor] Loading embedding model: all-MiniLM-L6-v2
Warning: You are sending unauthenticated requests to the HF Hub. Please set a HF_TOKEN to enable higher rate limits and faster downloads.
Loading weights:   0%|          | 0/103 [00:00<?, ?it/s]Loading weights: 100%|██████████| 103/103 [00:00<00:00, 10161.43it/s]
[Image Processor] Embedding model ready.
[Image Processor] Loading image manifests from eu_legislation/batch_0040/image_store
[Image Processor] Eligible image assets loaded: 129
[Image Processor] Starting visual descriptions | images=129 | max_concurrency=64 | target_rps=30
[Image Processor] Progress 1/129 (0.8%) | success=1 error=0 | avg=0.29 images/s | elapsed=0.1 min
[Image Processor] Progress 2/129 (1.6%) | success=2 error=0 | avg=0.57 images/s | elapsed=0.1 min
[Image Processor] Progress 3/129 (2.3%) | success=3 error=0 | avg=0.84 images/s | elapsed=0.1 min
[Image Processor] Progress 4/129 (3.1%) | success=4 error=0 | avg=1.11 images/s | elapsed=0.1 min
[Image Processor] Progress 5/129 (3.9%) | success=5 error=0 | avg=1.38 images/s | elapsed=0.1 min
[Image Processor] Progress 6/129 (4.7%) | success=6 error=0 | avg=1.56 images/s | elapsed=0.1 min
[Image Processor] Progress 7/129 (5.4%) | success=7 error=0 | avg=1.82 images/s | elapsed=0.1 min
[Image Processor] Progress 8/129 (6.2%) | success=8 error=0 | avg=2.00 images/s | elapsed=0.1 min
[Image Processor] Progress 9/129 (7.0%) | success=9 error=0 | avg=2.25 images/s | elapsed=0.1 min
[Image Processor] Progress 10/129 (7.8%) | success=10 error=0 | avg=2.49 images/s | elapsed=0.1 min
[Image Processor] Progress 25/129 (19.4%) | success=25 error=0 | avg=5.54 images/s | elapsed=0.1 min
[Image Processor] Progress 50/129 (38.8%) | success=50 error=0 | avg=7.86 images/s | elapsed=0.1 min
[Image Processor] Progress 75/129 (58.1%) | success=75 error=0 | avg=10.08 images/s | elapsed=0.1 min
[Image Processor] Progress 100/129 (77.5%) | success=100 error=0 | avg=12.44 images/s | elapsed=0.1 min
[Image Processor] Progress 125/129 (96.9%) | success=125 error=0 | avg=11.94 images/s | elapsed=0.2 min
[Image Processor] Progress 129/129 (100.0%) | success=129 error=0 | avg=11.35 images/s | elapsed=0.2 min
[Image Processor] Visual descriptions complete | images=129 | success=129 error=0 | avg=11.35 images/s | elapsed=0.2 min
[Image Processor] Writing image artifacts | records=129 | destination=eu_legislation/batch_0040/image_index
[Image Processor] Embedding 129 successful descriptions with all-MiniLM-L6-v2...
[Image Processor] FAISS index written | vectors=129 | dimension=384
[Image Processor] Artifacts complete | indexed=129 | errors=0
{'records': 129, 'indexed': 129, 'errors': 0, 'destination': 'eu_legislation/batch_0040/image_index'}
[Image Processor] NIM endpoint: http://127.0.0.1:8000/v1
[Image Processor] Vision model: nvidia/nemotron-3-nano-omni-30b-a3b-reasoning
[Image Processor] Concurrency=64 | target_rps=30
[Image Processor] Loading embedding model: all-MiniLM-L6-v2
Warning: You are sending unauthenticated requests to the HF Hub. Please set a HF_TOKEN to enable higher rate limits and faster downloads.
Loading weights:   0%|          | 0/103 [00:00<?, ?it/s]Loading weights: 100%|██████████| 103/103 [00:00<00:00, 8975.22it/s]
[Image Processor] Embedding model ready.
[Image Processor] Loading image manifests from eu_legislation/batch_0041/image_store
[Image Processor] Eligible image assets loaded: 77
[Image Processor] Starting visual descriptions | images=77 | max_concurrency=64 | target_rps=30
[Image Processor] Progress 1/77 (1.3%) | success=1 error=0 | avg=0.33 images/s | elapsed=0.1 min
[Image Processor] Progress 2/77 (2.6%) | success=2 error=0 | avg=0.64 images/s | elapsed=0.1 min
[Image Processor] Progress 3/77 (3.9%) | success=3 error=0 | avg=0.93 images/s | elapsed=0.1 min
[Image Processor] Progress 4/77 (5.2%) | success=4 error=0 | avg=1.22 images/s | elapsed=0.1 min
[Image Processor] Progress 5/77 (6.5%) | success=5 error=0 | avg=1.30 images/s | elapsed=0.1 min
[Image Processor] Progress 6/77 (7.8%) | success=6 error=0 | avg=1.48 images/s | elapsed=0.1 min
[Image Processor] Progress 7/77 (9.1%) | success=7 error=0 | avg=1.73 images/s | elapsed=0.1 min
[Image Processor] Progress 8/77 (10.4%) | success=8 error=0 | avg=1.96 images/s | elapsed=0.1 min
[Image Processor] Progress 9/77 (11.7%) | success=9 error=0 | avg=2.13 images/s | elapsed=0.1 min
[Image Processor] Progress 10/77 (13.0%) | success=10 error=0 | avg=2.35 images/s | elapsed=0.1 min
[Image Processor] Progress 25/77 (32.5%) | success=25 error=0 | avg=5.26 images/s | elapsed=0.1 min
[Image Processor] Progress 50/77 (64.9%) | success=50 error=0 | avg=9.73 images/s | elapsed=0.1 min
[Image Processor] Progress 75/77 (97.4%) | success=75 error=0 | avg=13.25 images/s | elapsed=0.1 min
[Image Processor] Progress 77/77 (100.0%) | success=77 error=0 | avg=13.18 images/s | elapsed=0.1 min
[Image Processor] Visual descriptions complete | images=77 | success=77 error=0 | avg=13.18 images/s | elapsed=0.1 min
[Image Processor] Writing image artifacts | records=77 | destination=eu_legislation/batch_0041/image_index
[Image Processor] Embedding 77 successful descriptions with all-MiniLM-L6-v2...
[Image Processor] FAISS index written | vectors=77 | dimension=384
[Image Processor] Artifacts complete | indexed=77 | errors=0
{'records': 77, 'indexed': 77, 'errors': 0, 'destination': 'eu_legislation/batch_0041/image_index'}
[Image Processor] NIM endpoint: http://127.0.0.1:8000/v1
[Image Processor] Vision model: nvidia/nemotron-3-nano-omni-30b-a3b-reasoning
[Image Processor] Concurrency=64 | target_rps=30
[Image Processor] Loading embedding model: all-MiniLM-L6-v2
Warning: You are sending unauthenticated requests to the HF Hub. Please set a HF_TOKEN to enable higher rate limits and faster downloads.
Loading weights:   0%|          | 0/103 [00:00<?, ?it/s]Loading weights: 100%|██████████| 103/103 [00:00<00:00, 9796.00it/s]
[Image Processor] Embedding model ready.
[Image Processor] Loading image manifests from eu_legislation/batch_0042/image_store
[Image Processor] Eligible image assets loaded: 75
[Image Processor] Starting visual descriptions | images=75 | max_concurrency=64 | target_rps=30
[Image Processor] Progress 1/75 (1.3%) | success=1 error=0 | avg=0.30 images/s | elapsed=0.1 min
[Image Processor] Progress 2/75 (2.7%) | success=2 error=0 | avg=0.57 images/s | elapsed=0.1 min
[Image Processor] Progress 3/75 (4.0%) | success=3 error=0 | avg=0.84 images/s | elapsed=0.1 min
[Image Processor] Progress 4/75 (5.3%) | success=4 error=0 | avg=1.11 images/s | elapsed=0.1 min
[Image Processor] Progress 5/75 (6.7%) | success=5 error=0 | avg=1.33 images/s | elapsed=0.1 min
[Image Processor] Progress 6/75 (8.0%) | success=6 error=0 | avg=1.60 images/s | elapsed=0.1 min
[Image Processor] Progress 7/75 (9.3%) | success=7 error=0 | avg=1.86 images/s | elapsed=0.1 min
[Image Processor] Progress 8/75 (10.7%) | success=8 error=0 | avg=2.09 images/s | elapsed=0.1 min
[Image Processor] Progress 9/75 (12.0%) | success=9 error=0 | avg=2.18 images/s | elapsed=0.1 min
[Image Processor] Progress 10/75 (13.3%) | success=10 error=0 | avg=2.33 images/s | elapsed=0.1 min
[Image Processor] Progress 25/75 (33.3%) | success=25 error=0 | avg=5.17 images/s | elapsed=0.1 min
[Image Processor] Progress 50/75 (66.7%) | success=50 error=0 | avg=9.19 images/s | elapsed=0.1 min
[Image Processor] Progress 75/75 (100.0%) | success=75 error=0 | avg=10.20 images/s | elapsed=0.1 min
[Image Processor] Visual descriptions complete | images=75 | success=75 error=0 | avg=10.20 images/s | elapsed=0.1 min
[Image Processor] Writing image artifacts | records=75 | destination=eu_legislation/batch_0042/image_index
[Image Processor] Embedding 75 successful descriptions with all-MiniLM-L6-v2...
[Image Processor] FAISS index written | vectors=75 | dimension=384
[Image Processor] Artifacts complete | indexed=75 | errors=0
{'records': 75, 'indexed': 75, 'errors': 0, 'destination': 'eu_legislation/batch_0042/image_index'}
[Image Processor] NIM endpoint: http://127.0.0.1:8000/v1
[Image Processor] Vision model: nvidia/nemotron-3-nano-omni-30b-a3b-reasoning
[Image Processor] Concurrency=64 | target_rps=30
[Image Processor] Loading embedding model: all-MiniLM-L6-v2
Warning: You are sending unauthenticated requests to the HF Hub. Please set a HF_TOKEN to enable higher rate limits and faster downloads.
Loading weights:   0%|          | 0/103 [00:00<?, ?it/s]Loading weights: 100%|██████████| 103/103 [00:00<00:00, 9782.25it/s]
[Image Processor] Embedding model ready.
[Image Processor] Loading image manifests from eu_legislation/batch_0043/image_store
[Image Processor] Eligible image assets loaded: 29
[Image Processor] Starting visual descriptions | images=29 | max_concurrency=64 | target_rps=30
[Image Processor] Progress 1/29 (3.4%) | success=1 error=0 | avg=0.37 images/s | elapsed=0.0 min
[Image Processor] Progress 2/29 (6.9%) | success=2 error=0 | avg=0.72 images/s | elapsed=0.0 min
[Image Processor] Progress 3/29 (10.3%) | success=3 error=0 | avg=1.06 images/s | elapsed=0.0 min
[Image Processor] Progress 4/29 (13.8%) | success=4 error=0 | avg=1.40 images/s | elapsed=0.0 min
[Image Processor] Progress 5/29 (17.2%) | success=5 error=0 | avg=1.73 images/s | elapsed=0.0 min
[Image Processor] Progress 6/29 (20.7%) | success=6 error=0 | avg=2.06 images/s | elapsed=0.0 min
[Image Processor] Progress 7/29 (24.1%) | success=7 error=0 | avg=2.40 images/s | elapsed=0.0 min
[Image Processor] Progress 8/29 (27.6%) | success=8 error=0 | avg=2.69 images/s | elapsed=0.0 min
[Image Processor] Progress 9/29 (31.0%) | success=9 error=0 | avg=2.99 images/s | elapsed=0.1 min
[Image Processor] Progress 10/29 (34.5%) | success=10 error=0 | avg=3.27 images/s | elapsed=0.1 min
[Image Processor] Progress 25/29 (86.2%) | success=25 error=0 | avg=5.00 images/s | elapsed=0.1 min
[Image Processor] Progress 29/29 (100.0%) | success=29 error=0 | avg=4.95 images/s | elapsed=0.1 min
[Image Processor] Visual descriptions complete | images=29 | success=29 error=0 | avg=4.95 images/s | elapsed=0.1 min
[Image Processor] Writing image artifacts | records=29 | destination=eu_legislation/batch_0043/image_index
[Image Processor] Embedding 29 successful descriptions with all-MiniLM-L6-v2...
[Image Processor] FAISS index written | vectors=29 | dimension=384
[Image Processor] Artifacts complete | indexed=29 | errors=0
{'records': 29, 'indexed': 29, 'errors': 0, 'destination': 'eu_legislation/batch_0043/image_index'}
[Image Processor] NIM endpoint: http://127.0.0.1:8000/v1
[Image Processor] Vision model: nvidia/nemotron-3-nano-omni-30b-a3b-reasoning
[Image Processor] Concurrency=64 | target_rps=30
[Image Processor] Loading embedding model: all-MiniLM-L6-v2
Warning: You are sending unauthenticated requests to the HF Hub. Please set a HF_TOKEN to enable higher rate limits and faster downloads.
Loading weights:   0%|          | 0/103 [00:00<?, ?it/s]Loading weights: 100%|██████████| 103/103 [00:00<00:00, 10222.51it/s]
[Image Processor] Embedding model ready.
[Image Processor] Loading image manifests from eu_legislation/batch_0044/image_store
[Image Processor] Eligible image assets loaded: 60
[Image Processor] Starting visual descriptions | images=60 | max_concurrency=64 | target_rps=30
[Image Processor] Progress 1/60 (1.7%) | success=1 error=0 | avg=0.76 images/s | elapsed=0.0 min
[Image Processor] Progress 2/60 (3.3%) | success=2 error=0 | avg=0.55 images/s | elapsed=0.1 min
[Image Processor] Progress 3/60 (5.0%) | success=3 error=0 | avg=0.81 images/s | elapsed=0.1 min
[Image Processor] Progress 4/60 (6.7%) | success=4 error=0 | avg=1.06 images/s | elapsed=0.1 min
[Image Processor] Progress 5/60 (8.3%) | success=5 error=0 | avg=1.32 images/s | elapsed=0.1 min
[Image Processor] Progress 6/60 (10.0%) | success=6 error=0 | avg=1.58 images/s | elapsed=0.1 min
[Image Processor] Progress 7/60 (11.7%) | success=7 error=0 | avg=1.85 images/s | elapsed=0.1 min
[Image Processor] Progress 8/60 (13.3%) | success=8 error=0 | avg=2.09 images/s | elapsed=0.1 min
[Image Processor] Progress 9/60 (15.0%) | success=9 error=0 | avg=2.35 images/s | elapsed=0.1 min
[Image Processor] Progress 10/60 (16.7%) | success=10 error=0 | avg=2.60 images/s | elapsed=0.1 min
[Image Processor] Progress 25/60 (41.7%) | success=25 error=0 | avg=6.17 images/s | elapsed=0.1 min
[Image Processor] Progress 50/60 (83.3%) | success=50 error=0 | avg=10.17 images/s | elapsed=0.1 min
[Image Processor] Progress 60/60 (100.0%) | success=60 error=0 | avg=10.25 images/s | elapsed=0.1 min
[Image Processor] Visual descriptions complete | images=60 | success=60 error=0 | avg=10.25 images/s | elapsed=0.1 min
[Image Processor] Writing image artifacts | records=60 | destination=eu_legislation/batch_0044/image_index
[Image Processor] Embedding 60 successful descriptions with all-MiniLM-L6-v2...
[Image Processor] FAISS index written | vectors=60 | dimension=384
[Image Processor] Artifacts complete | indexed=60 | errors=0
{'records': 60, 'indexed': 60, 'errors': 0, 'destination': 'eu_legislation/batch_0044/image_index'}
[Image Processor] NIM endpoint: http://127.0.0.1:8000/v1
[Image Processor] Vision model: nvidia/nemotron-3-nano-omni-30b-a3b-reasoning
[Image Processor] Concurrency=64 | target_rps=30
[Image Processor] Loading embedding model: all-MiniLM-L6-v2
Warning: You are sending unauthenticated requests to the HF Hub. Please set a HF_TOKEN to enable higher rate limits and faster downloads.
Loading weights:   0%|          | 0/103 [00:00<?, ?it/s]Loading weights: 100%|██████████| 103/103 [00:00<00:00, 9380.99it/s]
[Image Processor] Embedding model ready.
[Image Processor] Loading image manifests from eu_legislation/batch_0045/image_store
[Image Processor] Eligible image assets loaded: 40
[Image Processor] Starting visual descriptions | images=40 | max_concurrency=64 | target_rps=30
[Image Processor] Progress 1/40 (2.5%) | success=1 error=0 | avg=0.35 images/s | elapsed=0.0 min
[Image Processor] Progress 2/40 (5.0%) | success=2 error=0 | avg=0.69 images/s | elapsed=0.0 min
[Image Processor] Progress 3/40 (7.5%) | success=3 error=0 | avg=1.00 images/s | elapsed=0.0 min
[Image Processor] Progress 4/40 (10.0%) | success=4 error=0 | avg=1.31 images/s | elapsed=0.1 min
[Image Processor] Progress 5/40 (12.5%) | success=5 error=0 | avg=1.57 images/s | elapsed=0.1 min
[Image Processor] Progress 6/40 (15.0%) | success=6 error=0 | avg=1.88 images/s | elapsed=0.1 min
[Image Processor] Progress 7/40 (17.5%) | success=7 error=0 | avg=2.18 images/s | elapsed=0.1 min
[Image Processor] Progress 8/40 (20.0%) | success=8 error=0 | avg=2.48 images/s | elapsed=0.1 min
[Image Processor] Progress 9/40 (22.5%) | success=9 error=0 | avg=2.78 images/s | elapsed=0.1 min
[Image Processor] Progress 10/40 (25.0%) | success=10 error=0 | avg=3.08 images/s | elapsed=0.1 min
[Image Processor] Progress 25/40 (62.5%) | success=25 error=0 | avg=7.17 images/s | elapsed=0.1 min
[Image Processor] Progress 40/40 (100.0%) | success=40 error=0 | avg=8.00 images/s | elapsed=0.1 min
[Image Processor] Visual descriptions complete | images=40 | success=40 error=0 | avg=8.00 images/s | elapsed=0.1 min
[Image Processor] Writing image artifacts | records=40 | destination=eu_legislation/batch_0045/image_index
[Image Processor] Embedding 40 successful descriptions with all-MiniLM-L6-v2...
[Image Processor] FAISS index written | vectors=40 | dimension=384
[Image Processor] Artifacts complete | indexed=40 | errors=0
{'records': 40, 'indexed': 40, 'errors': 0, 'destination': 'eu_legislation/batch_0045/image_index'}
[Image Processor] NIM endpoint: http://127.0.0.1:8000/v1
[Image Processor] Vision model: nvidia/nemotron-3-nano-omni-30b-a3b-reasoning
[Image Processor] Concurrency=64 | target_rps=30
[Image Processor] Loading embedding model: all-MiniLM-L6-v2
Warning: You are sending unauthenticated requests to the HF Hub. Please set a HF_TOKEN to enable higher rate limits and faster downloads.
Loading weights:   0%|          | 0/103 [00:00<?, ?it/s]Loading weights: 100%|██████████| 103/103 [00:00<00:00, 9885.66it/s]
[Image Processor] Embedding model ready.
[Image Processor] Loading image manifests from eu_legislation/batch_0046/image_store
[Image Processor] Eligible image assets loaded: 68
[Image Processor] Starting visual descriptions | images=68 | max_concurrency=64 | target_rps=30
[Image Processor] Progress 1/68 (1.5%) | success=1 error=0 | avg=0.32 images/s | elapsed=0.1 min
[Image Processor] Progress 2/68 (2.9%) | success=2 error=0 | avg=0.59 images/s | elapsed=0.1 min
[Image Processor] Progress 3/68 (4.4%) | success=3 error=0 | avg=0.88 images/s | elapsed=0.1 min
[Image Processor] Progress 4/68 (5.9%) | success=4 error=0 | avg=1.13 images/s | elapsed=0.1 min
[Image Processor] Progress 5/68 (7.4%) | success=5 error=0 | avg=1.41 images/s | elapsed=0.1 min
[Image Processor] Progress 6/68 (8.8%) | success=6 error=0 | avg=1.68 images/s | elapsed=0.1 min
[Image Processor] Progress 7/68 (10.3%) | success=7 error=0 | avg=1.94 images/s | elapsed=0.1 min
[Image Processor] Progress 8/68 (11.8%) | success=8 error=0 | avg=2.22 images/s | elapsed=0.1 min
[Image Processor] Progress 9/68 (13.2%) | success=9 error=0 | avg=2.28 images/s | elapsed=0.1 min
[Image Processor] Progress 10/68 (14.7%) | success=10 error=0 | avg=2.50 images/s | elapsed=0.1 min
[Image Processor] Progress 25/68 (36.8%) | success=25 error=0 | avg=5.77 images/s | elapsed=0.1 min
[Image Processor] Progress 50/68 (73.5%) | success=50 error=0 | avg=10.68 images/s | elapsed=0.1 min
[Image Processor] Progress 68/68 (100.0%) | success=68 error=0 | avg=11.28 images/s | elapsed=0.1 min
[Image Processor] Visual descriptions complete | images=68 | success=68 error=0 | avg=11.28 images/s | elapsed=0.1 min
[Image Processor] Writing image artifacts | records=68 | destination=eu_legislation/batch_0046/image_index
[Image Processor] Embedding 68 successful descriptions with all-MiniLM-L6-v2...
[Image Processor] FAISS index written | vectors=68 | dimension=384
[Image Processor] Artifacts complete | indexed=68 | errors=0
{'records': 68, 'indexed': 68, 'errors': 0, 'destination': 'eu_legislation/batch_0046/image_index'}
[Image Processor] NIM endpoint: http://127.0.0.1:8000/v1
[Image Processor] Vision model: nvidia/nemotron-3-nano-omni-30b-a3b-reasoning
[Image Processor] Concurrency=64 | target_rps=30
[Image Processor] Loading embedding model: all-MiniLM-L6-v2
Warning: You are sending unauthenticated requests to the HF Hub. Please set a HF_TOKEN to enable higher rate limits and faster downloads.
Loading weights:   0%|          | 0/103 [00:00<?, ?it/s]Loading weights: 100%|██████████| 103/103 [00:00<00:00, 10552.87it/s]
[Image Processor] Embedding model ready.
[Image Processor] Loading image manifests from eu_legislation/batch_0047/image_store
[Image Processor] Eligible image assets loaded: 74
[Image Processor] Starting visual descriptions | images=74 | max_concurrency=64 | target_rps=30
[Image Processor] Progress 1/74 (1.4%) | success=1 error=0 | avg=0.32 images/s | elapsed=0.1 min
[Image Processor] Progress 2/74 (2.7%) | success=2 error=0 | avg=0.60 images/s | elapsed=0.1 min
[Image Processor] Progress 3/74 (4.1%) | success=3 error=0 | avg=0.84 images/s | elapsed=0.1 min
[Image Processor] Progress 4/74 (5.4%) | success=4 error=0 | avg=1.12 images/s | elapsed=0.1 min
[Image Processor] Progress 5/74 (6.8%) | success=5 error=0 | avg=1.33 images/s | elapsed=0.1 min
[Image Processor] Progress 6/74 (8.1%) | success=6 error=0 | avg=1.59 images/s | elapsed=0.1 min
[Image Processor] Progress 7/74 (9.5%) | success=7 error=0 | avg=1.86 images/s | elapsed=0.1 min
[Image Processor] Progress 8/74 (10.8%) | success=8 error=0 | avg=2.11 images/s | elapsed=0.1 min
[Image Processor] Progress 9/74 (12.2%) | success=9 error=0 | avg=2.37 images/s | elapsed=0.1 min
[Image Processor] Progress 10/74 (13.5%) | success=10 error=0 | avg=2.61 images/s | elapsed=0.1 min
[Image Processor] Progress 25/74 (33.8%) | success=25 error=0 | avg=5.52 images/s | elapsed=0.1 min
[Image Processor] Progress 50/74 (67.6%) | success=50 error=0 | avg=9.95 images/s | elapsed=0.1 min
[Image Processor] Progress 74/74 (100.0%) | success=74 error=0 | avg=1.09 images/s | elapsed=1.1 min
[Image Processor] Visual descriptions complete | images=74 | success=74 error=0 | avg=1.09 images/s | elapsed=1.1 min
[Image Processor] Writing image artifacts | records=74 | destination=eu_legislation/batch_0047/image_index
[Image Processor] Embedding 74 successful descriptions with all-MiniLM-L6-v2...
[Image Processor] FAISS index written | vectors=74 | dimension=384
[Image Processor] Artifacts complete | indexed=74 | errors=0
{'records': 74, 'indexed': 74, 'errors': 0, 'destination': 'eu_legislation/batch_0047/image_index'}
[Image Processor] NIM endpoint: http://127.0.0.1:8000/v1
[Image Processor] Vision model: nvidia/nemotron-3-nano-omni-30b-a3b-reasoning
[Image Processor] Concurrency=64 | target_rps=30
[Image Processor] Loading embedding model: all-MiniLM-L6-v2
Warning: You are sending unauthenticated requests to the HF Hub. Please set a HF_TOKEN to enable higher rate limits and faster downloads.
Loading weights:   0%|          | 0/103 [00:00<?, ?it/s]Loading weights: 100%|██████████| 103/103 [00:00<00:00, 9429.31it/s]
[Image Processor] Embedding model ready.
[Image Processor] Loading image manifests from eu_legislation/batch_0048/image_store
[Image Processor] Eligible image assets loaded: 50
[Image Processor] Starting visual descriptions | images=50 | max_concurrency=64 | target_rps=30
[Image Processor] Progress 1/50 (2.0%) | success=1 error=0 | avg=0.92 images/s | elapsed=0.0 min
[Image Processor] Progress 2/50 (4.0%) | success=2 error=0 | avg=1.53 images/s | elapsed=0.0 min
[Image Processor] Progress 3/50 (6.0%) | success=3 error=0 | avg=1.02 images/s | elapsed=0.0 min
[Image Processor] Progress 4/50 (8.0%) | success=4 error=0 | avg=1.28 images/s | elapsed=0.1 min
[Image Processor] Progress 5/50 (10.0%) | success=5 error=0 | avg=1.60 images/s | elapsed=0.1 min
[Image Processor] Progress 6/50 (12.0%) | success=6 error=0 | avg=1.92 images/s | elapsed=0.1 min
[Image Processor] Progress 7/50 (14.0%) | success=7 error=0 | avg=2.23 images/s | elapsed=0.1 min
[Image Processor] Progress 8/50 (16.0%) | success=8 error=0 | avg=2.51 images/s | elapsed=0.1 min
[Image Processor] Progress 9/50 (18.0%) | success=9 error=0 | avg=2.81 images/s | elapsed=0.1 min
[Image Processor] Progress 10/50 (20.0%) | success=10 error=0 | avg=3.06 images/s | elapsed=0.1 min
[Image Processor] Progress 25/50 (50.0%) | success=25 error=0 | avg=7.24 images/s | elapsed=0.1 min
[Image Processor] Progress 50/50 (100.0%) | success=50 error=0 | avg=10.22 images/s | elapsed=0.1 min
[Image Processor] Visual descriptions complete | images=50 | success=50 error=0 | avg=10.22 images/s | elapsed=0.1 min
[Image Processor] Writing image artifacts | records=50 | destination=eu_legislation/batch_0048/image_index
[Image Processor] Embedding 50 successful descriptions with all-MiniLM-L6-v2...
[Image Processor] FAISS index written | vectors=50 | dimension=384
[Image Processor] Artifacts complete | indexed=50 | errors=0
{'records': 50, 'indexed': 50, 'errors': 0, 'destination': 'eu_legislation/batch_0048/image_index'}
[Image Processor] NIM endpoint: http://127.0.0.1:8000/v1
[Image Processor] Vision model: nvidia/nemotron-3-nano-omni-30b-a3b-reasoning
[Image Processor] Concurrency=64 | target_rps=30
[Image Processor] Loading embedding model: all-MiniLM-L6-v2
Warning: You are sending unauthenticated requests to the HF Hub. Please set a HF_TOKEN to enable higher rate limits and faster downloads.
Loading weights:   0%|          | 0/103 [00:00<?, ?it/s]Loading weights: 100%|██████████| 103/103 [00:00<00:00, 9563.95it/s]
[Image Processor] Embedding model ready.
[Image Processor] Loading image manifests from eu_legislation/batch_0049/image_store
[Image Processor] Eligible image assets loaded: 102
[Image Processor] Starting visual descriptions | images=102 | max_concurrency=64 | target_rps=30
[Image Processor] Progress 1/102 (1.0%) | success=1 error=0 | avg=0.13 images/s | elapsed=0.1 min
[Image Processor] Progress 2/102 (2.0%) | success=2 error=0 | avg=0.26 images/s | elapsed=0.1 min
[Image Processor] Progress 3/102 (2.9%) | success=3 error=0 | avg=0.39 images/s | elapsed=0.1 min
[Image Processor] Progress 4/102 (3.9%) | success=4 error=0 | avg=0.52 images/s | elapsed=0.1 min
[Image Processor] Progress 5/102 (4.9%) | success=5 error=0 | avg=0.65 images/s | elapsed=0.1 min
[Image Processor] Progress 6/102 (5.9%) | success=6 error=0 | avg=0.78 images/s | elapsed=0.1 min
[Image Processor] Progress 7/102 (6.9%) | success=7 error=0 | avg=0.91 images/s | elapsed=0.1 min
[Image Processor] Progress 8/102 (7.8%) | success=8 error=0 | avg=1.02 images/s | elapsed=0.1 min
[Image Processor] Progress 9/102 (8.8%) | success=9 error=0 | avg=1.14 images/s | elapsed=0.1 min
[Image Processor] Progress 10/102 (9.8%) | success=10 error=0 | avg=1.27 images/s | elapsed=0.1 min
[Image Processor] Progress 25/102 (24.5%) | success=25 error=0 | avg=2.93 images/s | elapsed=0.1 min
[Image Processor] Progress 50/102 (49.0%) | success=50 error=0 | avg=4.28 images/s | elapsed=0.2 min
[Image Processor] Progress 75/102 (73.5%) | success=75 error=0 | avg=4.96 images/s | elapsed=0.3 min
[Image Processor] Progress 100/102 (98.0%) | success=100 error=0 | avg=4.35 images/s | elapsed=0.4 min
[Image Processor] Progress 102/102 (100.0%) | success=102 error=0 | avg=4.33 images/s | elapsed=0.4 min
[Image Processor] Visual descriptions complete | images=102 | success=102 error=0 | avg=4.33 images/s | elapsed=0.4 min
[Image Processor] Writing image artifacts | records=102 | destination=eu_legislation/batch_0049/image_index
[Image Processor] Embedding 102 successful descriptions with all-MiniLM-L6-v2...
[Image Processor] FAISS index written | vectors=102 | dimension=384
[Image Processor] Artifacts complete | indexed=102 | errors=0
{'records': 102, 'indexed': 102, 'errors': 0, 'destination': 'eu_legislation/batch_0049/image_index'}
[Image Processor] NIM endpoint: http://127.0.0.1:8000/v1
[Image Processor] Vision model: nvidia/nemotron-3-nano-omni-30b-a3b-reasoning
[Image Processor] Concurrency=64 | target_rps=30
[Image Processor] Loading embedding model: all-MiniLM-L6-v2
Warning: You are sending unauthenticated requests to the HF Hub. Please set a HF_TOKEN to enable higher rate limits and faster downloads.
Loading weights:   0%|          | 0/103 [00:00<?, ?it/s]Loading weights: 100%|██████████| 103/103 [00:00<00:00, 10298.29it/s]
[Image Processor] Embedding model ready.
[Image Processor] Loading image manifests from eu_legislation/batch_0050/image_store
[Image Processor] Eligible image assets loaded: 20
[Image Processor] Starting visual descriptions | images=20 | max_concurrency=64 | target_rps=30
[Image Processor] Progress 1/20 (5.0%) | success=1 error=0 | avg=0.41 images/s | elapsed=0.0 min
[Image Processor] Progress 2/20 (10.0%) | success=2 error=0 | avg=0.80 images/s | elapsed=0.0 min
[Image Processor] Progress 3/20 (15.0%) | success=3 error=0 | avg=1.18 images/s | elapsed=0.0 min
[Image Processor] Progress 4/20 (20.0%) | success=4 error=0 | avg=1.57 images/s | elapsed=0.0 min
[Image Processor] Progress 5/20 (25.0%) | success=5 error=0 | avg=1.96 images/s | elapsed=0.0 min
[Image Processor] Progress 6/20 (30.0%) | success=6 error=0 | avg=2.34 images/s | elapsed=0.0 min
[Image Processor] Progress 7/20 (35.0%) | success=7 error=0 | avg=2.72 images/s | elapsed=0.0 min
[Image Processor] Progress 8/20 (40.0%) | success=8 error=0 | avg=3.09 images/s | elapsed=0.0 min
[Image Processor] Progress 9/20 (45.0%) | success=9 error=0 | avg=3.41 images/s | elapsed=0.0 min
[Image Processor] Progress 10/20 (50.0%) | success=10 error=0 | avg=3.76 images/s | elapsed=0.0 min
[Image Processor] Progress 20/20 (100.0%) | success=20 error=0 | avg=4.63 images/s | elapsed=0.1 min
[Image Processor] Visual descriptions complete | images=20 | success=20 error=0 | avg=4.63 images/s | elapsed=0.1 min
[Image Processor] Writing image artifacts | records=20 | destination=eu_legislation/batch_0050/image_index
[Image Processor] Embedding 20 successful descriptions with all-MiniLM-L6-v2...
[Image Processor] FAISS index written | vectors=20 | dimension=384
[Image Processor] Artifacts complete | indexed=20 | errors=0
{'records': 20, 'indexed': 20, 'errors': 0, 'destination': 'eu_legislation/batch_0050/image_index'}
[Image Processor] NIM endpoint: http://127.0.0.1:8000/v1
[Image Processor] Vision model: nvidia/nemotron-3-nano-omni-30b-a3b-reasoning
[Image Processor] Concurrency=64 | target_rps=30
[Image Processor] Loading embedding model: all-MiniLM-L6-v2
Warning: You are sending unauthenticated requests to the HF Hub. Please set a HF_TOKEN to enable higher rate limits and faster downloads.
Loading weights:   0%|          | 0/103 [00:00<?, ?it/s]Loading weights: 100%|██████████| 103/103 [00:00<00:00, 10205.60it/s]
[Image Processor] Embedding model ready.
[Image Processor] Loading image manifests from eu_legislation/batch_0051/image_store
[Image Processor] Eligible image assets loaded: 36
[Image Processor] Starting visual descriptions | images=36 | max_concurrency=64 | target_rps=30
[Image Processor] Progress 1/36 (2.8%) | success=1 error=0 | avg=0.32 images/s | elapsed=0.1 min
[Image Processor] Progress 2/36 (5.6%) | success=2 error=0 | avg=0.60 images/s | elapsed=0.1 min
[Image Processor] Progress 3/36 (8.3%) | success=3 error=0 | avg=0.88 images/s | elapsed=0.1 min
[Image Processor] Progress 4/36 (11.1%) | success=4 error=0 | avg=1.16 images/s | elapsed=0.1 min
[Image Processor] Progress 5/36 (13.9%) | success=5 error=0 | avg=1.45 images/s | elapsed=0.1 min
[Image Processor] Progress 6/36 (16.7%) | success=6 error=0 | avg=1.69 images/s | elapsed=0.1 min
[Image Processor] Progress 7/36 (19.4%) | success=7 error=0 | avg=1.94 images/s | elapsed=0.1 min
[Image Processor] Progress 8/36 (22.2%) | success=8 error=0 | avg=2.21 images/s | elapsed=0.1 min
[Image Processor] Progress 9/36 (25.0%) | success=9 error=0 | avg=2.47 images/s | elapsed=0.1 min
[Image Processor] Progress 10/36 (27.8%) | success=10 error=0 | avg=2.70 images/s | elapsed=0.1 min
[Image Processor] Progress 25/36 (69.4%) | success=25 error=0 | avg=6.08 images/s | elapsed=0.1 min
[Image Processor] Progress 36/36 (100.0%) | success=36 error=0 | avg=6.47 images/s | elapsed=0.1 min
[Image Processor] Visual descriptions complete | images=36 | success=36 error=0 | avg=6.47 images/s | elapsed=0.1 min
[Image Processor] Writing image artifacts | records=36 | destination=eu_legislation/batch_0051/image_index
[Image Processor] Embedding 36 successful descriptions with all-MiniLM-L6-v2...
[Image Processor] FAISS index written | vectors=36 | dimension=384
[Image Processor] Artifacts complete | indexed=36 | errors=0
{'records': 36, 'indexed': 36, 'errors': 0, 'destination': 'eu_legislation/batch_0051/image_index'}
[Image Processor] NIM endpoint: http://127.0.0.1:8000/v1
[Image Processor] Vision model: nvidia/nemotron-3-nano-omni-30b-a3b-reasoning
[Image Processor] Concurrency=64 | target_rps=30
[Image Processor] Loading embedding model: all-MiniLM-L6-v2
Warning: You are sending unauthenticated requests to the HF Hub. Please set a HF_TOKEN to enable higher rate limits and faster downloads.
Loading weights:   0%|          | 0/103 [00:00<?, ?it/s]Loading weights: 100%|██████████| 103/103 [00:00<00:00, 10239.22it/s]
[Image Processor] Embedding model ready.
[Image Processor] Loading image manifests from eu_legislation/batch_0052/image_store
[Image Processor] Eligible image assets loaded: 45
[Image Processor] Starting visual descriptions | images=45 | max_concurrency=64 | target_rps=30
[Image Processor] Progress 1/45 (2.2%) | success=1 error=0 | avg=0.35 images/s | elapsed=0.0 min
[Image Processor] Progress 2/45 (4.4%) | success=2 error=0 | avg=0.68 images/s | elapsed=0.0 min
[Image Processor] Progress 3/45 (6.7%) | success=3 error=0 | avg=0.98 images/s | elapsed=0.1 min
[Image Processor] Progress 4/45 (8.9%) | success=4 error=0 | avg=1.29 images/s | elapsed=0.1 min
[Image Processor] Progress 5/45 (11.1%) | success=5 error=0 | avg=1.61 images/s | elapsed=0.1 min
[Image Processor] Progress 6/45 (13.3%) | success=6 error=0 | avg=1.91 images/s | elapsed=0.1 min
[Image Processor] Progress 7/45 (15.6%) | success=7 error=0 | avg=2.22 images/s | elapsed=0.1 min
[Image Processor] Progress 8/45 (17.8%) | success=8 error=0 | avg=2.53 images/s | elapsed=0.1 min
[Image Processor] Progress 9/45 (20.0%) | success=9 error=0 | avg=2.81 images/s | elapsed=0.1 min
[Image Processor] Progress 10/45 (22.2%) | success=10 error=0 | avg=3.12 images/s | elapsed=0.1 min
[Image Processor] Progress 25/45 (55.6%) | success=25 error=0 | avg=7.31 images/s | elapsed=0.1 min
[Image Processor] Progress 45/45 (100.0%) | success=45 error=0 | avg=9.48 images/s | elapsed=0.1 min
[Image Processor] Visual descriptions complete | images=45 | success=45 error=0 | avg=9.48 images/s | elapsed=0.1 min
[Image Processor] Writing image artifacts | records=45 | destination=eu_legislation/batch_0052/image_index
[Image Processor] Embedding 45 successful descriptions with all-MiniLM-L6-v2...
[Image Processor] FAISS index written | vectors=45 | dimension=384
[Image Processor] Artifacts complete | indexed=45 | errors=0
{'records': 45, 'indexed': 45, 'errors': 0, 'destination': 'eu_legislation/batch_0052/image_index'}
[Image Processor] NIM endpoint: http://127.0.0.1:8000/v1
[Image Processor] Vision model: nvidia/nemotron-3-nano-omni-30b-a3b-reasoning
[Image Processor] Concurrency=64 | target_rps=30
[Image Processor] Loading embedding model: all-MiniLM-L6-v2
Warning: You are sending unauthenticated requests to the HF Hub. Please set a HF_TOKEN to enable higher rate limits and faster downloads.
Loading weights:   0%|          | 0/103 [00:00<?, ?it/s]Loading weights: 100%|██████████| 103/103 [00:00<00:00, 9451.80it/s]
[Image Processor] Embedding model ready.
[Image Processor] Loading image manifests from eu_legislation/batch_0053/image_store
[Image Processor] Eligible image assets loaded: 74
[Image Processor] Starting visual descriptions | images=74 | max_concurrency=64 | target_rps=30
[Image Processor] Progress 1/74 (1.4%) | success=1 error=0 | avg=0.29 images/s | elapsed=0.1 min
[Image Processor] Progress 2/74 (2.7%) | success=2 error=0 | avg=0.58 images/s | elapsed=0.1 min
[Image Processor] Progress 3/74 (4.1%) | success=3 error=0 | avg=0.86 images/s | elapsed=0.1 min
[Image Processor] Progress 4/74 (5.4%) | success=4 error=0 | avg=1.13 images/s | elapsed=0.1 min
[Image Processor] Progress 5/74 (6.8%) | success=5 error=0 | avg=1.42 images/s | elapsed=0.1 min
[Image Processor] Progress 6/74 (8.1%) | success=6 error=0 | avg=1.70 images/s | elapsed=0.1 min
[Image Processor] Progress 7/74 (9.5%) | success=7 error=0 | avg=1.96 images/s | elapsed=0.1 min
[Image Processor] Progress 8/74 (10.8%) | success=8 error=0 | avg=2.24 images/s | elapsed=0.1 min
[Image Processor] Progress 9/74 (12.2%) | success=9 error=0 | avg=2.51 images/s | elapsed=0.1 min
[Image Processor] Progress 10/74 (13.5%) | success=10 error=0 | avg=2.79 images/s | elapsed=0.1 min
[Image Processor] Progress 25/74 (33.8%) | success=25 error=0 | avg=6.05 images/s | elapsed=0.1 min
[Image Processor] Progress 50/74 (67.6%) | success=50 error=0 | avg=11.37 images/s | elapsed=0.1 min
[Image Processor] Progress 74/74 (100.0%) | success=74 error=0 | avg=13.42 images/s | elapsed=0.1 min
[Image Processor] Visual descriptions complete | images=74 | success=74 error=0 | avg=13.42 images/s | elapsed=0.1 min
[Image Processor] Writing image artifacts | records=74 | destination=eu_legislation/batch_0053/image_index
[Image Processor] Embedding 74 successful descriptions with all-MiniLM-L6-v2...
[Image Processor] FAISS index written | vectors=74 | dimension=384
[Image Processor] Artifacts complete | indexed=74 | errors=0
{'records': 74, 'indexed': 74, 'errors': 0, 'destination': 'eu_legislation/batch_0053/image_index'}
[Image Processor] NIM endpoint: http://127.0.0.1:8000/v1
[Image Processor] Vision model: nvidia/nemotron-3-nano-omni-30b-a3b-reasoning
[Image Processor] Concurrency=64 | target_rps=30
[Image Processor] Loading embedding model: all-MiniLM-L6-v2
Warning: You are sending unauthenticated requests to the HF Hub. Please set a HF_TOKEN to enable higher rate limits and faster downloads.
Loading weights:   0%|          | 0/103 [00:00<?, ?it/s]Loading weights: 100%|██████████| 103/103 [00:00<00:00, 9440.64it/s]
[Image Processor] Embedding model ready.
[Image Processor] Loading image manifests from eu_legislation/batch_0054/image_store
[Image Processor] Eligible image assets loaded: 42
[Image Processor] Starting visual descriptions | images=42 | max_concurrency=64 | target_rps=30
[Image Processor] Progress 1/42 (2.4%) | success=1 error=0 | avg=0.35 images/s | elapsed=0.0 min
[Image Processor] Progress 2/42 (4.8%) | success=2 error=0 | avg=0.67 images/s | elapsed=0.1 min
[Image Processor] Progress 3/42 (7.1%) | success=3 error=0 | avg=0.99 images/s | elapsed=0.1 min
[Image Processor] Progress 4/42 (9.5%) | success=4 error=0 | avg=1.32 images/s | elapsed=0.1 min
[Image Processor] Progress 5/42 (11.9%) | success=5 error=0 | avg=1.65 images/s | elapsed=0.1 min
[Image Processor] Progress 6/42 (14.3%) | success=6 error=0 | avg=1.98 images/s | elapsed=0.1 min
[Image Processor] Progress 7/42 (16.7%) | success=7 error=0 | avg=2.30 images/s | elapsed=0.1 min
[Image Processor] Progress 8/42 (19.0%) | success=8 error=0 | avg=2.61 images/s | elapsed=0.1 min
[Image Processor] Progress 9/42 (21.4%) | success=9 error=0 | avg=2.93 images/s | elapsed=0.1 min
[Image Processor] Progress 10/42 (23.8%) | success=10 error=0 | avg=3.24 images/s | elapsed=0.1 min
[Image Processor] Progress 25/42 (59.5%) | success=25 error=0 | avg=7.13 images/s | elapsed=0.1 min
[Image Processor] Progress 42/42 (100.0%) | success=42 error=0 | avg=9.20 images/s | elapsed=0.1 min
[Image Processor] Visual descriptions complete | images=42 | success=42 error=0 | avg=9.20 images/s | elapsed=0.1 min
[Image Processor] Writing image artifacts | records=42 | destination=eu_legislation/batch_0054/image_index
[Image Processor] Embedding 42 successful descriptions with all-MiniLM-L6-v2...
[Image Processor] FAISS index written | vectors=42 | dimension=384
[Image Processor] Artifacts complete | indexed=42 | errors=0
{'records': 42, 'indexed': 42, 'errors': 0, 'destination': 'eu_legislation/batch_0054/image_index'}
[Image Processor] NIM endpoint: http://127.0.0.1:8000/v1
[Image Processor] Vision model: nvidia/nemotron-3-nano-omni-30b-a3b-reasoning
[Image Processor] Concurrency=64 | target_rps=30
[Image Processor] Loading embedding model: all-MiniLM-L6-v2
Warning: You are sending unauthenticated requests to the HF Hub. Please set a HF_TOKEN to enable higher rate limits and faster downloads.
Loading weights:   0%|          | 0/103 [00:00<?, ?it/s]Loading weights: 100%|██████████| 103/103 [00:00<00:00, 9919.94it/s]
[Image Processor] Embedding model ready.
[Image Processor] Loading image manifests from eu_legislation/batch_0055/image_store
[Image Processor] Eligible image assets loaded: 27
[Image Processor] Starting visual descriptions | images=27 | max_concurrency=64 | target_rps=30
[Image Processor] Progress 1/27 (3.7%) | success=1 error=0 | avg=0.41 images/s | elapsed=0.0 min
[Image Processor] Progress 2/27 (7.4%) | success=2 error=0 | avg=0.79 images/s | elapsed=0.0 min
[Image Processor] Progress 3/27 (11.1%) | success=3 error=0 | avg=1.18 images/s | elapsed=0.0 min
[Image Processor] Progress 4/27 (14.8%) | success=4 error=0 | avg=1.50 images/s | elapsed=0.0 min
[Image Processor] Progress 5/27 (18.5%) | success=5 error=0 | avg=1.88 images/s | elapsed=0.0 min
[Image Processor] Progress 6/27 (22.2%) | success=6 error=0 | avg=2.25 images/s | elapsed=0.0 min
[Image Processor] Progress 7/27 (25.9%) | success=7 error=0 | avg=2.63 images/s | elapsed=0.0 min
[Image Processor] Progress 8/27 (29.6%) | success=8 error=0 | avg=3.00 images/s | elapsed=0.0 min
[Image Processor] Progress 9/27 (33.3%) | success=9 error=0 | avg=3.37 images/s | elapsed=0.0 min
[Image Processor] Progress 10/27 (37.0%) | success=10 error=0 | avg=3.73 images/s | elapsed=0.0 min
[Image Processor] Progress 25/27 (92.6%) | success=25 error=0 | avg=6.62 images/s | elapsed=0.1 min
[Image Processor] Progress 27/27 (100.0%) | success=27 error=0 | avg=6.43 images/s | elapsed=0.1 min
[Image Processor] Visual descriptions complete | images=27 | success=27 error=0 | avg=6.43 images/s | elapsed=0.1 min
[Image Processor] Writing image artifacts | records=27 | destination=eu_legislation/batch_0055/image_index
[Image Processor] Embedding 27 successful descriptions with all-MiniLM-L6-v2...
[Image Processor] FAISS index written | vectors=27 | dimension=384
[Image Processor] Artifacts complete | indexed=27 | errors=0
{'records': 27, 'indexed': 27, 'errors': 0, 'destination': 'eu_legislation/batch_0055/image_index'}
[Image Processor] NIM endpoint: http://127.0.0.1:8000/v1
[Image Processor] Vision model: nvidia/nemotron-3-nano-omni-30b-a3b-reasoning
[Image Processor] Concurrency=64 | target_rps=30
[Image Processor] Loading embedding model: all-MiniLM-L6-v2
Warning: You are sending unauthenticated requests to the HF Hub. Please set a HF_TOKEN to enable higher rate limits and faster downloads.
Loading weights:   0%|          | 0/103 [00:00<?, ?it/s]Loading weights: 100%|██████████| 103/103 [00:00<00:00, 9311.43it/s]
[Image Processor] Embedding model ready.
[Image Processor] Loading image manifests from eu_legislation/batch_0056/image_store
[Image Processor] Eligible image assets loaded: 72
[Image Processor] Starting visual descriptions | images=72 | max_concurrency=64 | target_rps=30
[Image Processor] Progress 1/72 (1.4%) | success=1 error=0 | avg=0.25 images/s | elapsed=0.1 min
[Image Processor] Progress 2/72 (2.8%) | success=2 error=0 | avg=0.51 images/s | elapsed=0.1 min
[Image Processor] Progress 3/72 (4.2%) | success=3 error=0 | avg=0.73 images/s | elapsed=0.1 min
[Image Processor] Progress 4/72 (5.6%) | success=4 error=0 | avg=0.92 images/s | elapsed=0.1 min
[Image Processor] Progress 5/72 (6.9%) | success=5 error=0 | avg=1.09 images/s | elapsed=0.1 min
[Image Processor] Progress 6/72 (8.3%) | success=6 error=0 | avg=1.28 images/s | elapsed=0.1 min
[Image Processor] Progress 7/72 (9.7%) | success=7 error=0 | avg=1.48 images/s | elapsed=0.1 min
[Image Processor] Progress 8/72 (11.1%) | success=8 error=0 | avg=1.67 images/s | elapsed=0.1 min
[Image Processor] Progress 9/72 (12.5%) | success=9 error=0 | avg=1.88 images/s | elapsed=0.1 min
[Image Processor] Progress 10/72 (13.9%) | success=10 error=0 | avg=2.07 images/s | elapsed=0.1 min
[Image Processor] Progress 25/72 (34.7%) | success=25 error=0 | avg=4.61 images/s | elapsed=0.1 min
[Image Processor] Progress 50/72 (69.4%) | success=50 error=0 | avg=8.56 images/s | elapsed=0.1 min
[Image Processor] Progress 72/72 (100.0%) | success=72 error=0 | avg=6.70 images/s | elapsed=0.2 min
[Image Processor] Visual descriptions complete | images=72 | success=72 error=0 | avg=6.70 images/s | elapsed=0.2 min
[Image Processor] Writing image artifacts | records=72 | destination=eu_legislation/batch_0056/image_index
[Image Processor] Embedding 72 successful descriptions with all-MiniLM-L6-v2...
[Image Processor] FAISS index written | vectors=72 | dimension=384
[Image Processor] Artifacts complete | indexed=72 | errors=0
{'records': 72, 'indexed': 72, 'errors': 0, 'destination': 'eu_legislation/batch_0056/image_index'}
[Image Processor] NIM endpoint: http://127.0.0.1:8000/v1
[Image Processor] Vision model: nvidia/nemotron-3-nano-omni-30b-a3b-reasoning
[Image Processor] Concurrency=64 | target_rps=30
[Image Processor] Loading embedding model: all-MiniLM-L6-v2
Warning: You are sending unauthenticated requests to the HF Hub. Please set a HF_TOKEN to enable higher rate limits and faster downloads.
Loading weights:   0%|          | 0/103 [00:00<?, ?it/s]Loading weights: 100%|██████████| 103/103 [00:00<00:00, 9460.49it/s]
[Image Processor] Embedding model ready.
[Image Processor] Loading image manifests from eu_legislation/batch_0057/image_store
[Image Processor] Eligible image assets loaded: 42
[Image Processor] Starting visual descriptions | images=42 | max_concurrency=64 | target_rps=30
[Image Processor] Progress 1/42 (2.4%) | success=1 error=0 | avg=0.32 images/s | elapsed=0.1 min
[Image Processor] Progress 2/42 (4.8%) | success=2 error=0 | avg=0.63 images/s | elapsed=0.1 min
[Image Processor] Progress 3/42 (7.1%) | success=3 error=0 | avg=0.94 images/s | elapsed=0.1 min
[Image Processor] Progress 4/42 (9.5%) | success=4 error=0 | avg=1.21 images/s | elapsed=0.1 min
[Image Processor] Progress 5/42 (11.9%) | success=5 error=0 | avg=1.50 images/s | elapsed=0.1 min
[Image Processor] Progress 6/42 (14.3%) | success=6 error=0 | avg=1.79 images/s | elapsed=0.1 min
[Image Processor] Progress 7/42 (16.7%) | success=7 error=0 | avg=2.06 images/s | elapsed=0.1 min
[Image Processor] Progress 8/42 (19.0%) | success=8 error=0 | avg=2.35 images/s | elapsed=0.1 min
[Image Processor] Progress 9/42 (21.4%) | success=9 error=0 | avg=2.63 images/s | elapsed=0.1 min
[Image Processor] Progress 10/42 (23.8%) | success=10 error=0 | avg=2.91 images/s | elapsed=0.1 min
[Image Processor] Progress 25/42 (59.5%) | success=25 error=0 | avg=6.63 images/s | elapsed=0.1 min
[Image Processor] Progress 42/42 (100.0%) | success=42 error=0 | avg=7.79 images/s | elapsed=0.1 min
[Image Processor] Visual descriptions complete | images=42 | success=42 error=0 | avg=7.79 images/s | elapsed=0.1 min
[Image Processor] Writing image artifacts | records=42 | destination=eu_legislation/batch_0057/image_index
[Image Processor] Embedding 42 successful descriptions with all-MiniLM-L6-v2...
[Image Processor] FAISS index written | vectors=42 | dimension=384
[Image Processor] Artifacts complete | indexed=42 | errors=0
{'records': 42, 'indexed': 42, 'errors': 0, 'destination': 'eu_legislation/batch_0057/image_index'}
[Image Processor] NIM endpoint: http://127.0.0.1:8000/v1
[Image Processor] Vision model: nvidia/nemotron-3-nano-omni-30b-a3b-reasoning
[Image Processor] Concurrency=64 | target_rps=30
[Image Processor] Loading embedding model: all-MiniLM-L6-v2
Warning: You are sending unauthenticated requests to the HF Hub. Please set a HF_TOKEN to enable higher rate limits and faster downloads.
Loading weights:   0%|          | 0/103 [00:00<?, ?it/s]Loading weights: 100%|██████████| 103/103 [00:00<00:00, 9496.47it/s]
[Image Processor] Embedding model ready.
[Image Processor] Loading image manifests from eu_legislation/batch_0058/image_store
[Image Processor] Eligible image assets loaded: 54
[Image Processor] Starting visual descriptions | images=54 | max_concurrency=64 | target_rps=30
[Image Processor] Progress 1/54 (1.9%) | success=1 error=0 | avg=0.31 images/s | elapsed=0.1 min
[Image Processor] Progress 2/54 (3.7%) | success=2 error=0 | avg=0.61 images/s | elapsed=0.1 min
[Image Processor] Progress 3/54 (5.6%) | success=3 error=0 | avg=0.92 images/s | elapsed=0.1 min
[Image Processor] Progress 4/54 (7.4%) | success=4 error=0 | avg=1.20 images/s | elapsed=0.1 min
[Image Processor] Progress 5/54 (9.3%) | success=5 error=0 | avg=1.50 images/s | elapsed=0.1 min
[Image Processor] Progress 6/54 (11.1%) | success=6 error=0 | avg=1.79 images/s | elapsed=0.1 min
[Image Processor] Progress 7/54 (13.0%) | success=7 error=0 | avg=2.07 images/s | elapsed=0.1 min
[Image Processor] Progress 8/54 (14.8%) | success=8 error=0 | avg=2.35 images/s | elapsed=0.1 min
[Image Processor] Progress 9/54 (16.7%) | success=9 error=0 | avg=2.61 images/s | elapsed=0.1 min
[Image Processor] Progress 10/54 (18.5%) | success=10 error=0 | avg=2.89 images/s | elapsed=0.1 min
[Image Processor] Progress 25/54 (46.3%) | success=25 error=0 | avg=6.91 images/s | elapsed=0.1 min
[Image Processor] Progress 50/54 (92.6%) | success=50 error=0 | avg=11.60 images/s | elapsed=0.1 min
[Image Processor] Progress 54/54 (100.0%) | success=54 error=0 | avg=10.92 images/s | elapsed=0.1 min
[Image Processor] Visual descriptions complete | images=54 | success=54 error=0 | avg=10.92 images/s | elapsed=0.1 min
[Image Processor] Writing image artifacts | records=54 | destination=eu_legislation/batch_0058/image_index
[Image Processor] Embedding 54 successful descriptions with all-MiniLM-L6-v2...
[Image Processor] FAISS index written | vectors=54 | dimension=384
[Image Processor] Artifacts complete | indexed=54 | errors=0
{'records': 54, 'indexed': 54, 'errors': 0, 'destination': 'eu_legislation/batch_0058/image_index'}
[Image Processor] NIM endpoint: http://127.0.0.1:8000/v1
[Image Processor] Vision model: nvidia/nemotron-3-nano-omni-30b-a3b-reasoning
[Image Processor] Concurrency=64 | target_rps=30
[Image Processor] Loading embedding model: all-MiniLM-L6-v2
Warning: You are sending unauthenticated requests to the HF Hub. Please set a HF_TOKEN to enable higher rate limits and faster downloads.
Loading weights:   0%|          | 0/103 [00:00<?, ?it/s]Loading weights: 100%|██████████| 103/103 [00:00<00:00, 9908.56it/s]
[Image Processor] Embedding model ready.
[Image Processor] Loading image manifests from eu_legislation/batch_0059/image_store
[Image Processor] Eligible image assets loaded: 34
[Image Processor] Starting visual descriptions | images=34 | max_concurrency=64 | target_rps=30
[Image Processor] Progress 1/34 (2.9%) | success=1 error=0 | avg=0.91 images/s | elapsed=0.0 min
[Image Processor] Progress 2/34 (5.9%) | success=2 error=0 | avg=0.66 images/s | elapsed=0.1 min
[Image Processor] Progress 3/34 (8.8%) | success=3 error=0 | avg=0.97 images/s | elapsed=0.1 min
[Image Processor] Progress 4/34 (11.8%) | success=4 error=0 | avg=1.23 images/s | elapsed=0.1 min
[Image Processor] Progress 5/34 (14.7%) | success=5 error=0 | avg=1.52 images/s | elapsed=0.1 min
[Image Processor] Progress 6/34 (17.6%) | success=6 error=0 | avg=1.83 images/s | elapsed=0.1 min
[Image Processor] Progress 7/34 (20.6%) | success=7 error=0 | avg=2.13 images/s | elapsed=0.1 min
[Image Processor] Progress 8/34 (23.5%) | success=8 error=0 | avg=2.43 images/s | elapsed=0.1 min
[Image Processor] Progress 9/34 (26.5%) | success=9 error=0 | avg=2.74 images/s | elapsed=0.1 min
[Image Processor] Progress 10/34 (29.4%) | success=10 error=0 | avg=3.01 images/s | elapsed=0.1 min
[Image Processor] Progress 25/34 (73.5%) | success=25 error=0 | avg=6.38 images/s | elapsed=0.1 min
[Image Processor] Progress 34/34 (100.0%) | success=34 error=0 | avg=5.71 images/s | elapsed=0.1 min
[Image Processor] Visual descriptions complete | images=34 | success=34 error=0 | avg=5.71 images/s | elapsed=0.1 min
[Image Processor] Writing image artifacts | records=34 | destination=eu_legislation/batch_0059/image_index
[Image Processor] Embedding 34 successful descriptions with all-MiniLM-L6-v2...
[Image Processor] FAISS index written | vectors=34 | dimension=384
[Image Processor] Artifacts complete | indexed=34 | errors=0
{'records': 34, 'indexed': 34, 'errors': 0, 'destination': 'eu_legislation/batch_0059/image_index'}
[Image Processor] NIM endpoint: http://127.0.0.1:8000/v1
[Image Processor] Vision model: nvidia/nemotron-3-nano-omni-30b-a3b-reasoning
[Image Processor] Concurrency=64 | target_rps=30
[Image Processor] Loading embedding model: all-MiniLM-L6-v2
Warning: You are sending unauthenticated requests to the HF Hub. Please set a HF_TOKEN to enable higher rate limits and faster downloads.
Loading weights:   0%|          | 0/103 [00:00<?, ?it/s]Loading weights: 100%|██████████| 103/103 [00:00<00:00, 9927.46it/s]
[Image Processor] Embedding model ready.
[Image Processor] Loading image manifests from eu_legislation/batch_0060/image_store
[Image Processor] Eligible image assets loaded: 32
[Image Processor] Starting visual descriptions | images=32 | max_concurrency=64 | target_rps=30
[Image Processor] Progress 1/32 (3.1%) | success=1 error=0 | avg=0.37 images/s | elapsed=0.0 min
[Image Processor] Progress 2/32 (6.2%) | success=2 error=0 | avg=0.74 images/s | elapsed=0.0 min
[Image Processor] Progress 3/32 (9.4%) | success=3 error=0 | avg=1.11 images/s | elapsed=0.0 min
[Image Processor] Progress 4/32 (12.5%) | success=4 error=0 | avg=1.48 images/s | elapsed=0.0 min
[Image Processor] Progress 5/32 (15.6%) | success=5 error=0 | avg=1.85 images/s | elapsed=0.0 min
[Image Processor] Progress 6/32 (18.8%) | success=6 error=0 | avg=2.17 images/s | elapsed=0.0 min
[Image Processor] Progress 7/32 (21.9%) | success=7 error=0 | avg=2.51 images/s | elapsed=0.0 min
[Image Processor] Progress 8/32 (25.0%) | success=8 error=0 | avg=2.87 images/s | elapsed=0.0 min
[Image Processor] Progress 9/32 (28.1%) | success=9 error=0 | avg=3.18 images/s | elapsed=0.0 min
[Image Processor] Progress 10/32 (31.2%) | success=10 error=0 | avg=3.54 images/s | elapsed=0.0 min
[Image Processor] Progress 25/32 (78.1%) | success=25 error=0 | avg=6.01 images/s | elapsed=0.1 min
[Image Processor] Progress 32/32 (100.0%) | success=32 error=0 | avg=6.40 images/s | elapsed=0.1 min
[Image Processor] Visual descriptions complete | images=32 | success=32 error=0 | avg=6.40 images/s | elapsed=0.1 min
[Image Processor] Writing image artifacts | records=32 | destination=eu_legislation/batch_0060/image_index
[Image Processor] Embedding 32 successful descriptions with all-MiniLM-L6-v2...
[Image Processor] FAISS index written | vectors=32 | dimension=384
[Image Processor] Artifacts complete | indexed=32 | errors=0
{'records': 32, 'indexed': 32, 'errors': 0, 'destination': 'eu_legislation/batch_0060/image_index'}
[Image Processor] NIM endpoint: http://127.0.0.1:8000/v1
[Image Processor] Vision model: nvidia/nemotron-3-nano-omni-30b-a3b-reasoning
[Image Processor] Concurrency=64 | target_rps=30
[Image Processor] Loading embedding model: all-MiniLM-L6-v2
Warning: You are sending unauthenticated requests to the HF Hub. Please set a HF_TOKEN to enable higher rate limits and faster downloads.
Loading weights:   0%|          | 0/103 [00:00<?, ?it/s]Loading weights: 100%|██████████| 103/103 [00:00<00:00, 9639.71it/s]
[Image Processor] Embedding model ready.
[Image Processor] Loading image manifests from eu_legislation/batch_0061/image_store
[Image Processor] Eligible image assets loaded: 30
[Image Processor] Starting visual descriptions | images=30 | max_concurrency=64 | target_rps=30
[Image Processor] Progress 1/30 (3.3%) | success=1 error=0 | avg=0.36 images/s | elapsed=0.0 min
[Image Processor] Progress 2/30 (6.7%) | success=2 error=0 | avg=0.70 images/s | elapsed=0.0 min
[Image Processor] Progress 3/30 (10.0%) | success=3 error=0 | avg=1.04 images/s | elapsed=0.0 min
[Image Processor] Progress 4/30 (13.3%) | success=4 error=0 | avg=1.37 images/s | elapsed=0.0 min
[Image Processor] Progress 5/30 (16.7%) | success=5 error=0 | avg=1.71 images/s | elapsed=0.0 min
[Image Processor] Progress 6/30 (20.0%) | success=6 error=0 | avg=2.05 images/s | elapsed=0.0 min
[Image Processor] Progress 7/30 (23.3%) | success=7 error=0 | avg=2.35 images/s | elapsed=0.0 min
[Image Processor] Progress 8/30 (26.7%) | success=8 error=0 | avg=2.66 images/s | elapsed=0.1 min
[Image Processor] Progress 9/30 (30.0%) | success=9 error=0 | avg=2.80 images/s | elapsed=0.1 min
[Image Processor] Progress 10/30 (33.3%) | success=10 error=0 | avg=3.07 images/s | elapsed=0.1 min
[Image Processor] Progress 25/30 (83.3%) | success=25 error=0 | avg=6.66 images/s | elapsed=0.1 min
[Image Processor] Progress 30/30 (100.0%) | success=30 error=0 | avg=7.39 images/s | elapsed=0.1 min
[Image Processor] Visual descriptions complete | images=30 | success=30 error=0 | avg=7.39 images/s | elapsed=0.1 min
[Image Processor] Writing image artifacts | records=30 | destination=eu_legislation/batch_0061/image_index
[Image Processor] Embedding 30 successful descriptions with all-MiniLM-L6-v2...
[Image Processor] FAISS index written | vectors=30 | dimension=384
[Image Processor] Artifacts complete | indexed=30 | errors=0
{'records': 30, 'indexed': 30, 'errors': 0, 'destination': 'eu_legislation/batch_0061/image_index'}
[Image Processor] NIM endpoint: http://127.0.0.1:8000/v1
[Image Processor] Vision model: nvidia/nemotron-3-nano-omni-30b-a3b-reasoning
[Image Processor] Concurrency=64 | target_rps=30
[Image Processor] Loading embedding model: all-MiniLM-L6-v2
Warning: You are sending unauthenticated requests to the HF Hub. Please set a HF_TOKEN to enable higher rate limits and faster downloads.
Loading weights:   0%|          | 0/103 [00:00<?, ?it/s]Loading weights: 100%|██████████| 103/103 [00:00<00:00, 9887.47it/s]
[Image Processor] Embedding model ready.
[Image Processor] Loading image manifests from eu_legislation/batch_0062/image_store
[Image Processor] Eligible image assets loaded: 34
[Image Processor] Starting visual descriptions | images=34 | max_concurrency=64 | target_rps=30
[Image Processor] Progress 1/34 (2.9%) | success=1 error=0 | avg=0.41 images/s | elapsed=0.0 min
[Image Processor] Progress 2/34 (5.9%) | success=2 error=0 | avg=0.75 images/s | elapsed=0.0 min
[Image Processor] Progress 3/34 (8.8%) | success=3 error=0 | avg=1.09 images/s | elapsed=0.0 min
[Image Processor] Progress 4/34 (11.8%) | success=4 error=0 | avg=1.40 images/s | elapsed=0.0 min
[Image Processor] Progress 5/34 (14.7%) | success=5 error=0 | avg=1.75 images/s | elapsed=0.0 min
[Image Processor] Progress 6/34 (17.6%) | success=6 error=0 | avg=2.10 images/s | elapsed=0.0 min
[Image Processor] Progress 7/34 (20.6%) | success=7 error=0 | avg=2.45 images/s | elapsed=0.0 min
[Image Processor] Progress 8/34 (23.5%) | success=8 error=0 | avg=2.79 images/s | elapsed=0.0 min
[Image Processor] Progress 9/34 (26.5%) | success=9 error=0 | avg=3.13 images/s | elapsed=0.0 min
[Image Processor] Progress 10/34 (29.4%) | success=10 error=0 | avg=3.47 images/s | elapsed=0.0 min
[Image Processor] Progress 25/34 (73.5%) | success=25 error=0 | avg=7.55 images/s | elapsed=0.1 min
[Image Processor] Progress 34/34 (100.0%) | success=34 error=0 | avg=8.19 images/s | elapsed=0.1 min
[Image Processor] Visual descriptions complete | images=34 | success=34 error=0 | avg=8.19 images/s | elapsed=0.1 min
[Image Processor] Writing image artifacts | records=34 | destination=eu_legislation/batch_0062/image_index
[Image Processor] Embedding 34 successful descriptions with all-MiniLM-L6-v2...
[Image Processor] FAISS index written | vectors=34 | dimension=384
[Image Processor] Artifacts complete | indexed=34 | errors=0
{'records': 34, 'indexed': 34, 'errors': 0, 'destination': 'eu_legislation/batch_0062/image_index'}
[Image Processor] NIM endpoint: http://127.0.0.1:8000/v1
[Image Processor] Vision model: nvidia/nemotron-3-nano-omni-30b-a3b-reasoning
[Image Processor] Concurrency=64 | target_rps=30
[Image Processor] Loading embedding model: all-MiniLM-L6-v2
Warning: You are sending unauthenticated requests to the HF Hub. Please set a HF_TOKEN to enable higher rate limits and faster downloads.
Loading weights:   0%|          | 0/103 [00:00<?, ?it/s]Loading weights: 100%|██████████| 103/103 [00:00<00:00, 9161.75it/s]
[Image Processor] Embedding model ready.
[Image Processor] Loading image manifests from eu_legislation/batch_0063/image_store
[Image Processor] Eligible image assets loaded: 57
[Image Processor] Starting visual descriptions | images=57 | max_concurrency=64 | target_rps=30
[Image Processor] Progress 1/57 (1.8%) | success=1 error=0 | avg=0.30 images/s | elapsed=0.1 min
[Image Processor] Progress 2/57 (3.5%) | success=2 error=0 | avg=0.59 images/s | elapsed=0.1 min
[Image Processor] Progress 3/57 (5.3%) | success=3 error=0 | avg=0.86 images/s | elapsed=0.1 min
[Image Processor] Progress 4/57 (7.0%) | success=4 error=0 | avg=1.14 images/s | elapsed=0.1 min
[Image Processor] Progress 5/57 (8.8%) | success=5 error=0 | avg=1.42 images/s | elapsed=0.1 min
[Image Processor] Progress 6/57 (10.5%) | success=6 error=0 | avg=1.69 images/s | elapsed=0.1 min
[Image Processor] Progress 7/57 (12.3%) | success=7 error=0 | avg=1.95 images/s | elapsed=0.1 min
[Image Processor] Progress 8/57 (14.0%) | success=8 error=0 | avg=2.22 images/s | elapsed=0.1 min
[Image Processor] Progress 9/57 (15.8%) | success=9 error=0 | avg=2.49 images/s | elapsed=0.1 min
[Image Processor] Progress 10/57 (17.5%) | success=10 error=0 | avg=2.76 images/s | elapsed=0.1 min
[Image Processor] Progress 25/57 (43.9%) | success=25 error=0 | avg=6.57 images/s | elapsed=0.1 min
[Image Processor] Progress 50/57 (87.7%) | success=50 error=0 | avg=10.37 images/s | elapsed=0.1 min
[Image Processor] ERROR 57/57 | L_202502425EN_image_004.jpg | ValueError('Image model did not return parseable JSON. Raw output preview: \'{   "description": "A horizontal bar chart with a light blue bar spanning from 3800 to 4200 on a numerical scale. The bar is marked with repeated \\\'5\\\' symbols at regular intervals. The scale is labeled \\\'3800\\\' on the left and \\\'4200\\\' on the right.",   "image_type": "chart",   "legible_text": "3800 4200 5 5 5 5 5 5 5 5 5 5 5 5 5 5 5 5 5 5 5 5 5 5 5 5 5 5 5 5 5 5 5 5 5 5 5 5 5 5 5 5 5 5 5 5 5 5 5 5 5 5 5 5 5 5 5 5 5 5 5 5 5 5 5 5 5 5 5 5 5 5 5 5 5 5 5 5 5 5 5 5 5 5 5 5 5 5 5 5 5 5 5 5 5 5 5 5 5 5 5 5\'')
[Image Processor] Progress 57/57 (100.0%) | success=56 error=1 | avg=0.31 images/s | elapsed=3.1 min
[Image Processor] Visual descriptions complete | images=57 | success=56 error=1 | avg=0.31 images/s | elapsed=3.1 min
[Image Processor] Writing image artifacts | records=57 | destination=eu_legislation/batch_0063/image_index
[Image Processor] Embedding 56 successful descriptions with all-MiniLM-L6-v2...
[Image Processor] FAISS index written | vectors=56 | dimension=384
[Image Processor] Artifacts complete | indexed=56 | errors=1
{'records': 57, 'indexed': 56, 'errors': 1, 'destination': 'eu_legislation/batch_0063/image_index'}
[Image Processor] NIM endpoint: http://127.0.0.1:8000/v1
[Image Processor] Vision model: nvidia/nemotron-3-nano-omni-30b-a3b-reasoning
[Image Processor] Concurrency=64 | target_rps=30
[Image Processor] Loading embedding model: all-MiniLM-L6-v2
Warning: You are sending unauthenticated requests to the HF Hub. Please set a HF_TOKEN to enable higher rate limits and faster downloads.
Loading weights:   0%|          | 0/103 [00:00<?, ?it/s]Loading weights: 100%|██████████| 103/103 [00:00<00:00, 11270.89it/s]
[Image Processor] Embedding model ready.
[Image Processor] Loading image manifests from eu_legislation/batch_0064/image_store
[Image Processor] Eligible image assets loaded: 74
[Image Processor] Starting visual descriptions | images=74 | max_concurrency=64 | target_rps=30
[Image Processor] Progress 1/74 (1.4%) | success=1 error=0 | avg=0.32 images/s | elapsed=0.1 min
[Image Processor] Progress 2/74 (2.7%) | success=2 error=0 | avg=0.56 images/s | elapsed=0.1 min
[Image Processor] Progress 3/74 (4.1%) | success=3 error=0 | avg=0.82 images/s | elapsed=0.1 min
[Image Processor] Progress 4/74 (5.4%) | success=4 error=0 | avg=1.09 images/s | elapsed=0.1 min
[Image Processor] Progress 5/74 (6.8%) | success=5 error=0 | avg=1.34 images/s | elapsed=0.1 min
[Image Processor] Progress 6/74 (8.1%) | success=6 error=0 | avg=1.60 images/s | elapsed=0.1 min
[Image Processor] Progress 7/74 (9.5%) | success=7 error=0 | avg=1.86 images/s | elapsed=0.1 min
[Image Processor] Progress 8/74 (10.8%) | success=8 error=0 | avg=2.12 images/s | elapsed=0.1 min
[Image Processor] Progress 9/74 (12.2%) | success=9 error=0 | avg=2.29 images/s | elapsed=0.1 min
[Image Processor] Progress 10/74 (13.5%) | success=10 error=0 | avg=2.49 images/s | elapsed=0.1 min
[Image Processor] Progress 25/74 (33.8%) | success=25 error=0 | avg=5.62 images/s | elapsed=0.1 min
[Image Processor] Progress 50/74 (67.6%) | success=50 error=0 | avg=10.61 images/s | elapsed=0.1 min
[Image Processor] Progress 74/74 (100.0%) | success=74 error=0 | avg=14.02 images/s | elapsed=0.1 min
[Image Processor] Visual descriptions complete | images=74 | success=74 error=0 | avg=14.02 images/s | elapsed=0.1 min
[Image Processor] Writing image artifacts | records=74 | destination=eu_legislation/batch_0064/image_index
[Image Processor] Embedding 74 successful descriptions with all-MiniLM-L6-v2...
[Image Processor] FAISS index written | vectors=74 | dimension=384
[Image Processor] Artifacts complete | indexed=74 | errors=0
{'records': 74, 'indexed': 74, 'errors': 0, 'destination': 'eu_legislation/batch_0064/image_index'}
[Image Processor] NIM endpoint: http://127.0.0.1:8000/v1
[Image Processor] Vision model: nvidia/nemotron-3-nano-omni-30b-a3b-reasoning
[Image Processor] Concurrency=64 | target_rps=30
[Image Processor] Loading embedding model: all-MiniLM-L6-v2
Warning: You are sending unauthenticated requests to the HF Hub. Please set a HF_TOKEN to enable higher rate limits and faster downloads.
Loading weights:   0%|          | 0/103 [00:00<?, ?it/s]Loading weights: 100%|██████████| 103/103 [00:00<00:00, 9665.38it/s]
[Image Processor] Embedding model ready.
[Image Processor] Loading image manifests from eu_legislation/batch_0065/image_store
[Image Processor] Eligible image assets loaded: 78
[Image Processor] Starting visual descriptions | images=78 | max_concurrency=64 | target_rps=30
[Image Processor] Progress 1/78 (1.3%) | success=1 error=0 | avg=0.35 images/s | elapsed=0.0 min
[Image Processor] Progress 2/78 (2.6%) | success=2 error=0 | avg=0.66 images/s | elapsed=0.1 min
[Image Processor] Progress 3/78 (3.8%) | success=3 error=0 | avg=0.94 images/s | elapsed=0.1 min
[Image Processor] Progress 4/78 (5.1%) | success=4 error=0 | avg=1.22 images/s | elapsed=0.1 min
[Image Processor] Progress 5/78 (6.4%) | success=5 error=0 | avg=1.46 images/s | elapsed=0.1 min
[Image Processor] Progress 6/78 (7.7%) | success=6 error=0 | avg=1.72 images/s | elapsed=0.1 min
[Image Processor] Progress 7/78 (9.0%) | success=7 error=0 | avg=2.01 images/s | elapsed=0.1 min
[Image Processor] Progress 8/78 (10.3%) | success=8 error=0 | avg=2.20 images/s | elapsed=0.1 min
[Image Processor] Progress 9/78 (11.5%) | success=9 error=0 | avg=2.46 images/s | elapsed=0.1 min
[Image Processor] Progress 10/78 (12.8%) | success=10 error=0 | avg=2.73 images/s | elapsed=0.1 min
[Image Processor] Progress 25/78 (32.1%) | success=25 error=0 | avg=5.84 images/s | elapsed=0.1 min
[Image Processor] Progress 50/78 (64.1%) | success=50 error=0 | avg=10.93 images/s | elapsed=0.1 min
[Image Processor] Progress 75/78 (96.2%) | success=75 error=0 | avg=14.85 images/s | elapsed=0.1 min
[Image Processor] Progress 78/78 (100.0%) | success=78 error=0 | avg=14.65 images/s | elapsed=0.1 min
[Image Processor] Visual descriptions complete | images=78 | success=78 error=0 | avg=14.65 images/s | elapsed=0.1 min
[Image Processor] Writing image artifacts | records=78 | destination=eu_legislation/batch_0065/image_index
[Image Processor] Embedding 78 successful descriptions with all-MiniLM-L6-v2...
[Image Processor] FAISS index written | vectors=78 | dimension=384
[Image Processor] Artifacts complete | indexed=78 | errors=0
{'records': 78, 'indexed': 78, 'errors': 0, 'destination': 'eu_legislation/batch_0065/image_index'}
[Image Processor] NIM endpoint: http://127.0.0.1:8000/v1
[Image Processor] Vision model: nvidia/nemotron-3-nano-omni-30b-a3b-reasoning
[Image Processor] Concurrency=64 | target_rps=30
[Image Processor] Loading embedding model: all-MiniLM-L6-v2
Warning: You are sending unauthenticated requests to the HF Hub. Please set a HF_TOKEN to enable higher rate limits and faster downloads.
Loading weights:   0%|          | 0/103 [00:00<?, ?it/s]Loading weights: 100%|██████████| 103/103 [00:00<00:00, 10468.23it/s]
[Image Processor] Embedding model ready.
[Image Processor] Loading image manifests from eu_legislation/batch_0066/image_store
[Image Processor] Eligible image assets loaded: 26
[Image Processor] Starting visual descriptions | images=26 | max_concurrency=64 | target_rps=30
[Image Processor] Progress 1/26 (3.8%) | success=1 error=0 | avg=0.43 images/s | elapsed=0.0 min
[Image Processor] Progress 2/26 (7.7%) | success=2 error=0 | avg=0.80 images/s | elapsed=0.0 min
[Image Processor] Progress 3/26 (11.5%) | success=3 error=0 | avg=1.20 images/s | elapsed=0.0 min
[Image Processor] Progress 4/26 (15.4%) | success=4 error=0 | avg=1.60 images/s | elapsed=0.0 min
[Image Processor] Progress 5/26 (19.2%) | success=5 error=0 | avg=1.99 images/s | elapsed=0.0 min
[Image Processor] Progress 6/26 (23.1%) | success=6 error=0 | avg=2.38 images/s | elapsed=0.0 min
[Image Processor] Progress 7/26 (26.9%) | success=7 error=0 | avg=2.76 images/s | elapsed=0.0 min
[Image Processor] Progress 8/26 (30.8%) | success=8 error=0 | avg=3.12 images/s | elapsed=0.0 min
[Image Processor] Progress 9/26 (34.6%) | success=9 error=0 | avg=3.51 images/s | elapsed=0.0 min
[Image Processor] Progress 10/26 (38.5%) | success=10 error=0 | avg=3.90 images/s | elapsed=0.0 min
[Image Processor] Progress 25/26 (96.2%) | success=25 error=0 | avg=7.76 images/s | elapsed=0.1 min
[Image Processor] Progress 26/26 (100.0%) | success=26 error=0 | avg=7.55 images/s | elapsed=0.1 min
[Image Processor] Visual descriptions complete | images=26 | success=26 error=0 | avg=7.55 images/s | elapsed=0.1 min
[Image Processor] Writing image artifacts | records=26 | destination=eu_legislation/batch_0066/image_index
[Image Processor] Embedding 26 successful descriptions with all-MiniLM-L6-v2...
[Image Processor] FAISS index written | vectors=26 | dimension=384
[Image Processor] Artifacts complete | indexed=26 | errors=0
{'records': 26, 'indexed': 26, 'errors': 0, 'destination': 'eu_legislation/batch_0066/image_index'}
[Image Processor] NIM endpoint: http://127.0.0.1:8000/v1
[Image Processor] Vision model: nvidia/nemotron-3-nano-omni-30b-a3b-reasoning
[Image Processor] Concurrency=64 | target_rps=30
[Image Processor] Loading embedding model: all-MiniLM-L6-v2
Warning: You are sending unauthenticated requests to the HF Hub. Please set a HF_TOKEN to enable higher rate limits and faster downloads.
Loading weights:   0%|          | 0/103 [00:00<?, ?it/s]Loading weights: 100%|██████████| 103/103 [00:00<00:00, 10115.75it/s]
[Image Processor] Embedding model ready.
[Image Processor] Loading image manifests from eu_legislation/batch_0067/image_store
[Image Processor] Eligible image assets loaded: 22
[Image Processor] Starting visual descriptions | images=22 | max_concurrency=64 | target_rps=30
[Image Processor] Progress 1/22 (4.5%) | success=1 error=0 | avg=0.48 images/s | elapsed=0.0 min
[Image Processor] Progress 2/22 (9.1%) | success=2 error=0 | avg=0.88 images/s | elapsed=0.0 min
[Image Processor] Progress 3/22 (13.6%) | success=3 error=0 | avg=1.30 images/s | elapsed=0.0 min
[Image Processor] Progress 4/22 (18.2%) | success=4 error=0 | avg=1.73 images/s | elapsed=0.0 min
[Image Processor] Progress 5/22 (22.7%) | success=5 error=0 | avg=2.15 images/s | elapsed=0.0 min
[Image Processor] Progress 6/22 (27.3%) | success=6 error=0 | avg=2.56 images/s | elapsed=0.0 min
[Image Processor] Progress 7/22 (31.8%) | success=7 error=0 | avg=2.92 images/s | elapsed=0.0 min
[Image Processor] Progress 8/22 (36.4%) | success=8 error=0 | avg=3.23 images/s | elapsed=0.0 min
[Image Processor] Progress 9/22 (40.9%) | success=9 error=0 | avg=3.58 images/s | elapsed=0.0 min
[Image Processor] Progress 10/22 (45.5%) | success=10 error=0 | avg=3.96 images/s | elapsed=0.0 min
[Image Processor] Progress 22/22 (100.0%) | success=22 error=0 | avg=5.50 images/s | elapsed=0.1 min
[Image Processor] Visual descriptions complete | images=22 | success=22 error=0 | avg=5.50 images/s | elapsed=0.1 min
[Image Processor] Writing image artifacts | records=22 | destination=eu_legislation/batch_0067/image_index
[Image Processor] Embedding 22 successful descriptions with all-MiniLM-L6-v2...
[Image Processor] FAISS index written | vectors=22 | dimension=384
[Image Processor] Artifacts complete | indexed=22 | errors=0
{'records': 22, 'indexed': 22, 'errors': 0, 'destination': 'eu_legislation/batch_0067/image_index'}
[Image Processor] NIM endpoint: http://127.0.0.1:8000/v1
[Image Processor] Vision model: nvidia/nemotron-3-nano-omni-30b-a3b-reasoning
[Image Processor] Concurrency=64 | target_rps=30
[Image Processor] Loading embedding model: all-MiniLM-L6-v2
Warning: You are sending unauthenticated requests to the HF Hub. Please set a HF_TOKEN to enable higher rate limits and faster downloads.
Loading weights:   0%|          | 0/103 [00:00<?, ?it/s]Loading weights: 100%|██████████| 103/103 [00:00<00:00, 9516.13it/s]
[Image Processor] Embedding model ready.
[Image Processor] Loading image manifests from eu_legislation/batch_0068/image_store
[Image Processor] Eligible image assets loaded: 16
[Image Processor] Starting visual descriptions | images=16 | max_concurrency=64 | target_rps=30
[Image Processor] Progress 1/16 (6.2%) | success=1 error=0 | avg=0.49 images/s | elapsed=0.0 min
[Image Processor] Progress 2/16 (12.5%) | success=2 error=0 | avg=0.93 images/s | elapsed=0.0 min
[Image Processor] Progress 3/16 (18.8%) | success=3 error=0 | avg=1.39 images/s | elapsed=0.0 min
[Image Processor] Progress 4/16 (25.0%) | success=4 error=0 | avg=1.82 images/s | elapsed=0.0 min
[Image Processor] Progress 5/16 (31.2%) | success=5 error=0 | avg=2.26 images/s | elapsed=0.0 min
[Image Processor] Progress 6/16 (37.5%) | success=6 error=0 | avg=2.64 images/s | elapsed=0.0 min
[Image Processor] Progress 7/16 (43.8%) | success=7 error=0 | avg=2.98 images/s | elapsed=0.0 min
[Image Processor] Progress 8/16 (50.0%) | success=8 error=0 | avg=3.37 images/s | elapsed=0.0 min
[Image Processor] Progress 9/16 (56.2%) | success=9 error=0 | avg=3.79 images/s | elapsed=0.0 min
[Image Processor] Progress 10/16 (62.5%) | success=10 error=0 | avg=4.20 images/s | elapsed=0.0 min
[Image Processor] Progress 16/16 (100.0%) | success=16 error=0 | avg=5.51 images/s | elapsed=0.0 min
[Image Processor] Visual descriptions complete | images=16 | success=16 error=0 | avg=5.51 images/s | elapsed=0.0 min
[Image Processor] Writing image artifacts | records=16 | destination=eu_legislation/batch_0068/image_index
[Image Processor] Embedding 16 successful descriptions with all-MiniLM-L6-v2...
[Image Processor] FAISS index written | vectors=16 | dimension=384
[Image Processor] Artifacts complete | indexed=16 | errors=0
{'records': 16, 'indexed': 16, 'errors': 0, 'destination': 'eu_legislation/batch_0068/image_index'}
[Image Processor] NIM endpoint: http://127.0.0.1:8000/v1
[Image Processor] Vision model: nvidia/nemotron-3-nano-omni-30b-a3b-reasoning
[Image Processor] Concurrency=64 | target_rps=30
[Image Processor] Loading embedding model: all-MiniLM-L6-v2
Warning: You are sending unauthenticated requests to the HF Hub. Please set a HF_TOKEN to enable higher rate limits and faster downloads.
Loading weights:   0%|          | 0/103 [00:00<?, ?it/s]Loading weights: 100%|██████████| 103/103 [00:00<00:00, 10015.15it/s]
[Image Processor] Embedding model ready.
[Image Processor] Loading image manifests from eu_legislation/batch_0069/image_store
[Image Processor] Eligible image assets loaded: 66
[Image Processor] Starting visual descriptions | images=66 | max_concurrency=64 | target_rps=30
[Image Processor] Progress 1/66 (1.5%) | success=1 error=0 | avg=0.58 images/s | elapsed=0.0 min
[Image Processor] Progress 2/66 (3.0%) | success=2 error=0 | avg=0.54 images/s | elapsed=0.1 min
[Image Processor] Progress 3/66 (4.5%) | success=3 error=0 | avg=0.80 images/s | elapsed=0.1 min
[Image Processor] Progress 4/66 (6.1%) | success=4 error=0 | avg=1.06 images/s | elapsed=0.1 min
[Image Processor] Progress 5/66 (7.6%) | success=5 error=0 | avg=1.32 images/s | elapsed=0.1 min
[Image Processor] Progress 6/66 (9.1%) | success=6 error=0 | avg=1.57 images/s | elapsed=0.1 min
[Image Processor] Progress 7/66 (10.6%) | success=7 error=0 | avg=1.83 images/s | elapsed=0.1 min
[Image Processor] Progress 8/66 (12.1%) | success=8 error=0 | avg=2.08 images/s | elapsed=0.1 min
[Image Processor] Progress 9/66 (13.6%) | success=9 error=0 | avg=2.33 images/s | elapsed=0.1 min
[Image Processor] Progress 10/66 (15.2%) | success=10 error=0 | avg=2.58 images/s | elapsed=0.1 min
[Image Processor] Progress 25/66 (37.9%) | success=25 error=0 | avg=6.13 images/s | elapsed=0.1 min
[Image Processor] Progress 50/66 (75.8%) | success=50 error=0 | avg=11.74 images/s | elapsed=0.1 min
[Image Processor] Progress 66/66 (100.0%) | success=66 error=0 | avg=12.95 images/s | elapsed=0.1 min
[Image Processor] Visual descriptions complete | images=66 | success=66 error=0 | avg=12.95 images/s | elapsed=0.1 min
[Image Processor] Writing image artifacts | records=66 | destination=eu_legislation/batch_0069/image_index
[Image Processor] Embedding 66 successful descriptions with all-MiniLM-L6-v2...
[Image Processor] FAISS index written | vectors=66 | dimension=384
[Image Processor] Artifacts complete | indexed=66 | errors=0
{'records': 66, 'indexed': 66, 'errors': 0, 'destination': 'eu_legislation/batch_0069/image_index'}
[Image Processor] NIM endpoint: http://127.0.0.1:8000/v1
[Image Processor] Vision model: nvidia/nemotron-3-nano-omni-30b-a3b-reasoning
[Image Processor] Concurrency=64 | target_rps=30
[Image Processor] Loading embedding model: all-MiniLM-L6-v2
Warning: You are sending unauthenticated requests to the HF Hub. Please set a HF_TOKEN to enable higher rate limits and faster downloads.
Loading weights:   0%|          | 0/103 [00:00<?, ?it/s]Loading weights: 100%|██████████| 103/103 [00:00<00:00, 9850.05it/s]
[Image Processor] Embedding model ready.
[Image Processor] Loading image manifests from eu_legislation/batch_0070/image_store
[Image Processor] Eligible image assets loaded: 56
[Image Processor] Starting visual descriptions | images=56 | max_concurrency=64 | target_rps=30
[Image Processor] Progress 1/56 (1.8%) | success=1 error=0 | avg=0.38 images/s | elapsed=0.0 min
[Image Processor] Progress 2/56 (3.6%) | success=2 error=0 | avg=0.69 images/s | elapsed=0.0 min
[Image Processor] Progress 3/56 (5.4%) | success=3 error=0 | avg=0.96 images/s | elapsed=0.1 min
[Image Processor] Progress 4/56 (7.1%) | success=4 error=0 | avg=1.28 images/s | elapsed=0.1 min
[Image Processor] Progress 5/56 (8.9%) | success=5 error=0 | avg=1.59 images/s | elapsed=0.1 min
[Image Processor] Progress 6/56 (10.7%) | success=6 error=0 | avg=1.90 images/s | elapsed=0.1 min
[Image Processor] Progress 7/56 (12.5%) | success=7 error=0 | avg=2.21 images/s | elapsed=0.1 min
[Image Processor] Progress 8/56 (14.3%) | success=8 error=0 | avg=2.50 images/s | elapsed=0.1 min
[Image Processor] Progress 9/56 (16.1%) | success=9 error=0 | avg=2.81 images/s | elapsed=0.1 min
[Image Processor] Progress 10/56 (17.9%) | success=10 error=0 | avg=3.12 images/s | elapsed=0.1 min
[Image Processor] Progress 25/56 (44.6%) | success=25 error=0 | avg=7.33 images/s | elapsed=0.1 min
[Image Processor] Progress 50/56 (89.3%) | success=50 error=0 | avg=13.33 images/s | elapsed=0.1 min
[Image Processor] Progress 56/56 (100.0%) | success=56 error=0 | avg=11.04 images/s | elapsed=0.1 min
[Image Processor] Visual descriptions complete | images=56 | success=56 error=0 | avg=11.04 images/s | elapsed=0.1 min
[Image Processor] Writing image artifacts | records=56 | destination=eu_legislation/batch_0070/image_index
[Image Processor] Embedding 56 successful descriptions with all-MiniLM-L6-v2...
[Image Processor] FAISS index written | vectors=56 | dimension=384
[Image Processor] Artifacts complete | indexed=56 | errors=0
{'records': 56, 'indexed': 56, 'errors': 0, 'destination': 'eu_legislation/batch_0070/image_index'}
[Image Processor] NIM endpoint: http://127.0.0.1:8000/v1
[Image Processor] Vision model: nvidia/nemotron-3-nano-omni-30b-a3b-reasoning
[Image Processor] Concurrency=64 | target_rps=30
[Image Processor] Loading embedding model: all-MiniLM-L6-v2
Warning: You are sending unauthenticated requests to the HF Hub. Please set a HF_TOKEN to enable higher rate limits and faster downloads.
Loading weights:   0%|          | 0/103 [00:00<?, ?it/s]Loading weights: 100%|██████████| 103/103 [00:00<00:00, 10619.01it/s]
[Image Processor] Embedding model ready.
[Image Processor] Loading image manifests from eu_legislation/batch_0071/image_store
[Image Processor] Eligible image assets loaded: 10
[Image Processor] Starting visual descriptions | images=10 | max_concurrency=64 | target_rps=30
[Image Processor] Progress 1/10 (10.0%) | success=1 error=0 | avg=0.58 images/s | elapsed=0.0 min
[Image Processor] Progress 2/10 (20.0%) | success=2 error=0 | avg=0.93 images/s | elapsed=0.0 min
[Image Processor] Progress 3/10 (30.0%) | success=3 error=0 | avg=1.30 images/s | elapsed=0.0 min
[Image Processor] Progress 4/10 (40.0%) | success=4 error=0 | avg=1.72 images/s | elapsed=0.0 min
[Image Processor] Progress 5/10 (50.0%) | success=5 error=0 | avg=2.14 images/s | elapsed=0.0 min
[Image Processor] Progress 6/10 (60.0%) | success=6 error=0 | avg=2.55 images/s | elapsed=0.0 min
[Image Processor] Progress 7/10 (70.0%) | success=7 error=0 | avg=2.93 images/s | elapsed=0.0 min
[Image Processor] Progress 8/10 (80.0%) | success=8 error=0 | avg=3.30 images/s | elapsed=0.0 min
[Image Processor] Progress 9/10 (90.0%) | success=9 error=0 | avg=3.51 images/s | elapsed=0.0 min
[Image Processor] Progress 10/10 (100.0%) | success=10 error=0 | avg=3.27 images/s | elapsed=0.1 min
[Image Processor] Visual descriptions complete | images=10 | success=10 error=0 | avg=3.27 images/s | elapsed=0.1 min
[Image Processor] Writing image artifacts | records=10 | destination=eu_legislation/batch_0071/image_index
[Image Processor] Embedding 10 successful descriptions with all-MiniLM-L6-v2...
[Image Processor] FAISS index written | vectors=10 | dimension=384
[Image Processor] Artifacts complete | indexed=10 | errors=0
{'records': 10, 'indexed': 10, 'errors': 0, 'destination': 'eu_legislation/batch_0071/image_index'}
[Image Processor] NIM endpoint: http://127.0.0.1:8000/v1
[Image Processor] Vision model: nvidia/nemotron-3-nano-omni-30b-a3b-reasoning
[Image Processor] Concurrency=64 | target_rps=30
[Image Processor] Loading embedding model: all-MiniLM-L6-v2
Warning: You are sending unauthenticated requests to the HF Hub. Please set a HF_TOKEN to enable higher rate limits and faster downloads.
Loading weights:   0%|          | 0/103 [00:00<?, ?it/s]Loading weights: 100%|██████████| 103/103 [00:00<00:00, 9043.61it/s]
[Image Processor] Embedding model ready.
[Image Processor] Loading image manifests from eu_legislation/batch_0072/image_store
[Image Processor] Eligible image assets loaded: 21
[Image Processor] Starting visual descriptions | images=21 | max_concurrency=64 | target_rps=30
[Image Processor] Progress 1/21 (4.8%) | success=1 error=0 | avg=0.49 images/s | elapsed=0.0 min
[Image Processor] Progress 2/21 (9.5%) | success=2 error=0 | avg=0.89 images/s | elapsed=0.0 min
[Image Processor] Progress 3/21 (14.3%) | success=3 error=0 | avg=1.23 images/s | elapsed=0.0 min
[Image Processor] Progress 4/21 (19.0%) | success=4 error=0 | avg=1.64 images/s | elapsed=0.0 min
[Image Processor] Progress 5/21 (23.8%) | success=5 error=0 | avg=2.00 images/s | elapsed=0.0 min
[Image Processor] Progress 6/21 (28.6%) | success=6 error=0 | avg=2.40 images/s | elapsed=0.0 min
[Image Processor] Progress 7/21 (33.3%) | success=7 error=0 | avg=2.79 images/s | elapsed=0.0 min
[Image Processor] Progress 8/21 (38.1%) | success=8 error=0 | avg=3.18 images/s | elapsed=0.0 min
[Image Processor] Progress 9/21 (42.9%) | success=9 error=0 | avg=3.57 images/s | elapsed=0.0 min
[Image Processor] Progress 10/21 (47.6%) | success=10 error=0 | avg=3.95 images/s | elapsed=0.0 min
[Image Processor] Progress 21/21 (100.0%) | success=21 error=0 | avg=7.12 images/s | elapsed=0.0 min
[Image Processor] Visual descriptions complete | images=21 | success=21 error=0 | avg=7.12 images/s | elapsed=0.0 min
[Image Processor] Writing image artifacts | records=21 | destination=eu_legislation/batch_0072/image_index
[Image Processor] Embedding 21 successful descriptions with all-MiniLM-L6-v2...
[Image Processor] FAISS index written | vectors=21 | dimension=384
[Image Processor] Artifacts complete | indexed=21 | errors=0
{'records': 21, 'indexed': 21, 'errors': 0, 'destination': 'eu_legislation/batch_0072/image_index'}
[Image Processor] NIM endpoint: http://127.0.0.1:8000/v1
[Image Processor] Vision model: nvidia/nemotron-3-nano-omni-30b-a3b-reasoning
[Image Processor] Concurrency=64 | target_rps=30
[Image Processor] Loading embedding model: all-MiniLM-L6-v2
Warning: You are sending unauthenticated requests to the HF Hub. Please set a HF_TOKEN to enable higher rate limits and faster downloads.
Loading weights:   0%|          | 0/103 [00:00<?, ?it/s]Loading weights: 100%|██████████| 103/103 [00:00<00:00, 9138.50it/s]
[Image Processor] Embedding model ready.
[Image Processor] Loading image manifests from eu_legislation/batch_0073/image_store
[Image Processor] Eligible image assets loaded: 40
[Image Processor] Starting visual descriptions | images=40 | max_concurrency=64 | target_rps=30
[Image Processor] Progress 1/40 (2.5%) | success=1 error=0 | avg=0.73 images/s | elapsed=0.0 min
[Image Processor] Progress 2/40 (5.0%) | success=2 error=0 | avg=0.37 images/s | elapsed=0.1 min
[Image Processor] Progress 3/40 (7.5%) | success=3 error=0 | avg=0.54 images/s | elapsed=0.1 min
[Image Processor] Progress 4/40 (10.0%) | success=4 error=0 | avg=0.72 images/s | elapsed=0.1 min
[Image Processor] Progress 5/40 (12.5%) | success=5 error=0 | avg=0.90 images/s | elapsed=0.1 min
[Image Processor] Progress 6/40 (15.0%) | success=6 error=0 | avg=1.07 images/s | elapsed=0.1 min
[Image Processor] Progress 7/40 (17.5%) | success=7 error=0 | avg=1.25 images/s | elapsed=0.1 min
[Image Processor] Progress 8/40 (20.0%) | success=8 error=0 | avg=1.42 images/s | elapsed=0.1 min
[Image Processor] Progress 9/40 (22.5%) | success=9 error=0 | avg=1.59 images/s | elapsed=0.1 min
[Image Processor] Progress 10/40 (25.0%) | success=10 error=0 | avg=1.73 images/s | elapsed=0.1 min
[Image Processor] Progress 25/40 (62.5%) | success=25 error=0 | avg=2.63 images/s | elapsed=0.2 min
[Image Processor] Progress 40/40 (100.0%) | success=40 error=0 | avg=2.71 images/s | elapsed=0.2 min
[Image Processor] Visual descriptions complete | images=40 | success=40 error=0 | avg=2.71 images/s | elapsed=0.2 min
[Image Processor] Writing image artifacts | records=40 | destination=eu_legislation/batch_0073/image_index
[Image Processor] Embedding 40 successful descriptions with all-MiniLM-L6-v2...
[Image Processor] FAISS index written | vectors=40 | dimension=384
[Image Processor] Artifacts complete | indexed=40 | errors=0
{'records': 40, 'indexed': 40, 'errors': 0, 'destination': 'eu_legislation/batch_0073/image_index'}
[Image Processor] NIM endpoint: http://127.0.0.1:8000/v1
[Image Processor] Vision model: nvidia/nemotron-3-nano-omni-30b-a3b-reasoning
[Image Processor] Concurrency=64 | target_rps=30
[Image Processor] Loading embedding model: all-MiniLM-L6-v2
Warning: You are sending unauthenticated requests to the HF Hub. Please set a HF_TOKEN to enable higher rate limits and faster downloads.
Loading weights:   0%|          | 0/103 [00:00<?, ?it/s]Loading weights: 100%|██████████| 103/103 [00:00<00:00, 9511.10it/s]
[Image Processor] Embedding model ready.
[Image Processor] Loading image manifests from eu_legislation/batch_0074/image_store
[Image Processor] Eligible image assets loaded: 13
[Image Processor] Starting visual descriptions | images=13 | max_concurrency=64 | target_rps=30
[Image Processor] Progress 1/13 (7.7%) | success=1 error=0 | avg=0.50 images/s | elapsed=0.0 min
[Image Processor] Progress 2/13 (15.4%) | success=2 error=0 | avg=0.97 images/s | elapsed=0.0 min
[Image Processor] Progress 3/13 (23.1%) | success=3 error=0 | avg=1.44 images/s | elapsed=0.0 min
[Image Processor] Progress 4/13 (30.8%) | success=4 error=0 | avg=1.78 images/s | elapsed=0.0 min
[Image Processor] Progress 5/13 (38.5%) | success=5 error=0 | avg=2.19 images/s | elapsed=0.0 min
[Image Processor] Progress 6/13 (46.2%) | success=6 error=0 | avg=2.62 images/s | elapsed=0.0 min
[Image Processor] Progress 7/13 (53.8%) | success=7 error=0 | avg=3.01 images/s | elapsed=0.0 min
[Image Processor] Progress 8/13 (61.5%) | success=8 error=0 | avg=3.40 images/s | elapsed=0.0 min
[Image Processor] Progress 9/13 (69.2%) | success=9 error=0 | avg=3.73 images/s | elapsed=0.0 min
[Image Processor] Progress 10/13 (76.9%) | success=10 error=0 | avg=4.06 images/s | elapsed=0.0 min
[Image Processor] Progress 13/13 (100.0%) | success=13 error=0 | avg=4.85 images/s | elapsed=0.0 min
[Image Processor] Visual descriptions complete | images=13 | success=13 error=0 | avg=4.85 images/s | elapsed=0.0 min
[Image Processor] Writing image artifacts | records=13 | destination=eu_legislation/batch_0074/image_index
[Image Processor] Embedding 13 successful descriptions with all-MiniLM-L6-v2...
[Image Processor] FAISS index written | vectors=13 | dimension=384
[Image Processor] Artifacts complete | indexed=13 | errors=0
{'records': 13, 'indexed': 13, 'errors': 0, 'destination': 'eu_legislation/batch_0074/image_index'}
[Image Processor] NIM endpoint: http://127.0.0.1:8000/v1
[Image Processor] Vision model: nvidia/nemotron-3-nano-omni-30b-a3b-reasoning
[Image Processor] Concurrency=64 | target_rps=30
[Image Processor] Loading embedding model: all-MiniLM-L6-v2
Warning: You are sending unauthenticated requests to the HF Hub. Please set a HF_TOKEN to enable higher rate limits and faster downloads.
Loading weights:   0%|          | 0/103 [00:00<?, ?it/s]Loading weights: 100%|██████████| 103/103 [00:00<00:00, 9506.50it/s]
[Image Processor] Embedding model ready.
[Image Processor] Loading image manifests from eu_legislation/batch_0075/image_store
[Image Processor] Eligible image assets loaded: 16
[Image Processor] Starting visual descriptions | images=16 | max_concurrency=64 | target_rps=30
[Image Processor] Progress 1/16 (6.2%) | success=1 error=0 | avg=0.49 images/s | elapsed=0.0 min
[Image Processor] Progress 2/16 (12.5%) | success=2 error=0 | avg=0.92 images/s | elapsed=0.0 min
[Image Processor] Progress 3/16 (18.8%) | success=3 error=0 | avg=1.32 images/s | elapsed=0.0 min
[Image Processor] Progress 4/16 (25.0%) | success=4 error=0 | avg=1.70 images/s | elapsed=0.0 min
[Image Processor] Progress 5/16 (31.2%) | success=5 error=0 | avg=2.12 images/s | elapsed=0.0 min
[Image Processor] Progress 6/16 (37.5%) | success=6 error=0 | avg=2.50 images/s | elapsed=0.0 min
[Image Processor] Progress 7/16 (43.8%) | success=7 error=0 | avg=2.88 images/s | elapsed=0.0 min
[Image Processor] Progress 8/16 (50.0%) | success=8 error=0 | avg=3.22 images/s | elapsed=0.0 min
[Image Processor] Progress 9/16 (56.2%) | success=9 error=0 | avg=3.62 images/s | elapsed=0.0 min
[Image Processor] Progress 10/16 (62.5%) | success=10 error=0 | avg=3.87 images/s | elapsed=0.0 min
[Image Processor] Progress 16/16 (100.0%) | success=16 error=0 | avg=5.48 images/s | elapsed=0.0 min
[Image Processor] Visual descriptions complete | images=16 | success=16 error=0 | avg=5.48 images/s | elapsed=0.0 min
[Image Processor] Writing image artifacts | records=16 | destination=eu_legislation/batch_0075/image_index
[Image Processor] Embedding 16 successful descriptions with all-MiniLM-L6-v2...
[Image Processor] FAISS index written | vectors=16 | dimension=384
[Image Processor] Artifacts complete | indexed=16 | errors=0
{'records': 16, 'indexed': 16, 'errors': 0, 'destination': 'eu_legislation/batch_0075/image_index'}
[Image Processor] NIM endpoint: http://127.0.0.1:8000/v1
[Image Processor] Vision model: nvidia/nemotron-3-nano-omni-30b-a3b-reasoning
[Image Processor] Concurrency=64 | target_rps=30
[Image Processor] Loading embedding model: all-MiniLM-L6-v2
Warning: You are sending unauthenticated requests to the HF Hub. Please set a HF_TOKEN to enable higher rate limits and faster downloads.
Loading weights:   0%|          | 0/103 [00:00<?, ?it/s]Loading weights: 100%|██████████| 103/103 [00:00<00:00, 10139.25it/s]
[Image Processor] Embedding model ready.
[Image Processor] Loading image manifests from eu_legislation/batch_0076/image_store
[Image Processor] Eligible image assets loaded: 21
[Image Processor] Starting visual descriptions | images=21 | max_concurrency=64 | target_rps=30
[Image Processor] Progress 1/21 (4.8%) | success=1 error=0 | avg=0.89 images/s | elapsed=0.0 min
[Image Processor] Progress 2/21 (9.5%) | success=2 error=0 | avg=0.98 images/s | elapsed=0.0 min
[Image Processor] Progress 3/21 (14.3%) | success=3 error=0 | avg=1.23 images/s | elapsed=0.0 min
[Image Processor] Progress 4/21 (19.0%) | success=4 error=0 | avg=1.59 images/s | elapsed=0.0 min
[Image Processor] Progress 5/21 (23.8%) | success=5 error=0 | avg=1.99 images/s | elapsed=0.0 min
[Image Processor] Progress 6/21 (28.6%) | success=6 error=0 | avg=2.21 images/s | elapsed=0.0 min
[Image Processor] Progress 7/21 (33.3%) | success=7 error=0 | avg=2.50 images/s | elapsed=0.0 min
[Image Processor] Progress 8/21 (38.1%) | success=8 error=0 | avg=2.83 images/s | elapsed=0.0 min
[Image Processor] Progress 9/21 (42.9%) | success=9 error=0 | avg=3.07 images/s | elapsed=0.0 min
[Image Processor] Progress 10/21 (47.6%) | success=10 error=0 | avg=3.27 images/s | elapsed=0.1 min
[Image Processor] Progress 21/21 (100.0%) | success=21 error=0 | avg=5.87 images/s | elapsed=0.1 min
[Image Processor] Visual descriptions complete | images=21 | success=21 error=0 | avg=5.87 images/s | elapsed=0.1 min
[Image Processor] Writing image artifacts | records=21 | destination=eu_legislation/batch_0076/image_index
[Image Processor] Embedding 21 successful descriptions with all-MiniLM-L6-v2...
[Image Processor] FAISS index written | vectors=21 | dimension=384
[Image Processor] Artifacts complete | indexed=21 | errors=0
{'records': 21, 'indexed': 21, 'errors': 0, 'destination': 'eu_legislation/batch_0076/image_index'}
[Image Processor] NIM endpoint: http://127.0.0.1:8000/v1
[Image Processor] Vision model: nvidia/nemotron-3-nano-omni-30b-a3b-reasoning
[Image Processor] Concurrency=64 | target_rps=30
[Image Processor] Loading embedding model: all-MiniLM-L6-v2
Warning: You are sending unauthenticated requests to the HF Hub. Please set a HF_TOKEN to enable higher rate limits and faster downloads.
Loading weights:   0%|          | 0/103 [00:00<?, ?it/s]Loading weights: 100%|██████████| 103/103 [00:00<00:00, 9209.21it/s]
[Image Processor] Embedding model ready.
[Image Processor] Loading image manifests from eu_legislation/batch_0077/image_store
[Image Processor] Eligible image assets loaded: 17
[Image Processor] Starting visual descriptions | images=17 | max_concurrency=64 | target_rps=30
[Image Processor] Progress 1/17 (5.9%) | success=1 error=0 | avg=0.46 images/s | elapsed=0.0 min
[Image Processor] Progress 2/17 (11.8%) | success=2 error=0 | avg=0.90 images/s | elapsed=0.0 min
[Image Processor] Progress 3/17 (17.6%) | success=3 error=0 | avg=1.34 images/s | elapsed=0.0 min
[Image Processor] Progress 4/17 (23.5%) | success=4 error=0 | avg=1.76 images/s | elapsed=0.0 min
[Image Processor] Progress 5/17 (29.4%) | success=5 error=0 | avg=2.15 images/s | elapsed=0.0 min
[Image Processor] Progress 6/17 (35.3%) | success=6 error=0 | avg=2.56 images/s | elapsed=0.0 min
[Image Processor] Progress 7/17 (41.2%) | success=7 error=0 | avg=2.99 images/s | elapsed=0.0 min
[Image Processor] Progress 8/17 (47.1%) | success=8 error=0 | avg=3.35 images/s | elapsed=0.0 min
[Image Processor] Progress 9/17 (52.9%) | success=9 error=0 | avg=3.72 images/s | elapsed=0.0 min
[Image Processor] Progress 10/17 (58.8%) | success=10 error=0 | avg=4.09 images/s | elapsed=0.0 min
[Image Processor] Progress 17/17 (100.0%) | success=17 error=0 | avg=5.91 images/s | elapsed=0.0 min
[Image Processor] Visual descriptions complete | images=17 | success=17 error=0 | avg=5.91 images/s | elapsed=0.0 min
[Image Processor] Writing image artifacts | records=17 | destination=eu_legislation/batch_0077/image_index
[Image Processor] Embedding 17 successful descriptions with all-MiniLM-L6-v2...
[Image Processor] FAISS index written | vectors=17 | dimension=384
[Image Processor] Artifacts complete | indexed=17 | errors=0
{'records': 17, 'indexed': 17, 'errors': 0, 'destination': 'eu_legislation/batch_0077/image_index'}
[Image Processor] NIM endpoint: http://127.0.0.1:8000/v1
[Image Processor] Vision model: nvidia/nemotron-3-nano-omni-30b-a3b-reasoning
[Image Processor] Concurrency=64 | target_rps=30
[Image Processor] Loading embedding model: all-MiniLM-L6-v2
Warning: You are sending unauthenticated requests to the HF Hub. Please set a HF_TOKEN to enable higher rate limits and faster downloads.
Loading weights:   0%|          | 0/103 [00:00<?, ?it/s]Loading weights: 100%|██████████| 103/103 [00:00<00:00, 9600.30it/s]
[Image Processor] Embedding model ready.
[Image Processor] Loading image manifests from eu_legislation/batch_0078/image_store
[Image Processor] Eligible image assets loaded: 25
[Image Processor] Starting visual descriptions | images=25 | max_concurrency=64 | target_rps=30
[Image Processor] Progress 1/25 (4.0%) | success=1 error=0 | avg=0.44 images/s | elapsed=0.0 min
[Image Processor] Progress 2/25 (8.0%) | success=2 error=0 | avg=0.81 images/s | elapsed=0.0 min
[Image Processor] Progress 3/25 (12.0%) | success=3 error=0 | avg=1.16 images/s | elapsed=0.0 min
[Image Processor] Progress 4/25 (16.0%) | success=4 error=0 | avg=1.52 images/s | elapsed=0.0 min
[Image Processor] Progress 5/25 (20.0%) | success=5 error=0 | avg=1.89 images/s | elapsed=0.0 min
[Image Processor] Progress 6/25 (24.0%) | success=6 error=0 | avg=2.20 images/s | elapsed=0.0 min
[Image Processor] Progress 7/25 (28.0%) | success=7 error=0 | avg=2.55 images/s | elapsed=0.0 min
[Image Processor] Progress 8/25 (32.0%) | success=8 error=0 | avg=2.89 images/s | elapsed=0.0 min
[Image Processor] Progress 9/25 (36.0%) | success=9 error=0 | avg=3.23 images/s | elapsed=0.0 min
[Image Processor] Progress 10/25 (40.0%) | success=10 error=0 | avg=3.52 images/s | elapsed=0.0 min
[Image Processor] Progress 25/25 (100.0%) | success=25 error=0 | avg=6.93 images/s | elapsed=0.1 min
[Image Processor] Visual descriptions complete | images=25 | success=25 error=0 | avg=6.93 images/s | elapsed=0.1 min
[Image Processor] Writing image artifacts | records=25 | destination=eu_legislation/batch_0078/image_index
[Image Processor] Embedding 25 successful descriptions with all-MiniLM-L6-v2...
[Image Processor] FAISS index written | vectors=25 | dimension=384
[Image Processor] Artifacts complete | indexed=25 | errors=0
{'records': 25, 'indexed': 25, 'errors': 0, 'destination': 'eu_legislation/batch_0078/image_index'}
[Image Processor] NIM endpoint: http://127.0.0.1:8000/v1
[Image Processor] Vision model: nvidia/nemotron-3-nano-omni-30b-a3b-reasoning
[Image Processor] Concurrency=64 | target_rps=30
[Image Processor] Loading embedding model: all-MiniLM-L6-v2
Warning: You are sending unauthenticated requests to the HF Hub. Please set a HF_TOKEN to enable higher rate limits and faster downloads.
Loading weights:   0%|          | 0/103 [00:00<?, ?it/s]Loading weights: 100%|██████████| 103/103 [00:00<00:00, 9607.13it/s]
[Image Processor] Embedding model ready.
[Image Processor] Loading image manifests from eu_legislation/batch_0079/image_store
[Image Processor] Eligible image assets loaded: 21
[Image Processor] Starting visual descriptions | images=21 | max_concurrency=64 | target_rps=30
[Image Processor] Progress 1/21 (4.8%) | success=1 error=0 | avg=0.38 images/s | elapsed=0.0 min
[Image Processor] Progress 2/21 (9.5%) | success=2 error=0 | avg=0.60 images/s | elapsed=0.1 min
[Image Processor] Progress 3/21 (14.3%) | success=3 error=0 | avg=0.86 images/s | elapsed=0.1 min
[Image Processor] Progress 4/21 (19.0%) | success=4 error=0 | avg=1.14 images/s | elapsed=0.1 min
[Image Processor] Progress 5/21 (23.8%) | success=5 error=0 | avg=1.41 images/s | elapsed=0.1 min
[Image Processor] Progress 6/21 (28.6%) | success=6 error=0 | avg=1.70 images/s | elapsed=0.1 min
[Image Processor] Progress 7/21 (33.3%) | success=7 error=0 | avg=1.96 images/s | elapsed=0.1 min
[Image Processor] Progress 8/21 (38.1%) | success=8 error=0 | avg=2.24 images/s | elapsed=0.1 min
[Image Processor] Progress 9/21 (42.9%) | success=9 error=0 | avg=2.39 images/s | elapsed=0.1 min
[Image Processor] Progress 10/21 (47.6%) | success=10 error=0 | avg=2.64 images/s | elapsed=0.1 min
[Image Processor] Progress 21/21 (100.0%) | success=21 error=0 | avg=4.00 images/s | elapsed=0.1 min
[Image Processor] Visual descriptions complete | images=21 | success=21 error=0 | avg=4.00 images/s | elapsed=0.1 min
[Image Processor] Writing image artifacts | records=21 | destination=eu_legislation/batch_0079/image_index
[Image Processor] Embedding 21 successful descriptions with all-MiniLM-L6-v2...
[Image Processor] FAISS index written | vectors=21 | dimension=384
[Image Processor] Artifacts complete | indexed=21 | errors=0
{'records': 21, 'indexed': 21, 'errors': 0, 'destination': 'eu_legislation/batch_0079/image_index'}
[Image Processor] NIM endpoint: http://127.0.0.1:8000/v1
[Image Processor] Vision model: nvidia/nemotron-3-nano-omni-30b-a3b-reasoning
[Image Processor] Concurrency=64 | target_rps=30
[Image Processor] Loading embedding model: all-MiniLM-L6-v2
Warning: You are sending unauthenticated requests to the HF Hub. Please set a HF_TOKEN to enable higher rate limits and faster downloads.
Loading weights:   0%|          | 0/103 [00:00<?, ?it/s]Loading weights: 100%|██████████| 103/103 [00:00<00:00, 10106.99it/s]
[Image Processor] Embedding model ready.
[Image Processor] Loading image manifests from eu_legislation/batch_0080/image_store
[Image Processor] Eligible image assets loaded: 14
[Image Processor] Starting visual descriptions | images=14 | max_concurrency=64 | target_rps=30
[Image Processor] Progress 1/14 (7.1%) | success=1 error=0 | avg=0.51 images/s | elapsed=0.0 min
[Image Processor] Progress 2/14 (14.3%) | success=2 error=0 | avg=0.98 images/s | elapsed=0.0 min
[Image Processor] Progress 3/14 (21.4%) | success=3 error=0 | avg=1.42 images/s | elapsed=0.0 min
[Image Processor] Progress 4/14 (28.6%) | success=4 error=0 | avg=1.87 images/s | elapsed=0.0 min
[Image Processor] Progress 5/14 (35.7%) | success=5 error=0 | avg=2.32 images/s | elapsed=0.0 min
[Image Processor] Progress 6/14 (42.9%) | success=6 error=0 | avg=2.76 images/s | elapsed=0.0 min
[Image Processor] Progress 7/14 (50.0%) | success=7 error=0 | avg=3.21 images/s | elapsed=0.0 min
[Image Processor] Progress 8/14 (57.1%) | success=8 error=0 | avg=3.62 images/s | elapsed=0.0 min
[Image Processor] Progress 9/14 (64.3%) | success=9 error=0 | avg=3.89 images/s | elapsed=0.0 min
[Image Processor] Progress 10/14 (71.4%) | success=10 error=0 | avg=4.32 images/s | elapsed=0.0 min
[Image Processor] Progress 14/14 (100.0%) | success=14 error=0 | avg=4.09 images/s | elapsed=0.1 min
[Image Processor] Visual descriptions complete | images=14 | success=14 error=0 | avg=4.09 images/s | elapsed=0.1 min
[Image Processor] Writing image artifacts | records=14 | destination=eu_legislation/batch_0080/image_index
[Image Processor] Embedding 14 successful descriptions with all-MiniLM-L6-v2...
[Image Processor] FAISS index written | vectors=14 | dimension=384
[Image Processor] Artifacts complete | indexed=14 | errors=0
{'records': 14, 'indexed': 14, 'errors': 0, 'destination': 'eu_legislation/batch_0080/image_index'}
[Image Processor] NIM endpoint: http://127.0.0.1:8000/v1
[Image Processor] Vision model: nvidia/nemotron-3-nano-omni-30b-a3b-reasoning
[Image Processor] Concurrency=64 | target_rps=30
[Image Processor] Loading embedding model: all-MiniLM-L6-v2
Warning: You are sending unauthenticated requests to the HF Hub. Please set a HF_TOKEN to enable higher rate limits and faster downloads.
Loading weights:   0%|          | 0/103 [00:00<?, ?it/s]Loading weights: 100%|██████████| 103/103 [00:00<00:00, 9487.71it/s]
[Image Processor] Embedding model ready.
[Image Processor] Loading image manifests from eu_legislation/batch_0081/image_store
[Image Processor] Eligible image assets loaded: 10
[Image Processor] Starting visual descriptions | images=10 | max_concurrency=64 | target_rps=30
[Image Processor] Progress 1/10 (10.0%) | success=1 error=0 | avg=0.56 images/s | elapsed=0.0 min
[Image Processor] Progress 2/10 (20.0%) | success=2 error=0 | avg=1.04 images/s | elapsed=0.0 min
[Image Processor] Progress 3/10 (30.0%) | success=3 error=0 | avg=1.54 images/s | elapsed=0.0 min
[Image Processor] Progress 4/10 (40.0%) | success=4 error=0 | avg=1.98 images/s | elapsed=0.0 min
[Image Processor] Progress 5/10 (50.0%) | success=5 error=0 | avg=2.46 images/s | elapsed=0.0 min
[Image Processor] Progress 6/10 (60.0%) | success=6 error=0 | avg=2.85 images/s | elapsed=0.0 min
[Image Processor] Progress 7/10 (70.0%) | success=7 error=0 | avg=3.19 images/s | elapsed=0.0 min
[Image Processor] Progress 8/10 (80.0%) | success=8 error=0 | avg=3.55 images/s | elapsed=0.0 min
[Image Processor] Progress 9/10 (90.0%) | success=9 error=0 | avg=3.65 images/s | elapsed=0.0 min
[Image Processor] Progress 10/10 (100.0%) | success=10 error=0 | avg=0.16 images/s | elapsed=1.0 min
[Image Processor] Visual descriptions complete | images=10 | success=10 error=0 | avg=0.16 images/s | elapsed=1.0 min
[Image Processor] Writing image artifacts | records=10 | destination=eu_legislation/batch_0081/image_index
[Image Processor] Embedding 10 successful descriptions with all-MiniLM-L6-v2...
[Image Processor] FAISS index written | vectors=10 | dimension=384
[Image Processor] Artifacts complete | indexed=10 | errors=0
{'records': 10, 'indexed': 10, 'errors': 0, 'destination': 'eu_legislation/batch_0081/image_index'}
[Image Processor] NIM endpoint: http://127.0.0.1:8000/v1
[Image Processor] Vision model: nvidia/nemotron-3-nano-omni-30b-a3b-reasoning
[Image Processor] Concurrency=64 | target_rps=30
[Image Processor] Loading embedding model: all-MiniLM-L6-v2
Warning: You are sending unauthenticated requests to the HF Hub. Please set a HF_TOKEN to enable higher rate limits and faster downloads.
Loading weights:   0%|          | 0/103 [00:00<?, ?it/s]Loading weights: 100%|██████████| 103/103 [00:00<00:00, 10258.92it/s]
[Image Processor] Embedding model ready.
[Image Processor] Loading image manifests from eu_legislation/batch_0082/image_store
[Image Processor] Eligible image assets loaded: 22
[Image Processor] Starting visual descriptions | images=22 | max_concurrency=64 | target_rps=30
[Image Processor] Progress 1/22 (4.5%) | success=1 error=0 | avg=0.52 images/s | elapsed=0.0 min
[Image Processor] Progress 2/22 (9.1%) | success=2 error=0 | avg=0.88 images/s | elapsed=0.0 min
[Image Processor] Progress 3/22 (13.6%) | success=3 error=0 | avg=1.30 images/s | elapsed=0.0 min
[Image Processor] Progress 4/22 (18.2%) | success=4 error=0 | avg=1.67 images/s | elapsed=0.0 min
[Image Processor] Progress 5/22 (22.7%) | success=5 error=0 | avg=2.05 images/s | elapsed=0.0 min
[Image Processor] Progress 6/22 (27.3%) | success=6 error=0 | avg=2.46 images/s | elapsed=0.0 min
[Image Processor] Progress 7/22 (31.8%) | success=7 error=0 | avg=2.81 images/s | elapsed=0.0 min
[Image Processor] Progress 8/22 (36.4%) | success=8 error=0 | avg=3.20 images/s | elapsed=0.0 min
[Image Processor] Progress 9/22 (40.9%) | success=9 error=0 | avg=3.58 images/s | elapsed=0.0 min
[Image Processor] Progress 10/22 (45.5%) | success=10 error=0 | avg=3.87 images/s | elapsed=0.0 min
[Image Processor] Progress 22/22 (100.0%) | success=22 error=0 | avg=6.17 images/s | elapsed=0.1 min
[Image Processor] Visual descriptions complete | images=22 | success=22 error=0 | avg=6.17 images/s | elapsed=0.1 min
[Image Processor] Writing image artifacts | records=22 | destination=eu_legislation/batch_0082/image_index
[Image Processor] Embedding 22 successful descriptions with all-MiniLM-L6-v2...
[Image Processor] FAISS index written | vectors=22 | dimension=384
[Image Processor] Artifacts complete | indexed=22 | errors=0
{'records': 22, 'indexed': 22, 'errors': 0, 'destination': 'eu_legislation/batch_0082/image_index'}
[Image Processor] NIM endpoint: http://127.0.0.1:8000/v1
[Image Processor] Vision model: nvidia/nemotron-3-nano-omni-30b-a3b-reasoning
[Image Processor] Concurrency=64 | target_rps=30
[Image Processor] Loading embedding model: all-MiniLM-L6-v2
Warning: You are sending unauthenticated requests to the HF Hub. Please set a HF_TOKEN to enable higher rate limits and faster downloads.
Loading weights:   0%|          | 0/103 [00:00<?, ?it/s]Loading weights: 100%|██████████| 103/103 [00:00<00:00, 9559.09it/s]
[Image Processor] Embedding model ready.
[Image Processor] Loading image manifests from eu_legislation/batch_0083/image_store
[Image Processor] Eligible image assets loaded: 45
[Image Processor] Starting visual descriptions | images=45 | max_concurrency=64 | target_rps=30
[Image Processor] Progress 1/45 (2.2%) | success=1 error=0 | avg=0.38 images/s | elapsed=0.0 min
[Image Processor] Progress 2/45 (4.4%) | success=2 error=0 | avg=0.75 images/s | elapsed=0.0 min
[Image Processor] Progress 3/45 (6.7%) | success=3 error=0 | avg=1.12 images/s | elapsed=0.0 min
[Image Processor] Progress 4/45 (8.9%) | success=4 error=0 | avg=1.49 images/s | elapsed=0.0 min
[Image Processor] Progress 5/45 (11.1%) | success=5 error=0 | avg=1.86 images/s | elapsed=0.0 min
[Image Processor] Progress 6/45 (13.3%) | success=6 error=0 | avg=2.23 images/s | elapsed=0.0 min
[Image Processor] Progress 7/45 (15.6%) | success=7 error=0 | avg=2.60 images/s | elapsed=0.0 min
[Image Processor] Progress 8/45 (17.8%) | success=8 error=0 | avg=2.97 images/s | elapsed=0.0 min
[Image Processor] Progress 9/45 (20.0%) | success=9 error=0 | avg=3.34 images/s | elapsed=0.0 min
[Image Processor] Progress 10/45 (22.2%) | success=10 error=0 | avg=3.69 images/s | elapsed=0.0 min
[Image Processor] Progress 25/45 (55.6%) | success=25 error=0 | avg=8.58 images/s | elapsed=0.0 min
[Image Processor] Progress 45/45 (100.0%) | success=45 error=0 | avg=13.46 images/s | elapsed=0.1 min
[Image Processor] Visual descriptions complete | images=45 | success=45 error=0 | avg=13.46 images/s | elapsed=0.1 min
[Image Processor] Writing image artifacts | records=45 | destination=eu_legislation/batch_0083/image_index
[Image Processor] Embedding 45 successful descriptions with all-MiniLM-L6-v2...
[Image Processor] FAISS index written | vectors=45 | dimension=384
[Image Processor] Artifacts complete | indexed=45 | errors=0
{'records': 45, 'indexed': 45, 'errors': 0, 'destination': 'eu_legislation/batch_0083/image_index'}
[Image Processor] NIM endpoint: http://127.0.0.1:8000/v1
[Image Processor] Vision model: nvidia/nemotron-3-nano-omni-30b-a3b-reasoning
[Image Processor] Concurrency=64 | target_rps=30
[Image Processor] Loading embedding model: all-MiniLM-L6-v2
Warning: You are sending unauthenticated requests to the HF Hub. Please set a HF_TOKEN to enable higher rate limits and faster downloads.
Loading weights:   0%|          | 0/103 [00:00<?, ?it/s]Loading weights: 100%|██████████| 103/103 [00:00<00:00, 9982.75it/s]
[Image Processor] Embedding model ready.
[Image Processor] Loading image manifests from eu_legislation/batch_0084/image_store
[Image Processor] Eligible image assets loaded: 52
[Image Processor] Starting visual descriptions | images=52 | max_concurrency=64 | target_rps=30
[Image Processor] Progress 1/52 (1.9%) | success=1 error=0 | avg=0.36 images/s | elapsed=0.0 min
[Image Processor] Progress 2/52 (3.8%) | success=2 error=0 | avg=0.67 images/s | elapsed=0.0 min
[Image Processor] Progress 3/52 (5.8%) | success=3 error=0 | avg=1.01 images/s | elapsed=0.0 min
[Image Processor] Progress 4/52 (7.7%) | success=4 error=0 | avg=1.34 images/s | elapsed=0.0 min
[Image Processor] Progress 5/52 (9.6%) | success=5 error=0 | avg=1.67 images/s | elapsed=0.0 min
[Image Processor] Progress 6/52 (11.5%) | success=6 error=0 | avg=2.01 images/s | elapsed=0.0 min
[Image Processor] Progress 7/52 (13.5%) | success=7 error=0 | avg=2.34 images/s | elapsed=0.0 min
[Image Processor] Progress 8/52 (15.4%) | success=8 error=0 | avg=2.67 images/s | elapsed=0.1 min
[Image Processor] Progress 9/52 (17.3%) | success=9 error=0 | avg=3.00 images/s | elapsed=0.1 min
[Image Processor] Progress 10/52 (19.2%) | success=10 error=0 | avg=3.33 images/s | elapsed=0.1 min
[Image Processor] Progress 25/52 (48.1%) | success=25 error=0 | avg=7.78 images/s | elapsed=0.1 min
[Image Processor] Progress 50/52 (96.2%) | success=50 error=0 | avg=14.62 images/s | elapsed=0.1 min
[Image Processor] Progress 52/52 (100.0%) | success=52 error=0 | avg=15.20 images/s | elapsed=0.1 min
[Image Processor] Visual descriptions complete | images=52 | success=52 error=0 | avg=15.20 images/s | elapsed=0.1 min
[Image Processor] Writing image artifacts | records=52 | destination=eu_legislation/batch_0084/image_index
[Image Processor] Embedding 52 successful descriptions with all-MiniLM-L6-v2...
[Image Processor] FAISS index written | vectors=52 | dimension=384
[Image Processor] Artifacts complete | indexed=52 | errors=0
{'records': 52, 'indexed': 52, 'errors': 0, 'destination': 'eu_legislation/batch_0084/image_index'}
[Image Processor] NIM endpoint: http://127.0.0.1:8000/v1
[Image Processor] Vision model: nvidia/nemotron-3-nano-omni-30b-a3b-reasoning
[Image Processor] Concurrency=64 | target_rps=30
[Image Processor] Loading embedding model: all-MiniLM-L6-v2
Warning: You are sending unauthenticated requests to the HF Hub. Please set a HF_TOKEN to enable higher rate limits and faster downloads.
Loading weights:   0%|          | 0/103 [00:00<?, ?it/s]Loading weights: 100%|██████████| 103/103 [00:00<00:00, 9348.71it/s]
[Image Processor] Embedding model ready.
[Image Processor] Loading image manifests from eu_legislation/batch_0085/image_store
[Image Processor] Eligible image assets loaded: 65
[Image Processor] Starting visual descriptions | images=65 | max_concurrency=64 | target_rps=30
[Image Processor] Progress 1/65 (1.5%) | success=1 error=0 | avg=0.77 images/s | elapsed=0.0 min
[Image Processor] Progress 2/65 (3.1%) | success=2 error=0 | avg=1.16 images/s | elapsed=0.0 min
[Image Processor] Progress 3/65 (4.6%) | success=3 error=0 | avg=1.22 images/s | elapsed=0.0 min
[Image Processor] Progress 4/65 (6.2%) | success=4 error=0 | avg=1.63 images/s | elapsed=0.0 min
[Image Processor] Progress 5/65 (7.7%) | success=5 error=0 | avg=2.03 images/s | elapsed=0.0 min
[Image Processor] Progress 6/65 (9.2%) | success=6 error=0 | avg=2.44 images/s | elapsed=0.0 min
[Image Processor] Progress 7/65 (10.8%) | success=7 error=0 | avg=2.84 images/s | elapsed=0.0 min
[Image Processor] Progress 8/65 (12.3%) | success=8 error=0 | avg=3.22 images/s | elapsed=0.0 min
[Image Processor] Progress 9/65 (13.8%) | success=9 error=0 | avg=3.21 images/s | elapsed=0.0 min
[Image Processor] Progress 10/65 (15.4%) | success=10 error=0 | avg=3.57 images/s | elapsed=0.0 min
[Image Processor] Progress 25/65 (38.5%) | success=25 error=0 | avg=6.91 images/s | elapsed=0.1 min
[Image Processor] Progress 50/65 (76.9%) | success=50 error=0 | avg=13.06 images/s | elapsed=0.1 min
[Image Processor] Progress 65/65 (100.0%) | success=65 error=0 | avg=16.92 images/s | elapsed=0.1 min
[Image Processor] Visual descriptions complete | images=65 | success=65 error=0 | avg=16.92 images/s | elapsed=0.1 min
[Image Processor] Writing image artifacts | records=65 | destination=eu_legislation/batch_0085/image_index
[Image Processor] Embedding 65 successful descriptions with all-MiniLM-L6-v2...
[Image Processor] FAISS index written | vectors=65 | dimension=384
[Image Processor] Artifacts complete | indexed=65 | errors=0
{'records': 65, 'indexed': 65, 'errors': 0, 'destination': 'eu_legislation/batch_0085/image_index'}
[Image Processor] NIM endpoint: http://127.0.0.1:8000/v1
[Image Processor] Vision model: nvidia/nemotron-3-nano-omni-30b-a3b-reasoning
[Image Processor] Concurrency=64 | target_rps=30
[Image Processor] Loading embedding model: all-MiniLM-L6-v2
Warning: You are sending unauthenticated requests to the HF Hub. Please set a HF_TOKEN to enable higher rate limits and faster downloads.
Loading weights:   0%|          | 0/103 [00:00<?, ?it/s]Loading weights: 100%|██████████| 103/103 [00:00<00:00, 9812.91it/s]
[Image Processor] Embedding model ready.
[Image Processor] Loading image manifests from eu_legislation/batch_0086/image_store
[Image Processor] Eligible image assets loaded: 78
[Image Processor] Starting visual descriptions | images=78 | max_concurrency=64 | target_rps=30
[Image Processor] Progress 1/78 (1.3%) | success=1 error=0 | avg=0.70 images/s | elapsed=0.0 min
[Image Processor] Progress 2/78 (2.6%) | success=2 error=0 | avg=0.61 images/s | elapsed=0.1 min
[Image Processor] Progress 3/78 (3.8%) | success=3 error=0 | avg=0.91 images/s | elapsed=0.1 min
[Image Processor] Progress 4/78 (5.1%) | success=4 error=0 | avg=1.21 images/s | elapsed=0.1 min
[Image Processor] Progress 5/78 (6.4%) | success=5 error=0 | avg=1.51 images/s | elapsed=0.1 min
[Image Processor] Progress 6/78 (7.7%) | success=6 error=0 | avg=1.82 images/s | elapsed=0.1 min
[Image Processor] Progress 7/78 (9.0%) | success=7 error=0 | avg=2.10 images/s | elapsed=0.1 min
[Image Processor] Progress 8/78 (10.3%) | success=8 error=0 | avg=2.36 images/s | elapsed=0.1 min
[Image Processor] Progress 9/78 (11.5%) | success=9 error=0 | avg=2.65 images/s | elapsed=0.1 min
[Image Processor] Progress 10/78 (12.8%) | success=10 error=0 | avg=2.94 images/s | elapsed=0.1 min
[Image Processor] Progress 25/78 (32.1%) | success=25 error=0 | avg=6.93 images/s | elapsed=0.1 min
[Image Processor] Progress 50/78 (64.1%) | success=50 error=0 | avg=12.33 images/s | elapsed=0.1 min
[Image Processor] Progress 75/78 (96.2%) | success=75 error=0 | avg=16.89 images/s | elapsed=0.1 min
[Image Processor] Progress 78/78 (100.0%) | success=78 error=0 | avg=16.83 images/s | elapsed=0.1 min
[Image Processor] Visual descriptions complete | images=78 | success=78 error=0 | avg=16.83 images/s | elapsed=0.1 min
[Image Processor] Writing image artifacts | records=78 | destination=eu_legislation/batch_0086/image_index
[Image Processor] Embedding 78 successful descriptions with all-MiniLM-L6-v2...
[Image Processor] FAISS index written | vectors=78 | dimension=384
[Image Processor] Artifacts complete | indexed=78 | errors=0
{'records': 78, 'indexed': 78, 'errors': 0, 'destination': 'eu_legislation/batch_0086/image_index'}
[Image Processor] NIM endpoint: http://127.0.0.1:8000/v1
[Image Processor] Vision model: nvidia/nemotron-3-nano-omni-30b-a3b-reasoning
[Image Processor] Concurrency=64 | target_rps=30
[Image Processor] Loading embedding model: all-MiniLM-L6-v2
Warning: You are sending unauthenticated requests to the HF Hub. Please set a HF_TOKEN to enable higher rate limits and faster downloads.
Loading weights:   0%|          | 0/103 [00:00<?, ?it/s]Loading weights: 100%|██████████| 103/103 [00:00<00:00, 9374.07it/s]
[Image Processor] Embedding model ready.
[Image Processor] Loading image manifests from eu_legislation/batch_0087/image_store
[Image Processor] Eligible image assets loaded: 86
[Image Processor] Starting visual descriptions | images=86 | max_concurrency=64 | target_rps=30
[Image Processor] Progress 1/86 (1.2%) | success=1 error=0 | avg=0.52 images/s | elapsed=0.0 min
[Image Processor] Progress 2/86 (2.3%) | success=2 error=0 | avg=0.93 images/s | elapsed=0.0 min
[Image Processor] Progress 3/86 (3.5%) | success=3 error=0 | avg=0.93 images/s | elapsed=0.1 min
[Image Processor] Progress 4/86 (4.7%) | success=4 error=0 | avg=1.24 images/s | elapsed=0.1 min
[Image Processor] Progress 5/86 (5.8%) | success=5 error=0 | avg=1.55 images/s | elapsed=0.1 min
[Image Processor] Progress 6/86 (7.0%) | success=6 error=0 | avg=1.85 images/s | elapsed=0.1 min
[Image Processor] Progress 7/86 (8.1%) | success=7 error=0 | avg=2.08 images/s | elapsed=0.1 min
[Image Processor] Progress 8/86 (9.3%) | success=8 error=0 | avg=2.37 images/s | elapsed=0.1 min
[Image Processor] Progress 9/86 (10.5%) | success=9 error=0 | avg=2.66 images/s | elapsed=0.1 min
[Image Processor] Progress 10/86 (11.6%) | success=10 error=0 | avg=2.95 images/s | elapsed=0.1 min
[Image Processor] Progress 25/86 (29.1%) | success=25 error=0 | avg=6.43 images/s | elapsed=0.1 min
[Image Processor] Progress 50/86 (58.1%) | success=50 error=0 | avg=12.42 images/s | elapsed=0.1 min
[Image Processor] Progress 75/86 (87.2%) | success=75 error=0 | avg=15.55 images/s | elapsed=0.1 min
[Image Processor] Progress 86/86 (100.0%) | success=86 error=0 | avg=17.12 images/s | elapsed=0.1 min
[Image Processor] Visual descriptions complete | images=86 | success=86 error=0 | avg=17.12 images/s | elapsed=0.1 min
[Image Processor] Writing image artifacts | records=86 | destination=eu_legislation/batch_0087/image_index
[Image Processor] Embedding 86 successful descriptions with all-MiniLM-L6-v2...
[Image Processor] FAISS index written | vectors=86 | dimension=384
[Image Processor] Artifacts complete | indexed=86 | errors=0
{'records': 86, 'indexed': 86, 'errors': 0, 'destination': 'eu_legislation/batch_0087/image_index'}
[Image Processor] NIM endpoint: http://127.0.0.1:8000/v1
[Image Processor] Vision model: nvidia/nemotron-3-nano-omni-30b-a3b-reasoning
[Image Processor] Concurrency=64 | target_rps=30
[Image Processor] Loading embedding model: all-MiniLM-L6-v2
Warning: You are sending unauthenticated requests to the HF Hub. Please set a HF_TOKEN to enable higher rate limits and faster downloads.
Loading weights:   0%|          | 0/103 [00:00<?, ?it/s]Loading weights: 100%|██████████| 103/103 [00:00<00:00, 9928.83it/s]
[Image Processor] Embedding model ready.
[Image Processor] Loading image manifests from eu_legislation/batch_0088/image_store
[Image Processor] Eligible image assets loaded: 93
[Image Processor] Starting visual descriptions | images=93 | max_concurrency=64 | target_rps=30
[Image Processor] Progress 1/93 (1.1%) | success=1 error=0 | avg=0.40 images/s | elapsed=0.0 min
[Image Processor] Progress 2/93 (2.2%) | success=2 error=0 | avg=0.75 images/s | elapsed=0.0 min
[Image Processor] Progress 3/93 (3.2%) | success=3 error=0 | avg=1.11 images/s | elapsed=0.0 min
[Image Processor] Progress 4/93 (4.3%) | success=4 error=0 | avg=1.48 images/s | elapsed=0.0 min
[Image Processor] Progress 5/93 (5.4%) | success=5 error=0 | avg=1.75 images/s | elapsed=0.0 min
[Image Processor] Progress 6/93 (6.5%) | success=6 error=0 | avg=2.08 images/s | elapsed=0.0 min
[Image Processor] Progress 7/93 (7.5%) | success=7 error=0 | avg=2.41 images/s | elapsed=0.0 min
[Image Processor] Progress 8/93 (8.6%) | success=8 error=0 | avg=2.60 images/s | elapsed=0.1 min
[Image Processor] Progress 9/93 (9.7%) | success=9 error=0 | avg=2.92 images/s | elapsed=0.1 min
[Image Processor] Progress 10/93 (10.8%) | success=10 error=0 | avg=3.04 images/s | elapsed=0.1 min
[Image Processor] Progress 25/93 (26.9%) | success=25 error=0 | avg=6.45 images/s | elapsed=0.1 min
[Image Processor] Progress 50/93 (53.8%) | success=50 error=0 | avg=10.68 images/s | elapsed=0.1 min
[Image Processor] Progress 75/93 (80.6%) | success=75 error=0 | avg=14.86 images/s | elapsed=0.1 min
[Image Processor] Progress 93/93 (100.0%) | success=93 error=0 | avg=17.49 images/s | elapsed=0.1 min
[Image Processor] Visual descriptions complete | images=93 | success=93 error=0 | avg=17.49 images/s | elapsed=0.1 min
[Image Processor] Writing image artifacts | records=93 | destination=eu_legislation/batch_0088/image_index
[Image Processor] Embedding 93 successful descriptions with all-MiniLM-L6-v2...
[Image Processor] FAISS index written | vectors=93 | dimension=384
[Image Processor] Artifacts complete | indexed=93 | errors=0
{'records': 93, 'indexed': 93, 'errors': 0, 'destination': 'eu_legislation/batch_0088/image_index'}
[Image Processor] NIM endpoint: http://127.0.0.1:8000/v1
[Image Processor] Vision model: nvidia/nemotron-3-nano-omni-30b-a3b-reasoning
[Image Processor] Concurrency=64 | target_rps=30
[Image Processor] Loading embedding model: all-MiniLM-L6-v2
Warning: You are sending unauthenticated requests to the HF Hub. Please set a HF_TOKEN to enable higher rate limits and faster downloads.
Loading weights:   0%|          | 0/103 [00:00<?, ?it/s]Loading weights: 100%|██████████| 103/103 [00:00<00:00, 9975.60it/s]
[Image Processor] Embedding model ready.
[Image Processor] Loading image manifests from eu_legislation/batch_0089/image_store
[Image Processor] Eligible image assets loaded: 36
[Image Processor] Starting visual descriptions | images=36 | max_concurrency=64 | target_rps=30
[Image Processor] Progress 1/36 (2.8%) | success=1 error=0 | avg=0.66 images/s | elapsed=0.0 min
[Image Processor] Progress 2/36 (5.6%) | success=2 error=0 | avg=1.14 images/s | elapsed=0.0 min
[Image Processor] Progress 3/36 (8.3%) | success=3 error=0 | avg=1.35 images/s | elapsed=0.0 min
[Image Processor] Progress 4/36 (11.1%) | success=4 error=0 | avg=1.60 images/s | elapsed=0.0 min
[Image Processor] Progress 5/36 (13.9%) | success=5 error=0 | avg=1.92 images/s | elapsed=0.0 min
[Image Processor] Progress 6/36 (16.7%) | success=6 error=0 | avg=2.31 images/s | elapsed=0.0 min
[Image Processor] Progress 7/36 (19.4%) | success=7 error=0 | avg=2.68 images/s | elapsed=0.0 min
[Image Processor] Progress 8/36 (22.2%) | success=8 error=0 | avg=3.06 images/s | elapsed=0.0 min
[Image Processor] Progress 9/36 (25.0%) | success=9 error=0 | avg=3.43 images/s | elapsed=0.0 min
[Image Processor] Progress 10/36 (27.8%) | success=10 error=0 | avg=3.81 images/s | elapsed=0.0 min
[Image Processor] Progress 25/36 (69.4%) | success=25 error=0 | avg=8.33 images/s | elapsed=0.1 min
[Image Processor] Progress 36/36 (100.0%) | success=36 error=0 | avg=11.13 images/s | elapsed=0.1 min
[Image Processor] Visual descriptions complete | images=36 | success=36 error=0 | avg=11.13 images/s | elapsed=0.1 min
[Image Processor] Writing image artifacts | records=36 | destination=eu_legislation/batch_0089/image_index
[Image Processor] Embedding 36 successful descriptions with all-MiniLM-L6-v2...
[Image Processor] FAISS index written | vectors=36 | dimension=384
[Image Processor] Artifacts complete | indexed=36 | errors=0
{'records': 36, 'indexed': 36, 'errors': 0, 'destination': 'eu_legislation/batch_0089/image_index'}
[Image Processor] NIM endpoint: http://127.0.0.1:8000/v1
[Image Processor] Vision model: nvidia/nemotron-3-nano-omni-30b-a3b-reasoning
[Image Processor] Concurrency=64 | target_rps=30
[Image Processor] Loading embedding model: all-MiniLM-L6-v2
Warning: You are sending unauthenticated requests to the HF Hub. Please set a HF_TOKEN to enable higher rate limits and faster downloads.
Loading weights:   0%|          | 0/103 [00:00<?, ?it/s]Loading weights: 100%|██████████| 103/103 [00:00<00:00, 9527.04it/s]
[Image Processor] Embedding model ready.
[Image Processor] Loading image manifests from eu_legislation/batch_0090/image_store
[Image Processor] Eligible image assets loaded: 14
[Image Processor] Starting visual descriptions | images=14 | max_concurrency=64 | target_rps=30
[Image Processor] Progress 1/14 (7.1%) | success=1 error=0 | avg=0.57 images/s | elapsed=0.0 min
[Image Processor] Progress 2/14 (14.3%) | success=2 error=0 | avg=1.00 images/s | elapsed=0.0 min
[Image Processor] Progress 3/14 (21.4%) | success=3 error=0 | avg=1.49 images/s | elapsed=0.0 min
[Image Processor] Progress 4/14 (28.6%) | success=4 error=0 | avg=1.98 images/s | elapsed=0.0 min
[Image Processor] Progress 5/14 (35.7%) | success=5 error=0 | avg=2.37 images/s | elapsed=0.0 min
[Image Processor] Progress 6/14 (42.9%) | success=6 error=0 | avg=2.74 images/s | elapsed=0.0 min
[Image Processor] Progress 7/14 (50.0%) | success=7 error=0 | avg=3.17 images/s | elapsed=0.0 min
[Image Processor] Progress 8/14 (57.1%) | success=8 error=0 | avg=3.59 images/s | elapsed=0.0 min
[Image Processor] Progress 9/14 (64.3%) | success=9 error=0 | avg=3.85 images/s | elapsed=0.0 min
[Image Processor] Progress 10/14 (71.4%) | success=10 error=0 | avg=4.12 images/s | elapsed=0.0 min
[Image Processor] Progress 14/14 (100.0%) | success=14 error=0 | avg=4.89 images/s | elapsed=0.0 min
[Image Processor] Visual descriptions complete | images=14 | success=14 error=0 | avg=4.89 images/s | elapsed=0.0 min
[Image Processor] Writing image artifacts | records=14 | destination=eu_legislation/batch_0090/image_index
[Image Processor] Embedding 14 successful descriptions with all-MiniLM-L6-v2...
[Image Processor] FAISS index written | vectors=14 | dimension=384
[Image Processor] Artifacts complete | indexed=14 | errors=0
{'records': 14, 'indexed': 14, 'errors': 0, 'destination': 'eu_legislation/batch_0090/image_index'}
[Image Processor] NIM endpoint: http://127.0.0.1:8000/v1
[Image Processor] Vision model: nvidia/nemotron-3-nano-omni-30b-a3b-reasoning
[Image Processor] Concurrency=64 | target_rps=30
[Image Processor] Loading embedding model: all-MiniLM-L6-v2
Warning: You are sending unauthenticated requests to the HF Hub. Please set a HF_TOKEN to enable higher rate limits and faster downloads.
Loading weights:   0%|          | 0/103 [00:00<?, ?it/s]Loading weights: 100%|██████████| 103/103 [00:00<00:00, 10037.02it/s]
[Image Processor] Embedding model ready.
[Image Processor] Loading image manifests from eu_legislation/batch_0091/image_store
[Image Processor] Eligible image assets loaded: 18
[Image Processor] Starting visual descriptions | images=18 | max_concurrency=64 | target_rps=30
[Image Processor] Progress 1/18 (5.6%) | success=1 error=0 | avg=0.49 images/s | elapsed=0.0 min
[Image Processor] Progress 2/18 (11.1%) | success=2 error=0 | avg=0.98 images/s | elapsed=0.0 min
[Image Processor] Progress 3/18 (16.7%) | success=3 error=0 | avg=1.46 images/s | elapsed=0.0 min
[Image Processor] Progress 4/18 (22.2%) | success=4 error=0 | avg=1.93 images/s | elapsed=0.0 min
[Image Processor] Progress 5/18 (27.8%) | success=5 error=0 | avg=2.41 images/s | elapsed=0.0 min
[Image Processor] Progress 6/18 (33.3%) | success=6 error=0 | avg=2.83 images/s | elapsed=0.0 min
[Image Processor] Progress 7/18 (38.9%) | success=7 error=0 | avg=3.30 images/s | elapsed=0.0 min
[Image Processor] Progress 8/18 (44.4%) | success=8 error=0 | avg=3.73 images/s | elapsed=0.0 min
[Image Processor] Progress 9/18 (50.0%) | success=9 error=0 | avg=4.16 images/s | elapsed=0.0 min
[Image Processor] Progress 10/18 (55.6%) | success=10 error=0 | avg=4.59 images/s | elapsed=0.0 min
[Image Processor] Progress 18/18 (100.0%) | success=18 error=0 | avg=7.22 images/s | elapsed=0.0 min
[Image Processor] Visual descriptions complete | images=18 | success=18 error=0 | avg=7.22 images/s | elapsed=0.0 min
[Image Processor] Writing image artifacts | records=18 | destination=eu_legislation/batch_0091/image_index
[Image Processor] Embedding 18 successful descriptions with all-MiniLM-L6-v2...
[Image Processor] FAISS index written | vectors=18 | dimension=384
[Image Processor] Artifacts complete | indexed=18 | errors=0
{'records': 18, 'indexed': 18, 'errors': 0, 'destination': 'eu_legislation/batch_0091/image_index'}
[Image Processor] NIM endpoint: http://127.0.0.1:8000/v1
[Image Processor] Vision model: nvidia/nemotron-3-nano-omni-30b-a3b-reasoning
[Image Processor] Concurrency=64 | target_rps=30
[Image Processor] Loading embedding model: all-MiniLM-L6-v2
Warning: You are sending unauthenticated requests to the HF Hub. Please set a HF_TOKEN to enable higher rate limits and faster downloads.
Loading weights:   0%|          | 0/103 [00:00<?, ?it/s]Loading weights: 100%|██████████| 103/103 [00:00<00:00, 10109.59it/s]
[Image Processor] Embedding model ready.
[Image Processor] Loading image manifests from eu_legislation/batch_0092/image_store
[Image Processor] Eligible image assets loaded: 27
[Image Processor] Starting visual descriptions | images=27 | max_concurrency=64 | target_rps=30
[Image Processor] Progress 1/27 (3.7%) | success=1 error=0 | avg=0.51 images/s | elapsed=0.0 min
[Image Processor] Progress 2/27 (7.4%) | success=2 error=0 | avg=0.88 images/s | elapsed=0.0 min
[Image Processor] Progress 3/27 (11.1%) | success=3 error=0 | avg=1.25 images/s | elapsed=0.0 min
[Image Processor] Progress 4/27 (14.8%) | success=4 error=0 | avg=1.66 images/s | elapsed=0.0 min
[Image Processor] Progress 5/27 (18.5%) | success=5 error=0 | avg=2.07 images/s | elapsed=0.0 min
[Image Processor] Progress 6/27 (22.2%) | success=6 error=0 | avg=2.47 images/s | elapsed=0.0 min
[Image Processor] Progress 7/27 (25.9%) | success=7 error=0 | avg=2.85 images/s | elapsed=0.0 min
[Image Processor] Progress 8/27 (29.6%) | success=8 error=0 | avg=3.21 images/s | elapsed=0.0 min
[Image Processor] Progress 9/27 (33.3%) | success=9 error=0 | avg=3.55 images/s | elapsed=0.0 min
[Image Processor] Progress 10/27 (37.0%) | success=10 error=0 | avg=3.95 images/s | elapsed=0.0 min
[Image Processor] Progress 25/27 (92.6%) | success=25 error=0 | avg=8.13 images/s | elapsed=0.1 min
[Image Processor] Progress 27/27 (100.0%) | success=27 error=0 | avg=8.64 images/s | elapsed=0.1 min
[Image Processor] Visual descriptions complete | images=27 | success=27 error=0 | avg=8.64 images/s | elapsed=0.1 min
[Image Processor] Writing image artifacts | records=27 | destination=eu_legislation/batch_0092/image_index
[Image Processor] Embedding 27 successful descriptions with all-MiniLM-L6-v2...
[Image Processor] FAISS index written | vectors=27 | dimension=384
[Image Processor] Artifacts complete | indexed=27 | errors=0
{'records': 27, 'indexed': 27, 'errors': 0, 'destination': 'eu_legislation/batch_0092/image_index'}
[Image Processor] NIM endpoint: http://127.0.0.1:8000/v1
[Image Processor] Vision model: nvidia/nemotron-3-nano-omni-30b-a3b-reasoning
[Image Processor] Concurrency=64 | target_rps=30
[Image Processor] Loading embedding model: all-MiniLM-L6-v2
Warning: You are sending unauthenticated requests to the HF Hub. Please set a HF_TOKEN to enable higher rate limits and faster downloads.
Loading weights:   0%|          | 0/103 [00:00<?, ?it/s]Loading weights: 100%|██████████| 103/103 [00:00<00:00, 9464.01it/s]
[Image Processor] Embedding model ready.
[Image Processor] Loading image manifests from eu_legislation/batch_0093/image_store
[Image Processor] Eligible image assets loaded: 29
[Image Processor] Starting visual descriptions | images=29 | max_concurrency=64 | target_rps=30
[Image Processor] Progress 1/29 (3.4%) | success=1 error=0 | avg=0.45 images/s | elapsed=0.0 min
[Image Processor] Progress 2/29 (6.9%) | success=2 error=0 | avg=0.84 images/s | elapsed=0.0 min
[Image Processor] Progress 3/29 (10.3%) | success=3 error=0 | avg=1.24 images/s | elapsed=0.0 min
[Image Processor] Progress 4/29 (13.8%) | success=4 error=0 | avg=1.64 images/s | elapsed=0.0 min
[Image Processor] Progress 5/29 (17.2%) | success=5 error=0 | avg=2.05 images/s | elapsed=0.0 min
[Image Processor] Progress 6/29 (20.7%) | success=6 error=0 | avg=2.45 images/s | elapsed=0.0 min
[Image Processor] Progress 7/29 (24.1%) | success=7 error=0 | avg=2.83 images/s | elapsed=0.0 min
[Image Processor] Progress 8/29 (27.6%) | success=8 error=0 | avg=3.23 images/s | elapsed=0.0 min
[Image Processor] Progress 9/29 (31.0%) | success=9 error=0 | avg=3.63 images/s | elapsed=0.0 min
[Image Processor] Progress 10/29 (34.5%) | success=10 error=0 | avg=3.95 images/s | elapsed=0.0 min
[Image Processor] Progress 25/29 (86.2%) | success=25 error=0 | avg=8.98 images/s | elapsed=0.0 min
[Image Processor] Progress 29/29 (100.0%) | success=29 error=0 | avg=9.33 images/s | elapsed=0.1 min
[Image Processor] Visual descriptions complete | images=29 | success=29 error=0 | avg=9.33 images/s | elapsed=0.1 min
[Image Processor] Writing image artifacts | records=29 | destination=eu_legislation/batch_0093/image_index
[Image Processor] Embedding 29 successful descriptions with all-MiniLM-L6-v2...
[Image Processor] FAISS index written | vectors=29 | dimension=384
[Image Processor] Artifacts complete | indexed=29 | errors=0
{'records': 29, 'indexed': 29, 'errors': 0, 'destination': 'eu_legislation/batch_0093/image_index'}
[Image Processor] NIM endpoint: http://127.0.0.1:8000/v1
[Image Processor] Vision model: nvidia/nemotron-3-nano-omni-30b-a3b-reasoning
[Image Processor] Concurrency=64 | target_rps=30
[Image Processor] Loading embedding model: all-MiniLM-L6-v2
Warning: You are sending unauthenticated requests to the HF Hub. Please set a HF_TOKEN to enable higher rate limits and faster downloads.
Loading weights:   0%|          | 0/103 [00:00<?, ?it/s]Loading weights: 100%|██████████| 103/103 [00:00<00:00, 10479.40it/s]
[Image Processor] Embedding model ready.
[Image Processor] Loading image manifests from eu_legislation/batch_0094/image_store
[Image Processor] Eligible image assets loaded: 21
[Image Processor] Starting visual descriptions | images=21 | max_concurrency=64 | target_rps=30
[Image Processor] Progress 1/21 (4.8%) | success=1 error=0 | avg=0.44 images/s | elapsed=0.0 min
[Image Processor] Progress 2/21 (9.5%) | success=2 error=0 | avg=0.85 images/s | elapsed=0.0 min
[Image Processor] Progress 3/21 (14.3%) | success=3 error=0 | avg=1.28 images/s | elapsed=0.0 min
[Image Processor] Progress 4/21 (19.0%) | success=4 error=0 | avg=1.67 images/s | elapsed=0.0 min
[Image Processor] Progress 5/21 (23.8%) | success=5 error=0 | avg=2.07 images/s | elapsed=0.0 min
[Image Processor] Progress 6/21 (28.6%) | success=6 error=0 | avg=2.48 images/s | elapsed=0.0 min
[Image Processor] Progress 7/21 (33.3%) | success=7 error=0 | avg=2.90 images/s | elapsed=0.0 min
[Image Processor] Progress 8/21 (38.1%) | success=8 error=0 | avg=3.30 images/s | elapsed=0.0 min
[Image Processor] Progress 9/21 (42.9%) | success=9 error=0 | avg=3.70 images/s | elapsed=0.0 min
[Image Processor] Progress 10/21 (47.6%) | success=10 error=0 | avg=3.95 images/s | elapsed=0.0 min
[Image Processor] Progress 21/21 (100.0%) | success=21 error=0 | avg=7.47 images/s | elapsed=0.0 min
[Image Processor] Visual descriptions complete | images=21 | success=21 error=0 | avg=7.47 images/s | elapsed=0.0 min
[Image Processor] Writing image artifacts | records=21 | destination=eu_legislation/batch_0094/image_index
[Image Processor] Embedding 21 successful descriptions with all-MiniLM-L6-v2...
[Image Processor] FAISS index written | vectors=21 | dimension=384
[Image Processor] Artifacts complete | indexed=21 | errors=0
{'records': 21, 'indexed': 21, 'errors': 0, 'destination': 'eu_legislation/batch_0094/image_index'}
[Image Processor] NIM endpoint: http://127.0.0.1:8000/v1
[Image Processor] Vision model: nvidia/nemotron-3-nano-omni-30b-a3b-reasoning
[Image Processor] Concurrency=64 | target_rps=30
[Image Processor] Loading embedding model: all-MiniLM-L6-v2
Warning: You are sending unauthenticated requests to the HF Hub. Please set a HF_TOKEN to enable higher rate limits and faster downloads.
Loading weights:   0%|          | 0/103 [00:00<?, ?it/s]Loading weights: 100%|██████████| 103/103 [00:00<00:00, 9580.28it/s]
[Image Processor] Embedding model ready.
[Image Processor] Loading image manifests from eu_legislation/batch_0095/image_store
[Image Processor] Eligible image assets loaded: 21
[Image Processor] Starting visual descriptions | images=21 | max_concurrency=64 | target_rps=30
[Image Processor] Progress 1/21 (4.8%) | success=1 error=0 | avg=0.46 images/s | elapsed=0.0 min
[Image Processor] Progress 2/21 (9.5%) | success=2 error=0 | avg=0.91 images/s | elapsed=0.0 min
[Image Processor] Progress 3/21 (14.3%) | success=3 error=0 | avg=1.35 images/s | elapsed=0.0 min
[Image Processor] Progress 4/21 (19.0%) | success=4 error=0 | avg=1.80 images/s | elapsed=0.0 min
[Image Processor] Progress 5/21 (23.8%) | success=5 error=0 | avg=2.26 images/s | elapsed=0.0 min
[Image Processor] Progress 6/21 (28.6%) | success=6 error=0 | avg=2.66 images/s | elapsed=0.0 min
[Image Processor] Progress 7/21 (33.3%) | success=7 error=0 | avg=3.10 images/s | elapsed=0.0 min
[Image Processor] Progress 8/21 (38.1%) | success=8 error=0 | avg=3.54 images/s | elapsed=0.0 min
[Image Processor] Progress 9/21 (42.9%) | success=9 error=0 | avg=3.93 images/s | elapsed=0.0 min
[Image Processor] Progress 10/21 (47.6%) | success=10 error=0 | avg=4.37 images/s | elapsed=0.0 min
[Image Processor] Progress 21/21 (100.0%) | success=21 error=0 | avg=8.02 images/s | elapsed=0.0 min
[Image Processor] Visual descriptions complete | images=21 | success=21 error=0 | avg=8.02 images/s | elapsed=0.0 min
[Image Processor] Writing image artifacts | records=21 | destination=eu_legislation/batch_0095/image_index
[Image Processor] Embedding 21 successful descriptions with all-MiniLM-L6-v2...
[Image Processor] FAISS index written | vectors=21 | dimension=384
[Image Processor] Artifacts complete | indexed=21 | errors=0
{'records': 21, 'indexed': 21, 'errors': 0, 'destination': 'eu_legislation/batch_0095/image_index'}
[Image Processor] NIM endpoint: http://127.0.0.1:8000/v1
[Image Processor] Vision model: nvidia/nemotron-3-nano-omni-30b-a3b-reasoning
[Image Processor] Concurrency=64 | target_rps=30
[Image Processor] Loading embedding model: all-MiniLM-L6-v2
Warning: You are sending unauthenticated requests to the HF Hub. Please set a HF_TOKEN to enable higher rate limits and faster downloads.
Loading weights:   0%|          | 0/103 [00:00<?, ?it/s]Loading weights: 100%|██████████| 103/103 [00:00<00:00, 9286.81it/s]
[Image Processor] Embedding model ready.
[Image Processor] Loading image manifests from eu_legislation/batch_0096/image_store
[Image Processor] Eligible image assets loaded: 24
[Image Processor] Starting visual descriptions | images=24 | max_concurrency=64 | target_rps=30
[Image Processor] Progress 1/24 (4.2%) | success=1 error=0 | avg=0.42 images/s | elapsed=0.0 min
[Image Processor] Progress 2/24 (8.3%) | success=2 error=0 | avg=0.81 images/s | elapsed=0.0 min
[Image Processor] Progress 3/24 (12.5%) | success=3 error=0 | avg=1.19 images/s | elapsed=0.0 min
[Image Processor] Progress 4/24 (16.7%) | success=4 error=0 | avg=1.58 images/s | elapsed=0.0 min
[Image Processor] Progress 5/24 (20.8%) | success=5 error=0 | avg=1.96 images/s | elapsed=0.0 min
[Image Processor] Progress 6/24 (25.0%) | success=6 error=0 | avg=2.34 images/s | elapsed=0.0 min
[Image Processor] Progress 7/24 (29.2%) | success=7 error=0 | avg=2.73 images/s | elapsed=0.0 min
[Image Processor] Progress 8/24 (33.3%) | success=8 error=0 | avg=3.12 images/s | elapsed=0.0 min
[Image Processor] Progress 9/24 (37.5%) | success=9 error=0 | avg=3.49 images/s | elapsed=0.0 min
[Image Processor] Progress 10/24 (41.7%) | success=10 error=0 | avg=3.84 images/s | elapsed=0.0 min
[Image Processor] Progress 24/24 (100.0%) | success=24 error=0 | avg=7.48 images/s | elapsed=0.1 min
[Image Processor] Visual descriptions complete | images=24 | success=24 error=0 | avg=7.48 images/s | elapsed=0.1 min
[Image Processor] Writing image artifacts | records=24 | destination=eu_legislation/batch_0096/image_index
[Image Processor] Embedding 24 successful descriptions with all-MiniLM-L6-v2...
[Image Processor] FAISS index written | vectors=24 | dimension=384
[Image Processor] Artifacts complete | indexed=24 | errors=0
{'records': 24, 'indexed': 24, 'errors': 0, 'destination': 'eu_legislation/batch_0096/image_index'}
[Image Processor] NIM endpoint: http://127.0.0.1:8000/v1
[Image Processor] Vision model: nvidia/nemotron-3-nano-omni-30b-a3b-reasoning
[Image Processor] Concurrency=64 | target_rps=30
[Image Processor] Loading embedding model: all-MiniLM-L6-v2
Warning: You are sending unauthenticated requests to the HF Hub. Please set a HF_TOKEN to enable higher rate limits and faster downloads.
Loading weights:   0%|          | 0/103 [00:00<?, ?it/s]Loading weights: 100%|██████████| 103/103 [00:00<00:00, 9740.12it/s]
[Image Processor] Embedding model ready.
[Image Processor] Loading image manifests from eu_legislation/batch_0097/image_store
[Image Processor] Eligible image assets loaded: 2
[Image Processor] Starting visual descriptions | images=2 | max_concurrency=64 | target_rps=30
[Image Processor] Progress 1/2 (50.0%) | success=1 error=0 | avg=0.63 images/s | elapsed=0.0 min
[Image Processor] Progress 2/2 (100.0%) | success=2 error=0 | avg=1.11 images/s | elapsed=0.0 min
[Image Processor] Visual descriptions complete | images=2 | success=2 error=0 | avg=1.11 images/s | elapsed=0.0 min
[Image Processor] Writing image artifacts | records=2 | destination=eu_legislation/batch_0097/image_index
[Image Processor] Embedding 2 successful descriptions with all-MiniLM-L6-v2...
[Image Processor] FAISS index written | vectors=2 | dimension=384
[Image Processor] Artifacts complete | indexed=2 | errors=0
{'records': 2, 'indexed': 2, 'errors': 0, 'destination': 'eu_legislation/batch_0097/image_index'}
[Image Processor] NIM endpoint: http://127.0.0.1:8000/v1
[Image Processor] Vision model: nvidia/nemotron-3-nano-omni-30b-a3b-reasoning
[Image Processor] Concurrency=64 | target_rps=30
[Image Processor] Loading embedding model: all-MiniLM-L6-v2
Warning: You are sending unauthenticated requests to the HF Hub. Please set a HF_TOKEN to enable higher rate limits and faster downloads.
Loading weights:   0%|          | 0/103 [00:00<?, ?it/s]Loading weights: 100%|██████████| 103/103 [00:00<00:00, 9704.24it/s]
[Image Processor] Embedding model ready.
[Image Processor] Loading image manifests from eu_legislation/batch_0098/image_store
[Image Processor] Eligible image assets loaded: 24
[Image Processor] Starting visual descriptions | images=24 | max_concurrency=64 | target_rps=30
[Image Processor] Progress 1/24 (4.2%) | success=1 error=0 | avg=0.45 images/s | elapsed=0.0 min
[Image Processor] Progress 2/24 (8.3%) | success=2 error=0 | avg=0.83 images/s | elapsed=0.0 min
[Image Processor] Progress 3/24 (12.5%) | success=3 error=0 | avg=1.25 images/s | elapsed=0.0 min
[Image Processor] Progress 4/24 (16.7%) | success=4 error=0 | avg=1.65 images/s | elapsed=0.0 min
[Image Processor] Progress 5/24 (20.8%) | success=5 error=0 | avg=2.04 images/s | elapsed=0.0 min
[Image Processor] Progress 6/24 (25.0%) | success=6 error=0 | avg=2.44 images/s | elapsed=0.0 min
[Image Processor] Progress 7/24 (29.2%) | success=7 error=0 | avg=2.79 images/s | elapsed=0.0 min
[Image Processor] Progress 8/24 (33.3%) | success=8 error=0 | avg=3.19 images/s | elapsed=0.0 min
[Image Processor] Progress 9/24 (37.5%) | success=9 error=0 | avg=3.55 images/s | elapsed=0.0 min
[Image Processor] Progress 10/24 (41.7%) | success=10 error=0 | avg=3.92 images/s | elapsed=0.0 min
[Image Processor] Progress 24/24 (100.0%) | success=24 error=0 | avg=7.76 images/s | elapsed=0.1 min
[Image Processor] Visual descriptions complete | images=24 | success=24 error=0 | avg=7.76 images/s | elapsed=0.1 min
[Image Processor] Writing image artifacts | records=24 | destination=eu_legislation/batch_0098/image_index
[Image Processor] Embedding 24 successful descriptions with all-MiniLM-L6-v2...
[Image Processor] FAISS index written | vectors=24 | dimension=384
[Image Processor] Artifacts complete | indexed=24 | errors=0
{'records': 24, 'indexed': 24, 'errors': 0, 'destination': 'eu_legislation/batch_0098/image_index'}
[Image Processor] NIM endpoint: http://127.0.0.1:8000/v1
[Image Processor] Vision model: nvidia/nemotron-3-nano-omni-30b-a3b-reasoning
[Image Processor] Concurrency=64 | target_rps=30
[Image Processor] Loading embedding model: all-MiniLM-L6-v2
Warning: You are sending unauthenticated requests to the HF Hub. Please set a HF_TOKEN to enable higher rate limits and faster downloads.
Loading weights:   0%|          | 0/103 [00:00<?, ?it/s]Loading weights: 100%|██████████| 103/103 [00:00<00:00, 9884.98it/s]
[Image Processor] Embedding model ready.
[Image Processor] Loading image manifests from eu_legislation/batch_0099/image_store
[Image Processor] Eligible image assets loaded: 28
[Image Processor] Starting visual descriptions | images=28 | max_concurrency=64 | target_rps=30
[Image Processor] Progress 1/28 (3.6%) | success=1 error=0 | avg=0.46 images/s | elapsed=0.0 min
[Image Processor] Progress 2/28 (7.1%) | success=2 error=0 | avg=0.79 images/s | elapsed=0.0 min
[Image Processor] Progress 3/28 (10.7%) | success=3 error=0 | avg=1.16 images/s | elapsed=0.0 min
[Image Processor] Progress 4/28 (14.3%) | success=4 error=0 | avg=1.54 images/s | elapsed=0.0 min
[Image Processor] Progress 5/28 (17.9%) | success=5 error=0 | avg=1.89 images/s | elapsed=0.0 min
[Image Processor] Progress 6/28 (21.4%) | success=6 error=0 | avg=2.25 images/s | elapsed=0.0 min
[Image Processor] Progress 7/28 (25.0%) | success=7 error=0 | avg=2.60 images/s | elapsed=0.0 min
[Image Processor] Progress 8/28 (28.6%) | success=8 error=0 | avg=2.96 images/s | elapsed=0.0 min
[Image Processor] Progress 9/28 (32.1%) | success=9 error=0 | avg=3.30 images/s | elapsed=0.0 min
[Image Processor] Progress 10/28 (35.7%) | success=10 error=0 | avg=3.65 images/s | elapsed=0.0 min
[Image Processor] Progress 25/28 (89.3%) | success=25 error=0 | avg=8.54 images/s | elapsed=0.0 min
[Image Processor] Progress 28/28 (100.0%) | success=28 error=0 | avg=8.71 images/s | elapsed=0.1 min
[Image Processor] Visual descriptions complete | images=28 | success=28 error=0 | avg=8.71 images/s | elapsed=0.1 min
[Image Processor] Writing image artifacts | records=28 | destination=eu_legislation/batch_0099/image_index
[Image Processor] Embedding 28 successful descriptions with all-MiniLM-L6-v2...
[Image Processor] FAISS index written | vectors=28 | dimension=384
[Image Processor] Artifacts complete | indexed=28 | errors=0
{'records': 28, 'indexed': 28, 'errors': 0, 'destination': 'eu_legislation/batch_0099/image_index'}
[Image Processor] NIM endpoint: http://127.0.0.1:8000/v1
[Image Processor] Vision model: nvidia/nemotron-3-nano-omni-30b-a3b-reasoning
[Image Processor] Concurrency=64 | target_rps=30
[Image Processor] Loading embedding model: all-MiniLM-L6-v2
Warning: You are sending unauthenticated requests to the HF Hub. Please set a HF_TOKEN to enable higher rate limits and faster downloads.
Loading weights:   0%|          | 0/103 [00:00<?, ?it/s]Loading weights: 100%|██████████| 103/103 [00:00<00:00, 9725.65it/s]
[Image Processor] Embedding model ready.
[Image Processor] Loading image manifests from eu_legislation/batch_0100/image_store
[Image Processor] Eligible image assets loaded: 30
[Image Processor] Starting visual descriptions | images=30 | max_concurrency=64 | target_rps=30
[Image Processor] Progress 1/30 (3.3%) | success=1 error=0 | avg=0.39 images/s | elapsed=0.0 min
[Image Processor] Progress 2/30 (6.7%) | success=2 error=0 | avg=0.78 images/s | elapsed=0.0 min
[Image Processor] Progress 3/30 (10.0%) | success=3 error=0 | avg=1.17 images/s | elapsed=0.0 min
[Image Processor] Progress 4/30 (13.3%) | success=4 error=0 | avg=1.56 images/s | elapsed=0.0 min
[Image Processor] Progress 5/30 (16.7%) | success=5 error=0 | avg=1.94 images/s | elapsed=0.0 min
[Image Processor] Progress 6/30 (20.0%) | success=6 error=0 | avg=2.33 images/s | elapsed=0.0 min
[Image Processor] Progress 7/30 (23.3%) | success=7 error=0 | avg=2.69 images/s | elapsed=0.0 min
[Image Processor] Progress 8/30 (26.7%) | success=8 error=0 | avg=3.03 images/s | elapsed=0.0 min
[Image Processor] Progress 9/30 (30.0%) | success=9 error=0 | avg=3.41 images/s | elapsed=0.0 min
[Image Processor] Progress 10/30 (33.3%) | success=10 error=0 | avg=3.77 images/s | elapsed=0.0 min
[Image Processor] Progress 25/30 (83.3%) | success=25 error=0 | avg=8.39 images/s | elapsed=0.0 min
[Image Processor] Progress 30/30 (100.0%) | success=30 error=0 | avg=9.35 images/s | elapsed=0.1 min
[Image Processor] Visual descriptions complete | images=30 | success=30 error=0 | avg=9.35 images/s | elapsed=0.1 min
[Image Processor] Writing image artifacts | records=30 | destination=eu_legislation/batch_0100/image_index
[Image Processor] Embedding 30 successful descriptions with all-MiniLM-L6-v2...
[Image Processor] FAISS index written | vectors=30 | dimension=384
[Image Processor] Artifacts complete | indexed=30 | errors=0
{'records': 30, 'indexed': 30, 'errors': 0, 'destination': 'eu_legislation/batch_0100/image_index'}
[Image Processor] NIM endpoint: http://127.0.0.1:8000/v1
[Image Processor] Vision model: nvidia/nemotron-3-nano-omni-30b-a3b-reasoning
[Image Processor] Concurrency=64 | target_rps=30
[Image Processor] Loading embedding model: all-MiniLM-L6-v2
Warning: You are sending unauthenticated requests to the HF Hub. Please set a HF_TOKEN to enable higher rate limits and faster downloads.
Loading weights:   0%|          | 0/103 [00:00<?, ?it/s]Loading weights: 100%|██████████| 103/103 [00:00<00:00, 8693.65it/s]
[Image Processor] Embedding model ready.
[Image Processor] Loading image manifests from eu_legislation/batch_0101/image_store
[Image Processor] Eligible image assets loaded: 8
[Image Processor] Starting visual descriptions | images=8 | max_concurrency=64 | target_rps=30
[Image Processor] Progress 1/8 (12.5%) | success=1 error=0 | avg=0.56 images/s | elapsed=0.0 min
[Image Processor] Progress 2/8 (25.0%) | success=2 error=0 | avg=1.05 images/s | elapsed=0.0 min
[Image Processor] Progress 3/8 (37.5%) | success=3 error=0 | avg=1.47 images/s | elapsed=0.0 min
[Image Processor] Progress 4/8 (50.0%) | success=4 error=0 | avg=1.90 images/s | elapsed=0.0 min
[Image Processor] Progress 5/8 (62.5%) | success=5 error=0 | avg=2.31 images/s | elapsed=0.0 min
[Image Processor] Progress 6/8 (75.0%) | success=6 error=0 | avg=2.72 images/s | elapsed=0.0 min
[Image Processor] Progress 7/8 (87.5%) | success=7 error=0 | avg=3.11 images/s | elapsed=0.0 min
[Image Processor] Progress 8/8 (100.0%) | success=8 error=0 | avg=3.25 images/s | elapsed=0.0 min
[Image Processor] Visual descriptions complete | images=8 | success=8 error=0 | avg=3.25 images/s | elapsed=0.0 min
[Image Processor] Writing image artifacts | records=8 | destination=eu_legislation/batch_0101/image_index
[Image Processor] Embedding 8 successful descriptions with all-MiniLM-L6-v2...
[Image Processor] FAISS index written | vectors=8 | dimension=384
[Image Processor] Artifacts complete | indexed=8 | errors=0
{'records': 8, 'indexed': 8, 'errors': 0, 'destination': 'eu_legislation/batch_0101/image_index'}
[Image Processor] NIM endpoint: http://127.0.0.1:8000/v1
[Image Processor] Vision model: nvidia/nemotron-3-nano-omni-30b-a3b-reasoning
[Image Processor] Concurrency=64 | target_rps=30
[Image Processor] Loading embedding model: all-MiniLM-L6-v2
Warning: You are sending unauthenticated requests to the HF Hub. Please set a HF_TOKEN to enable higher rate limits and faster downloads.
Loading weights:   0%|          | 0/103 [00:00<?, ?it/s]Loading weights: 100%|██████████| 103/103 [00:00<00:00, 9906.74it/s]
[Image Processor] Embedding model ready.
[Image Processor] Loading image manifests from eu_legislation/batch_0102/image_store
[Image Processor] Eligible image assets loaded: 27
[Image Processor] Starting visual descriptions | images=27 | max_concurrency=64 | target_rps=30
[Image Processor] Progress 1/27 (3.7%) | success=1 error=0 | avg=1.00 images/s | elapsed=0.0 min
[Image Processor] Progress 2/27 (7.4%) | success=2 error=0 | avg=0.91 images/s | elapsed=0.0 min
[Image Processor] Progress 3/27 (11.1%) | success=3 error=0 | avg=1.36 images/s | elapsed=0.0 min
[Image Processor] Progress 4/27 (14.8%) | success=4 error=0 | avg=1.81 images/s | elapsed=0.0 min
[Image Processor] Progress 5/27 (18.5%) | success=5 error=0 | avg=2.25 images/s | elapsed=0.0 min
[Image Processor] Progress 6/27 (22.2%) | success=6 error=0 | avg=2.68 images/s | elapsed=0.0 min
[Image Processor] Progress 7/27 (25.9%) | success=7 error=0 | avg=3.13 images/s | elapsed=0.0 min
[Image Processor] Progress 8/27 (29.6%) | success=8 error=0 | avg=3.56 images/s | elapsed=0.0 min
[Image Processor] Progress 9/27 (33.3%) | success=9 error=0 | avg=4.00 images/s | elapsed=0.0 min
[Image Processor] Progress 10/27 (37.0%) | success=10 error=0 | avg=4.35 images/s | elapsed=0.0 min
[Image Processor] Progress 25/27 (92.6%) | success=25 error=0 | avg=7.99 images/s | elapsed=0.1 min
[Image Processor] Progress 27/27 (100.0%) | success=27 error=0 | avg=8.09 images/s | elapsed=0.1 min
[Image Processor] Visual descriptions complete | images=27 | success=27 error=0 | avg=8.09 images/s | elapsed=0.1 min
[Image Processor] Writing image artifacts | records=27 | destination=eu_legislation/batch_0102/image_index
[Image Processor] Embedding 27 successful descriptions with all-MiniLM-L6-v2...
[Image Processor] FAISS index written | vectors=27 | dimension=384
[Image Processor] Artifacts complete | indexed=27 | errors=0
{'records': 27, 'indexed': 27, 'errors': 0, 'destination': 'eu_legislation/batch_0102/image_index'}
[Image Processor] NIM endpoint: http://127.0.0.1:8000/v1
[Image Processor] Vision model: nvidia/nemotron-3-nano-omni-30b-a3b-reasoning
[Image Processor] Concurrency=64 | target_rps=30
[Image Processor] Loading embedding model: all-MiniLM-L6-v2
Warning: You are sending unauthenticated requests to the HF Hub. Please set a HF_TOKEN to enable higher rate limits and faster downloads.
Loading weights:   0%|          | 0/103 [00:00<?, ?it/s]Loading weights: 100%|██████████| 103/103 [00:00<00:00, 9907.20it/s]
[Image Processor] Embedding model ready.
[Image Processor] Loading image manifests from eu_legislation/batch_0103/image_store
[Image Processor] Eligible image assets loaded: 3
[Image Processor] Starting visual descriptions | images=3 | max_concurrency=64 | target_rps=30
[Image Processor] Progress 1/3 (33.3%) | success=1 error=0 | avg=0.94 images/s | elapsed=0.0 min
[Image Processor] Progress 2/3 (66.7%) | success=2 error=0 | avg=1.53 images/s | elapsed=0.0 min
[Image Processor] Progress 3/3 (100.0%) | success=3 error=0 | avg=1.98 images/s | elapsed=0.0 min
[Image Processor] Visual descriptions complete | images=3 | success=3 error=0 | avg=1.98 images/s | elapsed=0.0 min
[Image Processor] Writing image artifacts | records=3 | destination=eu_legislation/batch_0103/image_index
[Image Processor] Embedding 3 successful descriptions with all-MiniLM-L6-v2...
[Image Processor] FAISS index written | vectors=3 | dimension=384
[Image Processor] Artifacts complete | indexed=3 | errors=0
{'records': 3, 'indexed': 3, 'errors': 0, 'destination': 'eu_legislation/batch_0103/image_index'}
[Image Processor] NIM endpoint: http://127.0.0.1:8000/v1
[Image Processor] Vision model: nvidia/nemotron-3-nano-omni-30b-a3b-reasoning
[Image Processor] Concurrency=64 | target_rps=30
[Image Processor] Loading embedding model: all-MiniLM-L6-v2
Warning: You are sending unauthenticated requests to the HF Hub. Please set a HF_TOKEN to enable higher rate limits and faster downloads.
Loading weights:   0%|          | 0/103 [00:00<?, ?it/s]Loading weights: 100%|██████████| 103/103 [00:00<00:00, 9312.24it/s]
[Image Processor] Embedding model ready.
[Image Processor] Loading image manifests from eu_legislation/batch_0104/image_store
[Image Processor] Eligible image assets loaded: 22
[Image Processor] Starting visual descriptions | images=22 | max_concurrency=64 | target_rps=30
[Image Processor] Progress 1/22 (4.5%) | success=1 error=0 | avg=0.49 images/s | elapsed=0.0 min
[Image Processor] Progress 2/22 (9.1%) | success=2 error=0 | avg=0.89 images/s | elapsed=0.0 min
[Image Processor] Progress 3/22 (13.6%) | success=3 error=0 | avg=1.32 images/s | elapsed=0.0 min
[Image Processor] Progress 4/22 (18.2%) | success=4 error=0 | avg=1.68 images/s | elapsed=0.0 min
[Image Processor] Progress 5/22 (22.7%) | success=5 error=0 | avg=2.09 images/s | elapsed=0.0 min
[Image Processor] Progress 6/22 (27.3%) | success=6 error=0 | avg=2.48 images/s | elapsed=0.0 min
[Image Processor] Progress 7/22 (31.8%) | success=7 error=0 | avg=2.86 images/s | elapsed=0.0 min
[Image Processor] Progress 8/22 (36.4%) | success=8 error=0 | avg=3.26 images/s | elapsed=0.0 min
[Image Processor] Progress 9/22 (40.9%) | success=9 error=0 | avg=3.64 images/s | elapsed=0.0 min
[Image Processor] Progress 10/22 (45.5%) | success=10 error=0 | avg=4.00 images/s | elapsed=0.0 min
[Image Processor] Progress 22/22 (100.0%) | success=22 error=0 | avg=7.59 images/s | elapsed=0.0 min
[Image Processor] Visual descriptions complete | images=22 | success=22 error=0 | avg=7.59 images/s | elapsed=0.0 min
[Image Processor] Writing image artifacts | records=22 | destination=eu_legislation/batch_0104/image_index
[Image Processor] Embedding 22 successful descriptions with all-MiniLM-L6-v2...
[Image Processor] FAISS index written | vectors=22 | dimension=384
[Image Processor] Artifacts complete | indexed=22 | errors=0
{'records': 22, 'indexed': 22, 'errors': 0, 'destination': 'eu_legislation/batch_0104/image_index'}
[Image Processor] NIM endpoint: http://127.0.0.1:8000/v1
[Image Processor] Vision model: nvidia/nemotron-3-nano-omni-30b-a3b-reasoning
[Image Processor] Concurrency=64 | target_rps=30
[Image Processor] Loading embedding model: all-MiniLM-L6-v2
Warning: You are sending unauthenticated requests to the HF Hub. Please set a HF_TOKEN to enable higher rate limits and faster downloads.
Loading weights:   0%|          | 0/103 [00:00<?, ?it/s]Loading weights: 100%|██████████| 103/103 [00:00<00:00, 10008.88it/s]
[Image Processor] Embedding model ready.
[Image Processor] Loading image manifests from eu_legislation/batch_0105/image_store
[Image Processor] Eligible image assets loaded: 3
[Image Processor] Starting visual descriptions | images=3 | max_concurrency=64 | target_rps=30
[Image Processor] Progress 1/3 (33.3%) | success=1 error=0 | avg=0.27 images/s | elapsed=0.1 min
[Image Processor] Progress 2/3 (66.7%) | success=2 error=0 | avg=0.47 images/s | elapsed=0.1 min
[Image Processor] Progress 3/3 (100.0%) | success=3 error=0 | avg=0.64 images/s | elapsed=0.1 min
[Image Processor] Visual descriptions complete | images=3 | success=3 error=0 | avg=0.64 images/s | elapsed=0.1 min
[Image Processor] Writing image artifacts | records=3 | destination=eu_legislation/batch_0105/image_index
[Image Processor] Embedding 3 successful descriptions with all-MiniLM-L6-v2...
[Image Processor] FAISS index written | vectors=3 | dimension=384
[Image Processor] Artifacts complete | indexed=3 | errors=0
{'records': 3, 'indexed': 3, 'errors': 0, 'destination': 'eu_legislation/batch_0105/image_index'}
[Image Processor] NIM endpoint: http://127.0.0.1:8000/v1
[Image Processor] Vision model: nvidia/nemotron-3-nano-omni-30b-a3b-reasoning
[Image Processor] Concurrency=64 | target_rps=30
[Image Processor] Loading embedding model: all-MiniLM-L6-v2
Warning: You are sending unauthenticated requests to the HF Hub. Please set a HF_TOKEN to enable higher rate limits and faster downloads.
Loading weights:   0%|          | 0/103 [00:00<?, ?it/s]Loading weights: 100%|██████████| 103/103 [00:00<00:00, 9248.05it/s]
[Image Processor] Embedding model ready.
[Image Processor] Loading image manifests from eu_legislation/batch_0106/image_store
[Image Processor] Eligible image assets loaded: 4
[Image Processor] Starting visual descriptions | images=4 | max_concurrency=64 | target_rps=30
[Image Processor] Progress 1/4 (25.0%) | success=1 error=0 | avg=0.92 images/s | elapsed=0.0 min
[Image Processor] Progress 2/4 (50.0%) | success=2 error=0 | avg=1.55 images/s | elapsed=0.0 min
[Image Processor] Progress 3/4 (75.0%) | success=3 error=0 | avg=1.68 images/s | elapsed=0.0 min
[Image Processor] Progress 4/4 (100.0%) | success=4 error=0 | avg=2.01 images/s | elapsed=0.0 min
[Image Processor] Visual descriptions complete | images=4 | success=4 error=0 | avg=2.01 images/s | elapsed=0.0 min
[Image Processor] Writing image artifacts | records=4 | destination=eu_legislation/batch_0106/image_index
[Image Processor] Embedding 4 successful descriptions with all-MiniLM-L6-v2...
[Image Processor] FAISS index written | vectors=4 | dimension=384
[Image Processor] Artifacts complete | indexed=4 | errors=0
{'records': 4, 'indexed': 4, 'errors': 0, 'destination': 'eu_legislation/batch_0106/image_index'}
[Image Processor] NIM endpoint: http://127.0.0.1:8000/v1
[Image Processor] Vision model: nvidia/nemotron-3-nano-omni-30b-a3b-reasoning
[Image Processor] Concurrency=64 | target_rps=30
[Image Processor] Loading embedding model: all-MiniLM-L6-v2
Warning: You are sending unauthenticated requests to the HF Hub. Please set a HF_TOKEN to enable higher rate limits and faster downloads.
Loading weights:   0%|          | 0/103 [00:00<?, ?it/s]Loading weights: 100%|██████████| 103/103 [00:00<00:00, 9877.53it/s]
[Image Processor] Embedding model ready.
[Image Processor] Loading image manifests from eu_legislation/batch_0107/image_store
[Image Processor] Eligible image assets loaded: 18
[Image Processor] Starting visual descriptions | images=18 | max_concurrency=64 | target_rps=30
[Image Processor] Progress 1/18 (5.6%) | success=1 error=0 | avg=0.55 images/s | elapsed=0.0 min
[Image Processor] Progress 2/18 (11.1%) | success=2 error=0 | avg=0.98 images/s | elapsed=0.0 min
[Image Processor] Progress 3/18 (16.7%) | success=3 error=0 | avg=1.45 images/s | elapsed=0.0 min
[Image Processor] Progress 4/18 (22.2%) | success=4 error=0 | avg=1.90 images/s | elapsed=0.0 min
[Image Processor] Progress 5/18 (27.8%) | success=5 error=0 | avg=2.37 images/s | elapsed=0.0 min
[Image Processor] Progress 6/18 (33.3%) | success=6 error=0 | avg=2.82 images/s | elapsed=0.0 min
[Image Processor] Progress 7/18 (38.9%) | success=7 error=0 | avg=3.29 images/s | elapsed=0.0 min
[Image Processor] Progress 8/18 (44.4%) | success=8 error=0 | avg=3.74 images/s | elapsed=0.0 min
[Image Processor] Progress 9/18 (50.0%) | success=9 error=0 | avg=4.21 images/s | elapsed=0.0 min
[Image Processor] Progress 10/18 (55.6%) | success=10 error=0 | avg=4.57 images/s | elapsed=0.0 min
[Image Processor] Progress 18/18 (100.0%) | success=18 error=0 | avg=7.22 images/s | elapsed=0.0 min
[Image Processor] Visual descriptions complete | images=18 | success=18 error=0 | avg=7.22 images/s | elapsed=0.0 min
[Image Processor] Writing image artifacts | records=18 | destination=eu_legislation/batch_0107/image_index
[Image Processor] Embedding 18 successful descriptions with all-MiniLM-L6-v2...
[Image Processor] FAISS index written | vectors=18 | dimension=384
[Image Processor] Artifacts complete | indexed=18 | errors=0
{'records': 18, 'indexed': 18, 'errors': 0, 'destination': 'eu_legislation/batch_0107/image_index'}
[Image Processor] NIM endpoint: http://127.0.0.1:8000/v1
[Image Processor] Vision model: nvidia/nemotron-3-nano-omni-30b-a3b-reasoning
[Image Processor] Concurrency=64 | target_rps=30
[Image Processor] Loading embedding model: all-MiniLM-L6-v2
Warning: You are sending unauthenticated requests to the HF Hub. Please set a HF_TOKEN to enable higher rate limits and faster downloads.
Loading weights:   0%|          | 0/103 [00:00<?, ?it/s]Loading weights: 100%|██████████| 103/103 [00:00<00:00, 9521.79it/s]
[Image Processor] Embedding model ready.
[Image Processor] Loading image manifests from eu_legislation/batch_0108/image_store
[Image Processor] Eligible image assets loaded: 4
[Image Processor] Starting visual descriptions | images=4 | max_concurrency=64 | target_rps=30
[Image Processor] Progress 1/4 (25.0%) | success=1 error=0 | avg=0.90 images/s | elapsed=0.0 min
[Image Processor] Progress 2/4 (50.0%) | success=2 error=0 | avg=1.42 images/s | elapsed=0.0 min
[Image Processor] Progress 3/4 (75.0%) | success=3 error=0 | avg=1.86 images/s | elapsed=0.0 min
[Image Processor] Progress 4/4 (100.0%) | success=4 error=0 | avg=2.19 images/s | elapsed=0.0 min
[Image Processor] Visual descriptions complete | images=4 | success=4 error=0 | avg=2.19 images/s | elapsed=0.0 min
[Image Processor] Writing image artifacts | records=4 | destination=eu_legislation/batch_0108/image_index
[Image Processor] Embedding 4 successful descriptions with all-MiniLM-L6-v2...
[Image Processor] FAISS index written | vectors=4 | dimension=384
[Image Processor] Artifacts complete | indexed=4 | errors=0
{'records': 4, 'indexed': 4, 'errors': 0, 'destination': 'eu_legislation/batch_0108/image_index'}
[Image Processor] NIM endpoint: http://127.0.0.1:8000/v1
[Image Processor] Vision model: nvidia/nemotron-3-nano-omni-30b-a3b-reasoning
[Image Processor] Concurrency=64 | target_rps=30
[Image Processor] Loading embedding model: all-MiniLM-L6-v2
Warning: You are sending unauthenticated requests to the HF Hub. Please set a HF_TOKEN to enable higher rate limits and faster downloads.
Loading weights:   0%|          | 0/103 [00:00<?, ?it/s]Loading weights: 100%|██████████| 103/103 [00:00<00:00, 10163.58it/s]
[Image Processor] Embedding model ready.
[Image Processor] Loading image manifests from eu_legislation/batch_0109/image_store
[Image Processor] Eligible image assets loaded: 29
[Image Processor] Starting visual descriptions | images=29 | max_concurrency=64 | target_rps=30
[Image Processor] Progress 1/29 (3.4%) | success=1 error=0 | avg=0.92 images/s | elapsed=0.0 min
[Image Processor] Progress 2/29 (6.9%) | success=2 error=0 | avg=0.86 images/s | elapsed=0.0 min
[Image Processor] Progress 3/29 (10.3%) | success=3 error=0 | avg=1.25 images/s | elapsed=0.0 min
[Image Processor] Progress 4/29 (13.8%) | success=4 error=0 | avg=1.67 images/s | elapsed=0.0 min
[Image Processor] Progress 5/29 (17.2%) | success=5 error=0 | avg=2.08 images/s | elapsed=0.0 min
[Image Processor] Progress 6/29 (20.7%) | success=6 error=0 | avg=2.48 images/s | elapsed=0.0 min
[Image Processor] Progress 7/29 (24.1%) | success=7 error=0 | avg=2.88 images/s | elapsed=0.0 min
[Image Processor] Progress 8/29 (27.6%) | success=8 error=0 | avg=3.29 images/s | elapsed=0.0 min
[Image Processor] Progress 9/29 (31.0%) | success=9 error=0 | avg=3.68 images/s | elapsed=0.0 min
[Image Processor] Progress 10/29 (34.5%) | success=10 error=0 | avg=4.06 images/s | elapsed=0.0 min
[Image Processor] Progress 25/29 (86.2%) | success=25 error=0 | avg=8.85 images/s | elapsed=0.0 min
[Image Processor] Progress 29/29 (100.0%) | success=29 error=0 | avg=9.70 images/s | elapsed=0.0 min
[Image Processor] Visual descriptions complete | images=29 | success=29 error=0 | avg=9.70 images/s | elapsed=0.0 min
[Image Processor] Writing image artifacts | records=29 | destination=eu_legislation/batch_0109/image_index
[Image Processor] Embedding 29 successful descriptions with all-MiniLM-L6-v2...
[Image Processor] FAISS index written | vectors=29 | dimension=384
[Image Processor] Artifacts complete | indexed=29 | errors=0
{'records': 29, 'indexed': 29, 'errors': 0, 'destination': 'eu_legislation/batch_0109/image_index'}
[Image Processor] NIM endpoint: http://127.0.0.1:8000/v1
[Image Processor] Vision model: nvidia/nemotron-3-nano-omni-30b-a3b-reasoning
[Image Processor] Concurrency=64 | target_rps=30
[Image Processor] Loading embedding model: all-MiniLM-L6-v2
Warning: You are sending unauthenticated requests to the HF Hub. Please set a HF_TOKEN to enable higher rate limits and faster downloads.
Loading weights:   0%|          | 0/103 [00:00<?, ?it/s]Loading weights: 100%|██████████| 103/103 [00:00<00:00, 9233.22it/s]
[Image Processor] Embedding model ready.
[Image Processor] Loading image manifests from eu_legislation/batch_0110/image_store
[Image Processor] Eligible image assets loaded: 15
[Image Processor] Starting visual descriptions | images=15 | max_concurrency=64 | target_rps=30
[Image Processor] Progress 1/15 (6.7%) | success=1 error=0 | avg=0.58 images/s | elapsed=0.0 min
[Image Processor] Progress 2/15 (13.3%) | success=2 error=0 | avg=1.16 images/s | elapsed=0.0 min
[Image Processor] Progress 3/15 (20.0%) | success=3 error=0 | avg=1.71 images/s | elapsed=0.0 min
[Image Processor] Progress 4/15 (26.7%) | success=4 error=0 | avg=2.22 images/s | elapsed=0.0 min
[Image Processor] Progress 5/15 (33.3%) | success=5 error=0 | avg=2.76 images/s | elapsed=0.0 min
[Image Processor] Progress 6/15 (40.0%) | success=6 error=0 | avg=3.32 images/s | elapsed=0.0 min
[Image Processor] Progress 7/15 (46.7%) | success=7 error=0 | avg=3.85 images/s | elapsed=0.0 min
[Image Processor] Progress 8/15 (53.3%) | success=8 error=0 | avg=4.38 images/s | elapsed=0.0 min
[Image Processor] Progress 9/15 (60.0%) | success=9 error=0 | avg=4.83 images/s | elapsed=0.0 min
[Image Processor] Progress 10/15 (66.7%) | success=10 error=0 | avg=5.26 images/s | elapsed=0.0 min
[Image Processor] Progress 15/15 (100.0%) | success=15 error=0 | avg=6.98 images/s | elapsed=0.0 min
[Image Processor] Visual descriptions complete | images=15 | success=15 error=0 | avg=6.98 images/s | elapsed=0.0 min
[Image Processor] Writing image artifacts | records=15 | destination=eu_legislation/batch_0110/image_index
[Image Processor] Embedding 15 successful descriptions with all-MiniLM-L6-v2...
[Image Processor] FAISS index written | vectors=15 | dimension=384
[Image Processor] Artifacts complete | indexed=15 | errors=0
{'records': 15, 'indexed': 15, 'errors': 0, 'destination': 'eu_legislation/batch_0110/image_index'}
[Image Processor] NIM endpoint: http://127.0.0.1:8000/v1
[Image Processor] Vision model: nvidia/nemotron-3-nano-omni-30b-a3b-reasoning
[Image Processor] Concurrency=64 | target_rps=30
[Image Processor] Loading embedding model: all-MiniLM-L6-v2
Warning: You are sending unauthenticated requests to the HF Hub. Please set a HF_TOKEN to enable higher rate limits and faster downloads.
Loading weights:   0%|          | 0/103 [00:00<?, ?it/s]Loading weights: 100%|██████████| 103/103 [00:00<00:00, 9798.00it/s]
[Image Processor] Embedding model ready.
[Image Processor] Loading image manifests from eu_legislation/batch_0111/image_store
[Image Processor] Eligible image assets loaded: 9
[Image Processor] Starting visual descriptions | images=9 | max_concurrency=64 | target_rps=30
[Image Processor] Progress 1/9 (11.1%) | success=1 error=0 | avg=0.53 images/s | elapsed=0.0 min
[Image Processor] Progress 2/9 (22.2%) | success=2 error=0 | avg=1.01 images/s | elapsed=0.0 min
[Image Processor] Progress 3/9 (33.3%) | success=3 error=0 | avg=1.49 images/s | elapsed=0.0 min
[Image Processor] Progress 4/9 (44.4%) | success=4 error=0 | avg=1.97 images/s | elapsed=0.0 min
[Image Processor] Progress 5/9 (55.6%) | success=5 error=0 | avg=2.44 images/s | elapsed=0.0 min
[Image Processor] Progress 6/9 (66.7%) | success=6 error=0 | avg=2.89 images/s | elapsed=0.0 min
[Image Processor] Progress 7/9 (77.8%) | success=7 error=0 | avg=3.36 images/s | elapsed=0.0 min
[Image Processor] Progress 8/9 (88.9%) | success=8 error=0 | avg=3.75 images/s | elapsed=0.0 min
[Image Processor] Progress 9/9 (100.0%) | success=9 error=0 | avg=3.84 images/s | elapsed=0.0 min
[Image Processor] Visual descriptions complete | images=9 | success=9 error=0 | avg=3.84 images/s | elapsed=0.0 min
[Image Processor] Writing image artifacts | records=9 | destination=eu_legislation/batch_0111/image_index
[Image Processor] Embedding 9 successful descriptions with all-MiniLM-L6-v2...
[Image Processor] FAISS index written | vectors=9 | dimension=384
[Image Processor] Artifacts complete | indexed=9 | errors=0
{'records': 9, 'indexed': 9, 'errors': 0, 'destination': 'eu_legislation/batch_0111/image_index'}
[Image Processor] NIM endpoint: http://127.0.0.1:8000/v1
[Image Processor] Vision model: nvidia/nemotron-3-nano-omni-30b-a3b-reasoning
[Image Processor] Concurrency=64 | target_rps=30
[Image Processor] Loading embedding model: all-MiniLM-L6-v2
Warning: You are sending unauthenticated requests to the HF Hub. Please set a HF_TOKEN to enable higher rate limits and faster downloads.
Loading weights:   0%|          | 0/103 [00:00<?, ?it/s]Loading weights: 100%|██████████| 103/103 [00:00<00:00, 9480.01it/s]
[Image Processor] Embedding model ready.
[Image Processor] Loading image manifests from eu_legislation/batch_0112/image_store
[Image Processor] Eligible image assets loaded: 11
[Image Processor] Starting visual descriptions | images=11 | max_concurrency=64 | target_rps=30
[Image Processor] Progress 1/11 (9.1%) | success=1 error=0 | avg=0.86 images/s | elapsed=0.0 min
[Image Processor] Progress 2/11 (18.2%) | success=2 error=0 | avg=1.54 images/s | elapsed=0.0 min
[Image Processor] Progress 3/11 (27.3%) | success=3 error=0 | avg=2.16 images/s | elapsed=0.0 min
[Image Processor] Progress 4/11 (36.4%) | success=4 error=0 | avg=1.79 images/s | elapsed=0.0 min
[Image Processor] Progress 5/11 (45.5%) | success=5 error=0 | avg=2.07 images/s | elapsed=0.0 min
[Image Processor] Progress 6/11 (54.5%) | success=6 error=0 | avg=2.45 images/s | elapsed=0.0 min
[Image Processor] Progress 7/11 (63.6%) | success=7 error=0 | avg=2.79 images/s | elapsed=0.0 min
[Image Processor] Progress 8/11 (72.7%) | success=8 error=0 | avg=3.12 images/s | elapsed=0.0 min
[Image Processor] Progress 9/11 (81.8%) | success=9 error=0 | avg=3.43 images/s | elapsed=0.0 min
[Image Processor] Progress 10/11 (90.9%) | success=10 error=0 | avg=3.81 images/s | elapsed=0.0 min
[Image Processor] Progress 11/11 (100.0%) | success=11 error=0 | avg=4.14 images/s | elapsed=0.0 min
[Image Processor] Visual descriptions complete | images=11 | success=11 error=0 | avg=4.14 images/s | elapsed=0.0 min
[Image Processor] Writing image artifacts | records=11 | destination=eu_legislation/batch_0112/image_index
[Image Processor] Embedding 11 successful descriptions with all-MiniLM-L6-v2...
[Image Processor] FAISS index written | vectors=11 | dimension=384
[Image Processor] Artifacts complete | indexed=11 | errors=0
{'records': 11, 'indexed': 11, 'errors': 0, 'destination': 'eu_legislation/batch_0112/image_index'}
[Image Processor] NIM endpoint: http://127.0.0.1:8000/v1
[Image Processor] Vision model: nvidia/nemotron-3-nano-omni-30b-a3b-reasoning
[Image Processor] Concurrency=64 | target_rps=30
[Image Processor] Loading embedding model: all-MiniLM-L6-v2
Warning: You are sending unauthenticated requests to the HF Hub. Please set a HF_TOKEN to enable higher rate limits and faster downloads.
Loading weights:   0%|          | 0/103 [00:00<?, ?it/s]Loading weights: 100%|██████████| 103/103 [00:00<00:00, 9997.07it/s]
[Image Processor] Embedding model ready.
[Image Processor] Loading image manifests from eu_legislation/batch_0113/image_store
[Image Processor] Eligible image assets loaded: 39
[Image Processor] Starting visual descriptions | images=39 | max_concurrency=64 | target_rps=30
[Image Processor] Progress 1/39 (2.6%) | success=1 error=0 | avg=0.58 images/s | elapsed=0.0 min
[Image Processor] Progress 2/39 (5.1%) | success=2 error=0 | avg=0.83 images/s | elapsed=0.0 min
[Image Processor] Progress 3/39 (7.7%) | success=3 error=0 | avg=1.19 images/s | elapsed=0.0 min
[Image Processor] Progress 4/39 (10.3%) | success=4 error=0 | avg=1.57 images/s | elapsed=0.0 min
[Image Processor] Progress 5/39 (12.8%) | success=5 error=0 | avg=1.96 images/s | elapsed=0.0 min
[Image Processor] Progress 6/39 (15.4%) | success=6 error=0 | avg=2.30 images/s | elapsed=0.0 min
[Image Processor] Progress 7/39 (17.9%) | success=7 error=0 | avg=2.61 images/s | elapsed=0.0 min
[Image Processor] Progress 8/39 (20.5%) | success=8 error=0 | avg=2.98 images/s | elapsed=0.0 min
[Image Processor] Progress 9/39 (23.1%) | success=9 error=0 | avg=3.35 images/s | elapsed=0.0 min
[Image Processor] Progress 10/39 (25.6%) | success=10 error=0 | avg=3.72 images/s | elapsed=0.0 min
[Image Processor] Progress 25/39 (64.1%) | success=25 error=0 | avg=8.49 images/s | elapsed=0.0 min
[Image Processor] Progress 39/39 (100.0%) | success=39 error=0 | avg=10.42 images/s | elapsed=0.1 min
[Image Processor] Visual descriptions complete | images=39 | success=39 error=0 | avg=10.42 images/s | elapsed=0.1 min
[Image Processor] Writing image artifacts | records=39 | destination=eu_legislation/batch_0113/image_index
[Image Processor] Embedding 39 successful descriptions with all-MiniLM-L6-v2...
[Image Processor] FAISS index written | vectors=39 | dimension=384
[Image Processor] Artifacts complete | indexed=39 | errors=0
{'records': 39, 'indexed': 39, 'errors': 0, 'destination': 'eu_legislation/batch_0113/image_index'}
[Image Processor] NIM endpoint: http://127.0.0.1:8000/v1
[Image Processor] Vision model: nvidia/nemotron-3-nano-omni-30b-a3b-reasoning
[Image Processor] Concurrency=64 | target_rps=30
[Image Processor] Loading embedding model: all-MiniLM-L6-v2
Warning: You are sending unauthenticated requests to the HF Hub. Please set a HF_TOKEN to enable higher rate limits and faster downloads.
Loading weights:   0%|          | 0/103 [00:00<?, ?it/s]Loading weights: 100%|██████████| 103/103 [00:00<00:00, 10081.05it/s]
[Image Processor] Embedding model ready.
[Image Processor] Loading image manifests from eu_legislation/batch_0114/image_store
[Image Processor] Eligible image assets loaded: 18
[Image Processor] Starting visual descriptions | images=18 | max_concurrency=64 | target_rps=30
[Image Processor] Progress 1/18 (5.6%) | success=1 error=0 | avg=0.61 images/s | elapsed=0.0 min
[Image Processor] Progress 2/18 (11.1%) | success=2 error=0 | avg=0.98 images/s | elapsed=0.0 min
[Image Processor] Progress 3/18 (16.7%) | success=3 error=0 | avg=1.40 images/s | elapsed=0.0 min
[Image Processor] Progress 4/18 (22.2%) | success=4 error=0 | avg=1.83 images/s | elapsed=0.0 min
[Image Processor] Progress 5/18 (27.8%) | success=5 error=0 | avg=2.27 images/s | elapsed=0.0 min
[Image Processor] Progress 6/18 (33.3%) | success=6 error=0 | avg=2.72 images/s | elapsed=0.0 min
[Image Processor] Progress 7/18 (38.9%) | success=7 error=0 | avg=3.13 images/s | elapsed=0.0 min
[Image Processor] Progress 8/18 (44.4%) | success=8 error=0 | avg=3.57 images/s | elapsed=0.0 min
[Image Processor] Progress 9/18 (50.0%) | success=9 error=0 | avg=3.91 images/s | elapsed=0.0 min
[Image Processor] Progress 10/18 (55.6%) | success=10 error=0 | avg=4.35 images/s | elapsed=0.0 min
[Image Processor] Progress 18/18 (100.0%) | success=18 error=0 | avg=6.75 images/s | elapsed=0.0 min
[Image Processor] Visual descriptions complete | images=18 | success=18 error=0 | avg=6.75 images/s | elapsed=0.0 min
[Image Processor] Writing image artifacts | records=18 | destination=eu_legislation/batch_0114/image_index
[Image Processor] Embedding 18 successful descriptions with all-MiniLM-L6-v2...
[Image Processor] FAISS index written | vectors=18 | dimension=384
[Image Processor] Artifacts complete | indexed=18 | errors=0
{'records': 18, 'indexed': 18, 'errors': 0, 'destination': 'eu_legislation/batch_0114/image_index'}
[Image Processor] NIM endpoint: http://127.0.0.1:8000/v1
[Image Processor] Vision model: nvidia/nemotron-3-nano-omni-30b-a3b-reasoning
[Image Processor] Concurrency=64 | target_rps=30
[Image Processor] Loading embedding model: all-MiniLM-L6-v2
Warning: You are sending unauthenticated requests to the HF Hub. Please set a HF_TOKEN to enable higher rate limits and faster downloads.
Loading weights:   0%|          | 0/103 [00:00<?, ?it/s]Loading weights: 100%|██████████| 103/103 [00:00<00:00, 10050.33it/s]
[Image Processor] Embedding model ready.
[Image Processor] Loading image manifests from eu_legislation/batch_0115/image_store
[Image Processor] Eligible image assets loaded: 13
[Image Processor] Starting visual descriptions | images=13 | max_concurrency=64 | target_rps=30
[Image Processor] Progress 1/13 (7.7%) | success=1 error=0 | avg=0.67 images/s | elapsed=0.0 min
[Image Processor] Progress 2/13 (15.4%) | success=2 error=0 | avg=1.09 images/s | elapsed=0.0 min
[Image Processor] Progress 3/13 (23.1%) | success=3 error=0 | avg=1.59 images/s | elapsed=0.0 min
[Image Processor] Progress 4/13 (30.8%) | success=4 error=0 | avg=2.10 images/s | elapsed=0.0 min
[Image Processor] Progress 5/13 (38.5%) | success=5 error=0 | avg=2.61 images/s | elapsed=0.0 min
[Image Processor] Progress 6/13 (46.2%) | success=6 error=0 | avg=2.99 images/s | elapsed=0.0 min
[Image Processor] Progress 7/13 (53.8%) | success=7 error=0 | avg=3.48 images/s | elapsed=0.0 min
[Image Processor] Progress 8/13 (61.5%) | success=8 error=0 | avg=3.93 images/s | elapsed=0.0 min
[Image Processor] Progress 9/13 (69.2%) | success=9 error=0 | avg=4.40 images/s | elapsed=0.0 min
[Image Processor] Progress 10/13 (76.9%) | success=10 error=0 | avg=4.82 images/s | elapsed=0.0 min
[Image Processor] Progress 13/13 (100.0%) | success=13 error=0 | avg=5.76 images/s | elapsed=0.0 min
[Image Processor] Visual descriptions complete | images=13 | success=13 error=0 | avg=5.75 images/s | elapsed=0.0 min
[Image Processor] Writing image artifacts | records=13 | destination=eu_legislation/batch_0115/image_index
[Image Processor] Embedding 13 successful descriptions with all-MiniLM-L6-v2...
[Image Processor] FAISS index written | vectors=13 | dimension=384
[Image Processor] Artifacts complete | indexed=13 | errors=0
{'records': 13, 'indexed': 13, 'errors': 0, 'destination': 'eu_legislation/batch_0115/image_index'}
[Image Processor] NIM endpoint: http://127.0.0.1:8000/v1
[Image Processor] Vision model: nvidia/nemotron-3-nano-omni-30b-a3b-reasoning
[Image Processor] Concurrency=64 | target_rps=30
[Image Processor] Loading embedding model: all-MiniLM-L6-v2
Warning: You are sending unauthenticated requests to the HF Hub. Please set a HF_TOKEN to enable higher rate limits and faster downloads.
Loading weights:   0%|          | 0/103 [00:00<?, ?it/s]Loading weights: 100%|██████████| 103/103 [00:00<00:00, 10592.46it/s]
[Image Processor] Embedding model ready.
[Image Processor] Loading image manifests from eu_legislation/batch_0116/image_store
[Image Processor] Eligible image assets loaded: 10
[Image Processor] Starting visual descriptions | images=10 | max_concurrency=64 | target_rps=30
[Image Processor] Progress 1/10 (10.0%) | success=1 error=0 | avg=0.62 images/s | elapsed=0.0 min
[Image Processor] Progress 2/10 (20.0%) | success=2 error=0 | avg=1.06 images/s | elapsed=0.0 min
[Image Processor] Progress 3/10 (30.0%) | success=3 error=0 | avg=1.52 images/s | elapsed=0.0 min
[Image Processor] Progress 4/10 (40.0%) | success=4 error=0 | avg=2.02 images/s | elapsed=0.0 min
[Image Processor] Progress 5/10 (50.0%) | success=5 error=0 | avg=2.47 images/s | elapsed=0.0 min
[Image Processor] Progress 6/10 (60.0%) | success=6 error=0 | avg=2.89 images/s | elapsed=0.0 min
[Image Processor] Progress 7/10 (70.0%) | success=7 error=0 | avg=3.33 images/s | elapsed=0.0 min
[Image Processor] Progress 8/10 (80.0%) | success=8 error=0 | avg=3.73 images/s | elapsed=0.0 min
[Image Processor] Progress 9/10 (90.0%) | success=9 error=0 | avg=4.08 images/s | elapsed=0.0 min
[Image Processor] Progress 10/10 (100.0%) | success=10 error=0 | avg=4.32 images/s | elapsed=0.0 min
[Image Processor] Visual descriptions complete | images=10 | success=10 error=0 | avg=4.32 images/s | elapsed=0.0 min
[Image Processor] Writing image artifacts | records=10 | destination=eu_legislation/batch_0116/image_index
[Image Processor] Embedding 10 successful descriptions with all-MiniLM-L6-v2...
[Image Processor] FAISS index written | vectors=10 | dimension=384
[Image Processor] Artifacts complete | indexed=10 | errors=0
{'records': 10, 'indexed': 10, 'errors': 0, 'destination': 'eu_legislation/batch_0116/image_index'}
[Image Processor] NIM endpoint: http://127.0.0.1:8000/v1
[Image Processor] Vision model: nvidia/nemotron-3-nano-omni-30b-a3b-reasoning
[Image Processor] Concurrency=64 | target_rps=30
[Image Processor] Loading embedding model: all-MiniLM-L6-v2
Warning: You are sending unauthenticated requests to the HF Hub. Please set a HF_TOKEN to enable higher rate limits and faster downloads.
Loading weights:   0%|          | 0/103 [00:00<?, ?it/s]Loading weights: 100%|██████████| 103/103 [00:00<00:00, 9815.14it/s]
[Image Processor] Embedding model ready.
[Image Processor] Loading image manifests from eu_legislation/batch_0117/image_store
[Image Processor] Eligible image assets loaded: 6
[Image Processor] Starting visual descriptions | images=6 | max_concurrency=64 | target_rps=30
[Image Processor] Progress 1/6 (16.7%) | success=1 error=0 | avg=0.91 images/s | elapsed=0.0 min
[Image Processor] Progress 2/6 (33.3%) | success=2 error=0 | avg=1.16 images/s | elapsed=0.0 min
[Image Processor] Progress 3/6 (50.0%) | success=3 error=0 | avg=1.59 images/s | elapsed=0.0 min
[Image Processor] Progress 4/6 (66.7%) | success=4 error=0 | avg=2.05 images/s | elapsed=0.0 min
[Image Processor] Progress 5/6 (83.3%) | success=5 error=0 | avg=2.49 images/s | elapsed=0.0 min
[Image Processor] Progress 6/6 (100.0%) | success=6 error=0 | avg=2.70 images/s | elapsed=0.0 min
[Image Processor] Visual descriptions complete | images=6 | success=6 error=0 | avg=2.70 images/s | elapsed=0.0 min
[Image Processor] Writing image artifacts | records=6 | destination=eu_legislation/batch_0117/image_index
[Image Processor] Embedding 6 successful descriptions with all-MiniLM-L6-v2...
[Image Processor] FAISS index written | vectors=6 | dimension=384
[Image Processor] Artifacts complete | indexed=6 | errors=0
{'records': 6, 'indexed': 6, 'errors': 0, 'destination': 'eu_legislation/batch_0117/image_index'}
[Image Processor] NIM endpoint: http://127.0.0.1:8000/v1
[Image Processor] Vision model: nvidia/nemotron-3-nano-omni-30b-a3b-reasoning
[Image Processor] Concurrency=64 | target_rps=30
[Image Processor] Loading embedding model: all-MiniLM-L6-v2
Warning: You are sending unauthenticated requests to the HF Hub. Please set a HF_TOKEN to enable higher rate limits and faster downloads.
Loading weights:   0%|          | 0/103 [00:00<?, ?it/s]Loading weights: 100%|██████████| 103/103 [00:00<00:00, 9132.12it/s]
[Image Processor] Embedding model ready.
[Image Processor] Loading image manifests from eu_legislation/batch_0118/image_store
[Image Processor] Eligible image assets loaded: 7
[Image Processor] Starting visual descriptions | images=7 | max_concurrency=64 | target_rps=30
[Image Processor] Progress 1/7 (14.3%) | success=1 error=0 | avg=0.69 images/s | elapsed=0.0 min
[Image Processor] Progress 2/7 (28.6%) | success=2 error=0 | avg=1.30 images/s | elapsed=0.0 min
[Image Processor] Progress 3/7 (42.9%) | success=3 error=0 | avg=1.94 images/s | elapsed=0.0 min
[Image Processor] Progress 4/7 (57.1%) | success=4 error=0 | avg=2.49 images/s | elapsed=0.0 min
[Image Processor] Progress 5/7 (71.4%) | success=5 error=0 | avg=2.96 images/s | elapsed=0.0 min
[Image Processor] Progress 6/7 (85.7%) | success=6 error=0 | avg=3.45 images/s | elapsed=0.0 min
[Image Processor] Progress 7/7 (100.0%) | success=7 error=0 | avg=3.69 images/s | elapsed=0.0 min
[Image Processor] Visual descriptions complete | images=7 | success=7 error=0 | avg=3.69 images/s | elapsed=0.0 min
[Image Processor] Writing image artifacts | records=7 | destination=eu_legislation/batch_0118/image_index
[Image Processor] Embedding 7 successful descriptions with all-MiniLM-L6-v2...
[Image Processor] FAISS index written | vectors=7 | dimension=384
[Image Processor] Artifacts complete | indexed=7 | errors=0
{'records': 7, 'indexed': 7, 'errors': 0, 'destination': 'eu_legislation/batch_0118/image_index'}
[Image Processor] NIM endpoint: http://127.0.0.1:8000/v1
[Image Processor] Vision model: nvidia/nemotron-3-nano-omni-30b-a3b-reasoning
[Image Processor] Concurrency=64 | target_rps=30
[Image Processor] Loading embedding model: all-MiniLM-L6-v2
Warning: You are sending unauthenticated requests to the HF Hub. Please set a HF_TOKEN to enable higher rate limits and faster downloads.
Loading weights:   0%|          | 0/103 [00:00<?, ?it/s]Loading weights: 100%|██████████| 103/103 [00:00<00:00, 9623.61it/s]
[Image Processor] Embedding model ready.
[Image Processor] Loading image manifests from eu_legislation/batch_0119/image_store
[Image Processor] Eligible image assets loaded: 15
[Image Processor] Starting visual descriptions | images=15 | max_concurrency=64 | target_rps=30
[Image Processor] Progress 1/15 (6.7%) | success=1 error=0 | avg=0.85 images/s | elapsed=0.0 min
[Image Processor] Progress 2/15 (13.3%) | success=2 error=0 | avg=1.38 images/s | elapsed=0.0 min
[Image Processor] Progress 3/15 (20.0%) | success=3 error=0 | avg=2.06 images/s | elapsed=0.0 min
[Image Processor] Progress 4/15 (26.7%) | success=4 error=0 | avg=2.75 images/s | elapsed=0.0 min
[Image Processor] Progress 5/15 (33.3%) | success=5 error=0 | avg=3.13 images/s | elapsed=0.0 min
[Image Processor] Progress 6/15 (40.0%) | success=6 error=0 | avg=2.66 images/s | elapsed=0.0 min
[Image Processor] Progress 7/15 (46.7%) | success=7 error=0 | avg=2.42 images/s | elapsed=0.0 min
[Image Processor] Progress 8/15 (53.3%) | success=8 error=0 | avg=2.70 images/s | elapsed=0.0 min
[Image Processor] Progress 9/15 (60.0%) | success=9 error=0 | avg=2.90 images/s | elapsed=0.1 min
[Image Processor] Progress 10/15 (66.7%) | success=10 error=0 | avg=3.15 images/s | elapsed=0.1 min
[Image Processor] Progress 15/15 (100.0%) | success=15 error=0 | avg=2.78 images/s | elapsed=0.1 min
[Image Processor] Visual descriptions complete | images=15 | success=15 error=0 | avg=2.78 images/s | elapsed=0.1 min
[Image Processor] Writing image artifacts | records=15 | destination=eu_legislation/batch_0119/image_index
[Image Processor] Embedding 15 successful descriptions with all-MiniLM-L6-v2...
[Image Processor] FAISS index written | vectors=15 | dimension=384
[Image Processor] Artifacts complete | indexed=15 | errors=0
{'records': 15, 'indexed': 15, 'errors': 0, 'destination': 'eu_legislation/batch_0119/image_index'}
[Image Processor] NIM endpoint: http://127.0.0.1:8000/v1
[Image Processor] Vision model: nvidia/nemotron-3-nano-omni-30b-a3b-reasoning
[Image Processor] Concurrency=64 | target_rps=30
[Image Processor] Loading embedding model: all-MiniLM-L6-v2
Warning: You are sending unauthenticated requests to the HF Hub. Please set a HF_TOKEN to enable higher rate limits and faster downloads.
Loading weights:   0%|          | 0/103 [00:00<?, ?it/s]Loading weights: 100%|██████████| 103/103 [00:00<00:00, 9814.92it/s]
[Image Processor] Embedding model ready.
[Image Processor] Loading image manifests from eu_legislation/batch_0120/image_store
[Image Processor] Eligible image assets loaded: 18
[Image Processor] Starting visual descriptions | images=18 | max_concurrency=64 | target_rps=30
[Image Processor] Progress 1/18 (5.6%) | success=1 error=0 | avg=0.65 images/s | elapsed=0.0 min
[Image Processor] Progress 2/18 (11.1%) | success=2 error=0 | avg=1.13 images/s | elapsed=0.0 min
[Image Processor] Progress 3/18 (16.7%) | success=3 error=0 | avg=1.69 images/s | elapsed=0.0 min
[Image Processor] Progress 4/18 (22.2%) | success=4 error=0 | avg=2.25 images/s | elapsed=0.0 min
[Image Processor] Progress 5/18 (27.8%) | success=5 error=0 | avg=2.80 images/s | elapsed=0.0 min
[Image Processor] Progress 6/18 (33.3%) | success=6 error=0 | avg=3.36 images/s | elapsed=0.0 min
[Image Processor] Progress 7/18 (38.9%) | success=7 error=0 | avg=3.90 images/s | elapsed=0.0 min
[Image Processor] Progress 8/18 (44.4%) | success=8 error=0 | avg=4.45 images/s | elapsed=0.0 min
[Image Processor] Progress 9/18 (50.0%) | success=9 error=0 | avg=4.97 images/s | elapsed=0.0 min
[Image Processor] Progress 10/18 (55.6%) | success=10 error=0 | avg=5.40 images/s | elapsed=0.0 min
[Image Processor] Progress 18/18 (100.0%) | success=18 error=0 | avg=8.15 images/s | elapsed=0.0 min
[Image Processor] Visual descriptions complete | images=18 | success=18 error=0 | avg=8.15 images/s | elapsed=0.0 min
[Image Processor] Writing image artifacts | records=18 | destination=eu_legislation/batch_0120/image_index
[Image Processor] Embedding 18 successful descriptions with all-MiniLM-L6-v2...
[Image Processor] FAISS index written | vectors=18 | dimension=384
[Image Processor] Artifacts complete | indexed=18 | errors=0
{'records': 18, 'indexed': 18, 'errors': 0, 'destination': 'eu_legislation/batch_0120/image_index'}
[Image Processor] NIM endpoint: http://127.0.0.1:8000/v1
[Image Processor] Vision model: nvidia/nemotron-3-nano-omni-30b-a3b-reasoning
[Image Processor] Concurrency=64 | target_rps=30
[Image Processor] Loading embedding model: all-MiniLM-L6-v2
Warning: You are sending unauthenticated requests to the HF Hub. Please set a HF_TOKEN to enable higher rate limits and faster downloads.
Loading weights:   0%|          | 0/103 [00:00<?, ?it/s]Loading weights: 100%|██████████| 103/103 [00:00<00:00, 8783.26it/s]
[Image Processor] Embedding model ready.
[Image Processor] Loading image manifests from eu_legislation/batch_0121/image_store
[Image Processor] Eligible image assets loaded: 21
[Image Processor] Starting visual descriptions | images=21 | max_concurrency=64 | target_rps=30
[Image Processor] Progress 1/21 (4.8%) | success=1 error=0 | avg=0.74 images/s | elapsed=0.0 min
[Image Processor] Progress 2/21 (9.5%) | success=2 error=0 | avg=1.39 images/s | elapsed=0.0 min
[Image Processor] Progress 3/21 (14.3%) | success=3 error=0 | avg=2.08 images/s | elapsed=0.0 min
[Image Processor] Progress 4/21 (19.0%) | success=4 error=0 | avg=2.73 images/s | elapsed=0.0 min
[Image Processor] Progress 5/21 (23.8%) | success=5 error=0 | avg=3.41 images/s | elapsed=0.0 min
[Image Processor] Progress 6/21 (28.6%) | success=6 error=0 | avg=3.91 images/s | elapsed=0.0 min
[Image Processor] Progress 7/21 (33.3%) | success=7 error=0 | avg=4.49 images/s | elapsed=0.0 min
[Image Processor] Progress 8/21 (38.1%) | success=8 error=0 | avg=4.48 images/s | elapsed=0.0 min
[Image Processor] Progress 9/21 (42.9%) | success=9 error=0 | avg=2.74 images/s | elapsed=0.1 min
[Image Processor] Progress 10/21 (47.6%) | success=10 error=0 | avg=2.88 images/s | elapsed=0.1 min
[Image Processor] Progress 21/21 (100.0%) | success=21 error=0 | avg=3.91 images/s | elapsed=0.1 min
[Image Processor] Visual descriptions complete | images=21 | success=21 error=0 | avg=3.91 images/s | elapsed=0.1 min
[Image Processor] Writing image artifacts | records=21 | destination=eu_legislation/batch_0121/image_index
[Image Processor] Embedding 21 successful descriptions with all-MiniLM-L6-v2...
[Image Processor] FAISS index written | vectors=21 | dimension=384
[Image Processor] Artifacts complete | indexed=21 | errors=0
{'records': 21, 'indexed': 21, 'errors': 0, 'destination': 'eu_legislation/batch_0121/image_index'}
[Image Processor] NIM endpoint: http://127.0.0.1:8000/v1
[Image Processor] Vision model: nvidia/nemotron-3-nano-omni-30b-a3b-reasoning
[Image Processor] Concurrency=64 | target_rps=30
[Image Processor] Loading embedding model: all-MiniLM-L6-v2
Warning: You are sending unauthenticated requests to the HF Hub. Please set a HF_TOKEN to enable higher rate limits and faster downloads.
Loading weights:   0%|          | 0/103 [00:00<?, ?it/s]Loading weights: 100%|██████████| 103/103 [00:00<00:00, 10027.00it/s]
[Image Processor] Embedding model ready.
[Image Processor] Loading image manifests from eu_legislation/batch_0122/image_store
[Image Processor] Eligible image assets loaded: 13
[Image Processor] Starting visual descriptions | images=13 | max_concurrency=64 | target_rps=30
[Image Processor] Progress 1/13 (7.7%) | success=1 error=0 | avg=0.86 images/s | elapsed=0.0 min
[Image Processor] Progress 2/13 (15.4%) | success=2 error=0 | avg=1.12 images/s | elapsed=0.0 min
[Image Processor] Progress 3/13 (23.1%) | success=3 error=0 | avg=1.67 images/s | elapsed=0.0 min
[Image Processor] Progress 4/13 (30.8%) | success=4 error=0 | avg=2.23 images/s | elapsed=0.0 min
[Image Processor] Progress 5/13 (38.5%) | success=5 error=0 | avg=2.60 images/s | elapsed=0.0 min
[Image Processor] Progress 6/13 (46.2%) | success=6 error=0 | avg=3.00 images/s | elapsed=0.0 min
[Image Processor] Progress 7/13 (53.8%) | success=7 error=0 | avg=3.41 images/s | elapsed=0.0 min
[Image Processor] Progress 8/13 (61.5%) | success=8 error=0 | avg=3.61 images/s | elapsed=0.0 min
[Image Processor] Progress 9/13 (69.2%) | success=9 error=0 | avg=3.87 images/s | elapsed=0.0 min
[Image Processor] Progress 10/13 (76.9%) | success=10 error=0 | avg=4.16 images/s | elapsed=0.0 min
[Image Processor] Progress 13/13 (100.0%) | success=13 error=0 | avg=4.57 images/s | elapsed=0.0 min
[Image Processor] Visual descriptions complete | images=13 | success=13 error=0 | avg=4.57 images/s | elapsed=0.0 min
[Image Processor] Writing image artifacts | records=13 | destination=eu_legislation/batch_0122/image_index
[Image Processor] Embedding 13 successful descriptions with all-MiniLM-L6-v2...
[Image Processor] FAISS index written | vectors=13 | dimension=384
[Image Processor] Artifacts complete | indexed=13 | errors=0
{'records': 13, 'indexed': 13, 'errors': 0, 'destination': 'eu_legislation/batch_0122/image_index'}
[Image Processor] NIM endpoint: http://127.0.0.1:8000/v1
[Image Processor] Vision model: nvidia/nemotron-3-nano-omni-30b-a3b-reasoning
[Image Processor] Concurrency=64 | target_rps=30
[Image Processor] Loading embedding model: all-MiniLM-L6-v2
Warning: You are sending unauthenticated requests to the HF Hub. Please set a HF_TOKEN to enable higher rate limits and faster downloads.
Loading weights:   0%|          | 0/103 [00:00<?, ?it/s]Loading weights: 100%|██████████| 103/103 [00:00<00:00, 9368.58it/s]
[Image Processor] Embedding model ready.
[Image Processor] Loading image manifests from eu_legislation/batch_0123/image_store
[Image Processor] Eligible image assets loaded: 14
[Image Processor] Starting visual descriptions | images=14 | max_concurrency=64 | target_rps=30
[Image Processor] Progress 1/14 (7.1%) | success=1 error=0 | avg=0.75 images/s | elapsed=0.0 min
[Image Processor] Progress 2/14 (14.3%) | success=2 error=0 | avg=1.01 images/s | elapsed=0.0 min
[Image Processor] Progress 3/14 (21.4%) | success=3 error=0 | avg=1.37 images/s | elapsed=0.0 min
[Image Processor] Progress 4/14 (28.6%) | success=4 error=0 | avg=1.82 images/s | elapsed=0.0 min
[Image Processor] Progress 5/14 (35.7%) | success=5 error=0 | avg=2.26 images/s | elapsed=0.0 min
[Image Processor] Progress 6/14 (42.9%) | success=6 error=0 | avg=2.69 images/s | elapsed=0.0 min
[Image Processor] Progress 7/14 (50.0%) | success=7 error=0 | avg=2.97 images/s | elapsed=0.0 min
[Image Processor] Progress 8/14 (57.1%) | success=8 error=0 | avg=3.34 images/s | elapsed=0.0 min
[Image Processor] Progress 9/14 (64.3%) | success=9 error=0 | avg=3.44 images/s | elapsed=0.0 min
[Image Processor] Progress 10/14 (71.4%) | success=10 error=0 | avg=3.54 images/s | elapsed=0.0 min
[Image Processor] Progress 14/14 (100.0%) | success=14 error=0 | avg=3.63 images/s | elapsed=0.1 min
[Image Processor] Visual descriptions complete | images=14 | success=14 error=0 | avg=3.63 images/s | elapsed=0.1 min
[Image Processor] Writing image artifacts | records=14 | destination=eu_legislation/batch_0123/image_index
[Image Processor] Embedding 14 successful descriptions with all-MiniLM-L6-v2...
[Image Processor] FAISS index written | vectors=14 | dimension=384
[Image Processor] Artifacts complete | indexed=14 | errors=0
{'records': 14, 'indexed': 14, 'errors': 0, 'destination': 'eu_legislation/batch_0123/image_index'}
[Image Processor] NIM endpoint: http://127.0.0.1:8000/v1
[Image Processor] Vision model: nvidia/nemotron-3-nano-omni-30b-a3b-reasoning
[Image Processor] Concurrency=64 | target_rps=30
[Image Processor] Loading embedding model: all-MiniLM-L6-v2
Warning: You are sending unauthenticated requests to the HF Hub. Please set a HF_TOKEN to enable higher rate limits and faster downloads.
Loading weights:   0%|          | 0/103 [00:00<?, ?it/s]Loading weights: 100%|██████████| 103/103 [00:00<00:00, 9768.75it/s]
[Image Processor] Embedding model ready.
[Image Processor] Loading image manifests from eu_legislation/batch_0124/image_store
[Image Processor] Eligible image assets loaded: 5
[Image Processor] Starting visual descriptions | images=5 | max_concurrency=64 | target_rps=30
[Image Processor] Progress 1/5 (20.0%) | success=1 error=0 | avg=0.94 images/s | elapsed=0.0 min
[Image Processor] Progress 2/5 (40.0%) | success=2 error=0 | avg=1.52 images/s | elapsed=0.0 min
[Image Processor] Progress 3/5 (60.0%) | success=3 error=0 | avg=1.88 images/s | elapsed=0.0 min
[Image Processor] Progress 4/5 (80.0%) | success=4 error=0 | avg=2.22 images/s | elapsed=0.0 min
[Image Processor] Progress 5/5 (100.0%) | success=5 error=0 | avg=2.48 images/s | elapsed=0.0 min
[Image Processor] Visual descriptions complete | images=5 | success=5 error=0 | avg=2.48 images/s | elapsed=0.0 min
[Image Processor] Writing image artifacts | records=5 | destination=eu_legislation/batch_0124/image_index
[Image Processor] Embedding 5 successful descriptions with all-MiniLM-L6-v2...
[Image Processor] FAISS index written | vectors=5 | dimension=384
[Image Processor] Artifacts complete | indexed=5 | errors=0
{'records': 5, 'indexed': 5, 'errors': 0, 'destination': 'eu_legislation/batch_0124/image_index'}
[Image Processor] NIM endpoint: http://127.0.0.1:8000/v1
[Image Processor] Vision model: nvidia/nemotron-3-nano-omni-30b-a3b-reasoning
[Image Processor] Concurrency=64 | target_rps=30
[Image Processor] Loading embedding model: all-MiniLM-L6-v2
Warning: You are sending unauthenticated requests to the HF Hub. Please set a HF_TOKEN to enable higher rate limits and faster downloads.
Loading weights:   0%|          | 0/103 [00:00<?, ?it/s]Loading weights: 100%|██████████| 103/103 [00:00<00:00, 9245.48it/s]
[Image Processor] Embedding model ready.
[Image Processor] Loading image manifests from eu_legislation/batch_0125/image_store
[Image Processor] Eligible image assets loaded: 19
[Image Processor] Starting visual descriptions | images=19 | max_concurrency=64 | target_rps=30
[Image Processor] Progress 1/19 (5.3%) | success=1 error=0 | avg=0.21 images/s | elapsed=0.1 min
[Image Processor] Progress 2/19 (10.5%) | success=2 error=0 | avg=0.38 images/s | elapsed=0.1 min
[Image Processor] Progress 3/19 (15.8%) | success=3 error=0 | avg=0.55 images/s | elapsed=0.1 min
[Image Processor] Progress 4/19 (21.1%) | success=4 error=0 | avg=0.62 images/s | elapsed=0.1 min
[Image Processor] Progress 5/19 (26.3%) | success=5 error=0 | avg=0.76 images/s | elapsed=0.1 min
[Image Processor] Progress 6/19 (31.6%) | success=6 error=0 | avg=0.90 images/s | elapsed=0.1 min
[Image Processor] Progress 7/19 (36.8%) | success=7 error=0 | avg=1.05 images/s | elapsed=0.1 min
[Image Processor] Progress 8/19 (42.1%) | success=8 error=0 | avg=1.07 images/s | elapsed=0.1 min
[Image Processor] Progress 9/19 (47.4%) | success=9 error=0 | avg=1.17 images/s | elapsed=0.1 min
[Image Processor] Progress 10/19 (52.6%) | success=10 error=0 | avg=1.21 images/s | elapsed=0.1 min
[Image Processor] Progress 19/19 (100.0%) | success=19 error=0 | avg=1.80 images/s | elapsed=0.2 min
[Image Processor] Visual descriptions complete | images=19 | success=19 error=0 | avg=1.80 images/s | elapsed=0.2 min
[Image Processor] Writing image artifacts | records=19 | destination=eu_legislation/batch_0125/image_index
[Image Processor] Embedding 19 successful descriptions with all-MiniLM-L6-v2...
[Image Processor] FAISS index written | vectors=19 | dimension=384
[Image Processor] Artifacts complete | indexed=19 | errors=0
{'records': 19, 'indexed': 19, 'errors': 0, 'destination': 'eu_legislation/batch_0125/image_index'}
[Image Processor] NIM endpoint: http://127.0.0.1:8000/v1
[Image Processor] Vision model: nvidia/nemotron-3-nano-omni-30b-a3b-reasoning
[Image Processor] Concurrency=64 | target_rps=30
[Image Processor] Loading embedding model: all-MiniLM-L6-v2
Warning: You are sending unauthenticated requests to the HF Hub. Please set a HF_TOKEN to enable higher rate limits and faster downloads.
Loading weights:   0%|          | 0/103 [00:00<?, ?it/s]Loading weights: 100%|██████████| 103/103 [00:00<00:00, 10006.56it/s]
[Image Processor] Embedding model ready.
[Image Processor] Loading image manifests from eu_legislation/batch_0126/image_store
[Image Processor] Eligible image assets loaded: 1
[Image Processor] Starting visual descriptions | images=1 | max_concurrency=64 | target_rps=30
[Image Processor] Progress 1/1 (100.0%) | success=1 error=0 | avg=0.79 images/s | elapsed=0.0 min
[Image Processor] Visual descriptions complete | images=1 | success=1 error=0 | avg=0.79 images/s | elapsed=0.0 min
[Image Processor] Writing image artifacts | records=1 | destination=eu_legislation/batch_0126/image_index
[Image Processor] Embedding 1 successful descriptions with all-MiniLM-L6-v2...
[Image Processor] FAISS index written | vectors=1 | dimension=384
[Image Processor] Artifacts complete | indexed=1 | errors=0
{'records': 1, 'indexed': 1, 'errors': 0, 'destination': 'eu_legislation/batch_0126/image_index'}
[Image Processor] NIM endpoint: http://127.0.0.1:8000/v1
[Image Processor] Vision model: nvidia/nemotron-3-nano-omni-30b-a3b-reasoning
[Image Processor] Concurrency=64 | target_rps=30
[Image Processor] Loading embedding model: all-MiniLM-L6-v2
Warning: You are sending unauthenticated requests to the HF Hub. Please set a HF_TOKEN to enable higher rate limits and faster downloads.
Loading weights:   0%|          | 0/103 [00:00<?, ?it/s]Loading weights: 100%|██████████| 103/103 [00:00<00:00, 8437.27it/s]
[Image Processor] Embedding model ready.
[Image Processor] Loading image manifests from eu_legislation/batch_0127/image_store
[Image Processor] Eligible image assets loaded: 5
[Image Processor] Starting visual descriptions | images=5 | max_concurrency=64 | target_rps=30
[Image Processor] Progress 1/5 (20.0%) | success=1 error=0 | avg=0.58 images/s | elapsed=0.0 min
[Image Processor] Progress 2/5 (40.0%) | success=2 error=0 | avg=1.13 images/s | elapsed=0.0 min
[Image Processor] Progress 3/5 (60.0%) | success=3 error=0 | avg=1.55 images/s | elapsed=0.0 min
[Image Processor] Progress 4/5 (80.0%) | success=4 error=0 | avg=2.03 images/s | elapsed=0.0 min
[Image Processor] Progress 5/5 (100.0%) | success=5 error=0 | avg=2.28 images/s | elapsed=0.0 min
[Image Processor] Visual descriptions complete | images=5 | success=5 error=0 | avg=2.28 images/s | elapsed=0.0 min
[Image Processor] Writing image artifacts | records=5 | destination=eu_legislation/batch_0127/image_index
[Image Processor] Embedding 5 successful descriptions with all-MiniLM-L6-v2...
[Image Processor] FAISS index written | vectors=5 | dimension=384
[Image Processor] Artifacts complete | indexed=5 | errors=0
{'records': 5, 'indexed': 5, 'errors': 0, 'destination': 'eu_legislation/batch_0127/image_index'}
[Image Processor] NIM endpoint: http://127.0.0.1:8000/v1
[Image Processor] Vision model: nvidia/nemotron-3-nano-omni-30b-a3b-reasoning
[Image Processor] Concurrency=64 | target_rps=30
[Image Processor] Loading embedding model: all-MiniLM-L6-v2
Warning: You are sending unauthenticated requests to the HF Hub. Please set a HF_TOKEN to enable higher rate limits and faster downloads.
Loading weights:   0%|          | 0/103 [00:00<?, ?it/s]Loading weights: 100%|██████████| 103/103 [00:00<00:00, 9579.43it/s]
[Image Processor] Embedding model ready.
[Image Processor] Loading image manifests from eu_legislation/batch_0128/image_store
[Image Processor] Eligible image assets loaded: 9
[Image Processor] Starting visual descriptions | images=9 | max_concurrency=64 | target_rps=30
[Image Processor] Progress 1/9 (11.1%) | success=1 error=0 | avg=0.80 images/s | elapsed=0.0 min
[Image Processor] Progress 2/9 (22.2%) | success=2 error=0 | avg=1.37 images/s | elapsed=0.0 min
[Image Processor] Progress 3/9 (33.3%) | success=3 error=0 | avg=1.46 images/s | elapsed=0.0 min
[Image Processor] Progress 4/9 (44.4%) | success=4 error=0 | avg=1.76 images/s | elapsed=0.0 min
[Image Processor] Progress 5/9 (55.6%) | success=5 error=0 | avg=2.12 images/s | elapsed=0.0 min
[Image Processor] Progress 6/9 (66.7%) | success=6 error=0 | avg=2.53 images/s | elapsed=0.0 min
[Image Processor] Progress 7/9 (77.8%) | success=7 error=0 | avg=2.82 images/s | elapsed=0.0 min
[Image Processor] Progress 8/9 (88.9%) | success=8 error=0 | avg=2.97 images/s | elapsed=0.0 min
[Image Processor] Progress 9/9 (100.0%) | success=9 error=0 | avg=2.90 images/s | elapsed=0.1 min
[Image Processor] Visual descriptions complete | images=9 | success=9 error=0 | avg=2.90 images/s | elapsed=0.1 min
[Image Processor] Writing image artifacts | records=9 | destination=eu_legislation/batch_0128/image_index
[Image Processor] Embedding 9 successful descriptions with all-MiniLM-L6-v2...
[Image Processor] FAISS index written | vectors=9 | dimension=384
[Image Processor] Artifacts complete | indexed=9 | errors=0
{'records': 9, 'indexed': 9, 'errors': 0, 'destination': 'eu_legislation/batch_0128/image_index'}
[Image Processor] NIM endpoint: http://127.0.0.1:8000/v1
[Image Processor] Vision model: nvidia/nemotron-3-nano-omni-30b-a3b-reasoning
[Image Processor] Concurrency=64 | target_rps=30
[Image Processor] Loading embedding model: all-MiniLM-L6-v2
Warning: You are sending unauthenticated requests to the HF Hub. Please set a HF_TOKEN to enable higher rate limits and faster downloads.
Loading weights:   0%|          | 0/103 [00:00<?, ?it/s]Loading weights: 100%|██████████| 103/103 [00:00<00:00, 9314.65it/s]
[Image Processor] Embedding model ready.
[Image Processor] Loading image manifests from eu_legislation/batch_0129/image_store
[Image Processor] Eligible image assets loaded: 3
[Image Processor] Starting visual descriptions | images=3 | max_concurrency=64 | target_rps=30
[Image Processor] Progress 1/3 (33.3%) | success=1 error=0 | avg=0.75 images/s | elapsed=0.0 min
[Image Processor] Progress 2/3 (66.7%) | success=2 error=0 | avg=1.50 images/s | elapsed=0.0 min
[Image Processor] Progress 3/3 (100.0%) | success=3 error=0 | avg=1.94 images/s | elapsed=0.0 min
[Image Processor] Visual descriptions complete | images=3 | success=3 error=0 | avg=1.94 images/s | elapsed=0.0 min
[Image Processor] Writing image artifacts | records=3 | destination=eu_legislation/batch_0129/image_index
[Image Processor] Embedding 3 successful descriptions with all-MiniLM-L6-v2...
[Image Processor] FAISS index written | vectors=3 | dimension=384
[Image Processor] Artifacts complete | indexed=3 | errors=0
{'records': 3, 'indexed': 3, 'errors': 0, 'destination': 'eu_legislation/batch_0129/image_index'}
[Image Processor] NIM endpoint: http://127.0.0.1:8000/v1
[Image Processor] Vision model: nvidia/nemotron-3-nano-omni-30b-a3b-reasoning
[Image Processor] Concurrency=64 | target_rps=30
[Image Processor] Loading embedding model: all-MiniLM-L6-v2
Warning: You are sending unauthenticated requests to the HF Hub. Please set a HF_TOKEN to enable higher rate limits and faster downloads.
Loading weights:   0%|          | 0/103 [00:00<?, ?it/s]Loading weights: 100%|██████████| 103/103 [00:00<00:00, 8766.15it/s]
[Image Processor] Embedding model ready.
[Image Processor] Loading image manifests from eu_legislation/batch_0130/image_store
[Image Processor] Eligible image assets loaded: 12
[Image Processor] Starting visual descriptions | images=12 | max_concurrency=64 | target_rps=30
[Image Processor] Progress 1/12 (8.3%) | success=1 error=0 | avg=0.50 images/s | elapsed=0.0 min
[Image Processor] Progress 2/12 (16.7%) | success=2 error=0 | avg=0.90 images/s | elapsed=0.0 min
[Image Processor] Progress 3/12 (25.0%) | success=3 error=0 | avg=1.35 images/s | elapsed=0.0 min
[Image Processor] Progress 4/12 (33.3%) | success=4 error=0 | avg=1.80 images/s | elapsed=0.0 min
[Image Processor] Progress 5/12 (41.7%) | success=5 error=0 | avg=2.08 images/s | elapsed=0.0 min
[Image Processor] Progress 6/12 (50.0%) | success=6 error=0 | avg=2.47 images/s | elapsed=0.0 min
[Image Processor] Progress 7/12 (58.3%) | success=7 error=0 | avg=2.87 images/s | elapsed=0.0 min
[Image Processor] Progress 8/12 (66.7%) | success=8 error=0 | avg=3.20 images/s | elapsed=0.0 min
[Image Processor] Progress 9/12 (75.0%) | success=9 error=0 | avg=3.40 images/s | elapsed=0.0 min
[Image Processor] Progress 10/12 (83.3%) | success=10 error=0 | avg=3.25 images/s | elapsed=0.1 min
[Image Processor] Progress 12/12 (100.0%) | success=12 error=0 | avg=2.92 images/s | elapsed=0.1 min
[Image Processor] Visual descriptions complete | images=12 | success=12 error=0 | avg=2.92 images/s | elapsed=0.1 min
[Image Processor] Writing image artifacts | records=12 | destination=eu_legislation/batch_0130/image_index
[Image Processor] Embedding 12 successful descriptions with all-MiniLM-L6-v2...
[Image Processor] FAISS index written | vectors=12 | dimension=384
[Image Processor] Artifacts complete | indexed=12 | errors=0
{'records': 12, 'indexed': 12, 'errors': 0, 'destination': 'eu_legislation/batch_0130/image_index'}
[Image Processor] NIM endpoint: http://127.0.0.1:8000/v1
[Image Processor] Vision model: nvidia/nemotron-3-nano-omni-30b-a3b-reasoning
[Image Processor] Concurrency=64 | target_rps=30
[Image Processor] Loading embedding model: all-MiniLM-L6-v2
Warning: You are sending unauthenticated requests to the HF Hub. Please set a HF_TOKEN to enable higher rate limits and faster downloads.
Loading weights:   0%|          | 0/103 [00:00<?, ?it/s]Loading weights: 100%|██████████| 103/103 [00:00<00:00, 9240.93it/s]
[Image Processor] Embedding model ready.
[Image Processor] Loading image manifests from eu_legislation/batch_0131/image_store
[Image Processor] Eligible image assets loaded: 4
[Image Processor] Starting visual descriptions | images=4 | max_concurrency=64 | target_rps=30
[Image Processor] Progress 1/4 (25.0%) | success=1 error=0 | avg=0.74 images/s | elapsed=0.0 min
[Image Processor] Progress 2/4 (50.0%) | success=2 error=0 | avg=1.29 images/s | elapsed=0.0 min
[Image Processor] Progress 3/4 (75.0%) | success=3 error=0 | avg=1.79 images/s | elapsed=0.0 min
[Image Processor] Progress 4/4 (100.0%) | success=4 error=0 | avg=2.27 images/s | elapsed=0.0 min
[Image Processor] Visual descriptions complete | images=4 | success=4 error=0 | avg=2.27 images/s | elapsed=0.0 min
[Image Processor] Writing image artifacts | records=4 | destination=eu_legislation/batch_0131/image_index
[Image Processor] Embedding 4 successful descriptions with all-MiniLM-L6-v2...
[Image Processor] FAISS index written | vectors=4 | dimension=384
[Image Processor] Artifacts complete | indexed=4 | errors=0
{'records': 4, 'indexed': 4, 'errors': 0, 'destination': 'eu_legislation/batch_0131/image_index'}
[Image Processor] NIM endpoint: http://127.0.0.1:8000/v1
[Image Processor] Vision model: nvidia/nemotron-3-nano-omni-30b-a3b-reasoning
[Image Processor] Concurrency=64 | target_rps=30
[Image Processor] Loading embedding model: all-MiniLM-L6-v2
Warning: You are sending unauthenticated requests to the HF Hub. Please set a HF_TOKEN to enable higher rate limits and faster downloads.
Loading weights:   0%|          | 0/103 [00:00<?, ?it/s]Loading weights: 100%|██████████| 103/103 [00:00<00:00, 9620.39it/s]
[Image Processor] Embedding model ready.
[Image Processor] Loading image manifests from eu_legislation/batch_0132/image_store
[Image Processor] Eligible image assets loaded: 9
[Image Processor] Starting visual descriptions | images=9 | max_concurrency=64 | target_rps=30
[Image Processor] Progress 1/9 (11.1%) | success=1 error=0 | avg=0.64 images/s | elapsed=0.0 min
[Image Processor] Progress 2/9 (22.2%) | success=2 error=0 | avg=1.14 images/s | elapsed=0.0 min
[Image Processor] Progress 3/9 (33.3%) | success=3 error=0 | avg=1.68 images/s | elapsed=0.0 min
[Image Processor] Progress 4/9 (44.4%) | success=4 error=0 | avg=2.23 images/s | elapsed=0.0 min
[Image Processor] Progress 5/9 (55.6%) | success=5 error=0 | avg=2.76 images/s | elapsed=0.0 min
[Image Processor] Progress 6/9 (66.7%) | success=6 error=0 | avg=3.06 images/s | elapsed=0.0 min
[Image Processor] Progress 7/9 (77.8%) | success=7 error=0 | avg=3.57 images/s | elapsed=0.0 min
[Image Processor] Progress 8/9 (88.9%) | success=8 error=0 | avg=3.72 images/s | elapsed=0.0 min
[Image Processor] Progress 9/9 (100.0%) | success=9 error=0 | avg=3.82 images/s | elapsed=0.0 min
[Image Processor] Visual descriptions complete | images=9 | success=9 error=0 | avg=3.82 images/s | elapsed=0.0 min
[Image Processor] Writing image artifacts | records=9 | destination=eu_legislation/batch_0132/image_index
[Image Processor] Embedding 9 successful descriptions with all-MiniLM-L6-v2...
[Image Processor] FAISS index written | vectors=9 | dimension=384
[Image Processor] Artifacts complete | indexed=9 | errors=0
{'records': 9, 'indexed': 9, 'errors': 0, 'destination': 'eu_legislation/batch_0132/image_index'}
[Image Processor] NIM endpoint: http://127.0.0.1:8000/v1
[Image Processor] Vision model: nvidia/nemotron-3-nano-omni-30b-a3b-reasoning
[Image Processor] Concurrency=64 | target_rps=30
[Image Processor] Loading embedding model: all-MiniLM-L6-v2
Warning: You are sending unauthenticated requests to the HF Hub. Please set a HF_TOKEN to enable higher rate limits and faster downloads.
Loading weights:   0%|          | 0/103 [00:00<?, ?it/s]Loading weights: 100%|██████████| 103/103 [00:00<00:00, 9464.22it/s]
[Image Processor] Embedding model ready.
[Image Processor] Loading image manifests from eu_legislation/batch_0133/image_store
[Image Processor] Eligible image assets loaded: 1
[Image Processor] Starting visual descriptions | images=1 | max_concurrency=64 | target_rps=30
[Image Processor] Progress 1/1 (100.0%) | success=1 error=0 | avg=0.85 images/s | elapsed=0.0 min
[Image Processor] Visual descriptions complete | images=1 | success=1 error=0 | avg=0.85 images/s | elapsed=0.0 min
[Image Processor] Writing image artifacts | records=1 | destination=eu_legislation/batch_0133/image_index
[Image Processor] Embedding 1 successful descriptions with all-MiniLM-L6-v2...
[Image Processor] FAISS index written | vectors=1 | dimension=384
[Image Processor] Artifacts complete | indexed=1 | errors=0
{'records': 1, 'indexed': 1, 'errors': 0, 'destination': 'eu_legislation/batch_0133/image_index'}
[Image Processor] NIM endpoint: http://127.0.0.1:8000/v1
[Image Processor] Vision model: nvidia/nemotron-3-nano-omni-30b-a3b-reasoning
[Image Processor] Concurrency=64 | target_rps=30
[Image Processor] Loading embedding model: all-MiniLM-L6-v2
Warning: You are sending unauthenticated requests to the HF Hub. Please set a HF_TOKEN to enable higher rate limits and faster downloads.
Loading weights:   0%|          | 0/103 [00:00<?, ?it/s]Loading weights: 100%|██████████| 103/103 [00:00<00:00, 9717.55it/s]
[Image Processor] Embedding model ready.
[Image Processor] Loading image manifests from eu_legislation/batch_0134/image_store
[Image Processor] Eligible image assets loaded: 3
[Image Processor] Starting visual descriptions | images=3 | max_concurrency=64 | target_rps=30
[Image Processor] Progress 1/3 (33.3%) | success=1 error=0 | avg=0.82 images/s | elapsed=0.0 min
[Image Processor] Progress 2/3 (66.7%) | success=2 error=0 | avg=1.41 images/s | elapsed=0.0 min
[Image Processor] Progress 3/3 (100.0%) | success=3 error=0 | avg=1.84 images/s | elapsed=0.0 min
[Image Processor] Visual descriptions complete | images=3 | success=3 error=0 | avg=1.84 images/s | elapsed=0.0 min
[Image Processor] Writing image artifacts | records=3 | destination=eu_legislation/batch_0134/image_index
[Image Processor] Embedding 3 successful descriptions with all-MiniLM-L6-v2...
[Image Processor] FAISS index written | vectors=3 | dimension=384
[Image Processor] Artifacts complete | indexed=3 | errors=0
{'records': 3, 'indexed': 3, 'errors': 0, 'destination': 'eu_legislation/batch_0134/image_index'}
[Image Processor] NIM endpoint: http://127.0.0.1:8000/v1
[Image Processor] Vision model: nvidia/nemotron-3-nano-omni-30b-a3b-reasoning
[Image Processor] Concurrency=64 | target_rps=30
[Image Processor] Loading embedding model: all-MiniLM-L6-v2
Warning: You are sending unauthenticated requests to the HF Hub. Please set a HF_TOKEN to enable higher rate limits and faster downloads.
Loading weights:   0%|          | 0/103 [00:00<?, ?it/s]Loading weights: 100%|██████████| 103/103 [00:00<00:00, 9433.02it/s]
[Image Processor] Embedding model ready.
[Image Processor] Loading image manifests from eu_legislation/batch_0135/image_store
[Image Processor] Eligible image assets loaded: 5
[Image Processor] Starting visual descriptions | images=5 | max_concurrency=64 | target_rps=30
[Image Processor] Progress 1/5 (20.0%) | success=1 error=0 | avg=0.60 images/s | elapsed=0.0 min
[Image Processor] Progress 2/5 (40.0%) | success=2 error=0 | avg=1.05 images/s | elapsed=0.0 min
[Image Processor] Progress 3/5 (60.0%) | success=3 error=0 | avg=1.55 images/s | elapsed=0.0 min
[Image Processor] Progress 4/5 (80.0%) | success=4 error=0 | avg=2.00 images/s | elapsed=0.0 min
[Image Processor] Progress 5/5 (100.0%) | success=5 error=0 | avg=2.37 images/s | elapsed=0.0 min
[Image Processor] Visual descriptions complete | images=5 | success=5 error=0 | avg=2.37 images/s | elapsed=0.0 min
[Image Processor] Writing image artifacts | records=5 | destination=eu_legislation/batch_0135/image_index
[Image Processor] Embedding 5 successful descriptions with all-MiniLM-L6-v2...
[Image Processor] FAISS index written | vectors=5 | dimension=384
[Image Processor] Artifacts complete | indexed=5 | errors=0
{'records': 5, 'indexed': 5, 'errors': 0, 'destination': 'eu_legislation/batch_0135/image_index'}
[Image Processor] NIM endpoint: http://127.0.0.1:8000/v1
[Image Processor] Vision model: nvidia/nemotron-3-nano-omni-30b-a3b-reasoning
[Image Processor] Concurrency=64 | target_rps=30
[Image Processor] Loading embedding model: all-MiniLM-L6-v2
Warning: You are sending unauthenticated requests to the HF Hub. Please set a HF_TOKEN to enable higher rate limits and faster downloads.
Loading weights:   0%|          | 0/103 [00:00<?, ?it/s]Loading weights: 100%|██████████| 103/103 [00:00<00:00, 9423.14it/s]
[Image Processor] Embedding model ready.
[Image Processor] Loading image manifests from eu_legislation/batch_0136/image_store
[Image Processor] Eligible image assets loaded: 1
[Image Processor] Starting visual descriptions | images=1 | max_concurrency=64 | target_rps=30
[Image Processor] Progress 1/1 (100.0%) | success=1 error=0 | avg=0.81 images/s | elapsed=0.0 min
[Image Processor] Visual descriptions complete | images=1 | success=1 error=0 | avg=0.81 images/s | elapsed=0.0 min
[Image Processor] Writing image artifacts | records=1 | destination=eu_legislation/batch_0136/image_index
[Image Processor] Embedding 1 successful descriptions with all-MiniLM-L6-v2...
[Image Processor] FAISS index written | vectors=1 | dimension=384
[Image Processor] Artifacts complete | indexed=1 | errors=0
{'records': 1, 'indexed': 1, 'errors': 0, 'destination': 'eu_legislation/batch_0136/image_index'}
[Image Processor] NIM endpoint: http://127.0.0.1:8000/v1
[Image Processor] Vision model: nvidia/nemotron-3-nano-omni-30b-a3b-reasoning
[Image Processor] Concurrency=64 | target_rps=30
[Image Processor] Loading embedding model: all-MiniLM-L6-v2
Warning: You are sending unauthenticated requests to the HF Hub. Please set a HF_TOKEN to enable higher rate limits and faster downloads.
Loading weights:   0%|          | 0/103 [00:00<?, ?it/s]Loading weights: 100%|██████████| 103/103 [00:00<00:00, 8918.89it/s]
[Image Processor] Embedding model ready.
[Image Processor] Loading image manifests from eu_legislation/batch_0137/image_store
[Image Processor] Eligible image assets loaded: 6
[Image Processor] Starting visual descriptions | images=6 | max_concurrency=64 | target_rps=30
[Image Processor] Progress 1/6 (16.7%) | success=1 error=0 | avg=0.60 images/s | elapsed=0.0 min
[Image Processor] Progress 2/6 (33.3%) | success=2 error=0 | avg=1.15 images/s | elapsed=0.0 min
[Image Processor] Progress 3/6 (50.0%) | success=3 error=0 | avg=1.71 images/s | elapsed=0.0 min
[Image Processor] Progress 4/6 (66.7%) | success=4 error=0 | avg=2.14 images/s | elapsed=0.0 min
[Image Processor] Progress 5/6 (83.3%) | success=5 error=0 | avg=2.60 images/s | elapsed=0.0 min
[Image Processor] Progress 6/6 (100.0%) | success=6 error=0 | avg=2.82 images/s | elapsed=0.0 min
[Image Processor] Visual descriptions complete | images=6 | success=6 error=0 | avg=2.82 images/s | elapsed=0.0 min
[Image Processor] Writing image artifacts | records=6 | destination=eu_legislation/batch_0137/image_index
[Image Processor] Embedding 6 successful descriptions with all-MiniLM-L6-v2...
[Image Processor] FAISS index written | vectors=6 | dimension=384
[Image Processor] Artifacts complete | indexed=6 | errors=0
{'records': 6, 'indexed': 6, 'errors': 0, 'destination': 'eu_legislation/batch_0137/image_index'}
[Image Processor] NIM endpoint: http://127.0.0.1:8000/v1
[Image Processor] Vision model: nvidia/nemotron-3-nano-omni-30b-a3b-reasoning
[Image Processor] Concurrency=64 | target_rps=30
[Image Processor] Loading embedding model: all-MiniLM-L6-v2
Warning: You are sending unauthenticated requests to the HF Hub. Please set a HF_TOKEN to enable higher rate limits and faster downloads.
Loading weights:   0%|          | 0/103 [00:00<?, ?it/s]Loading weights: 100%|██████████| 103/103 [00:00<00:00, 9866.47it/s]
[Image Processor] Embedding model ready.
[Image Processor] Loading image manifests from eu_legislation/batch_0138/image_store
[Image Processor] Eligible image assets loaded: 7
[Image Processor] Starting visual descriptions | images=7 | max_concurrency=64 | target_rps=30
[Image Processor] Progress 1/7 (14.3%) | success=1 error=0 | avg=0.92 images/s | elapsed=0.0 min
[Image Processor] Progress 2/7 (28.6%) | success=2 error=0 | avg=1.26 images/s | elapsed=0.0 min
[Image Processor] Progress 3/7 (42.9%) | success=3 error=0 | avg=1.86 images/s | elapsed=0.0 min
[Image Processor] Progress 4/7 (57.1%) | success=4 error=0 | avg=2.44 images/s | elapsed=0.0 min
[Image Processor] Progress 5/7 (71.4%) | success=5 error=0 | avg=2.97 images/s | elapsed=0.0 min
[Image Processor] Progress 6/7 (85.7%) | success=6 error=0 | avg=3.49 images/s | elapsed=0.0 min
[Image Processor] Progress 7/7 (100.0%) | success=7 error=0 | avg=3.89 images/s | elapsed=0.0 min
[Image Processor] Visual descriptions complete | images=7 | success=7 error=0 | avg=3.89 images/s | elapsed=0.0 min
[Image Processor] Writing image artifacts | records=7 | destination=eu_legislation/batch_0138/image_index
[Image Processor] Embedding 7 successful descriptions with all-MiniLM-L6-v2...
[Image Processor] FAISS index written | vectors=7 | dimension=384
[Image Processor] Artifacts complete | indexed=7 | errors=0
{'records': 7, 'indexed': 7, 'errors': 0, 'destination': 'eu_legislation/batch_0138/image_index'}
[Image Processor] NIM endpoint: http://127.0.0.1:8000/v1
[Image Processor] Vision model: nvidia/nemotron-3-nano-omni-30b-a3b-reasoning
[Image Processor] Concurrency=64 | target_rps=30
[Image Processor] Loading embedding model: all-MiniLM-L6-v2
Warning: You are sending unauthenticated requests to the HF Hub. Please set a HF_TOKEN to enable higher rate limits and faster downloads.
Loading weights:   0%|          | 0/103 [00:00<?, ?it/s]Loading weights: 100%|██████████| 103/103 [00:00<00:00, 9815.81it/s]
[Image Processor] Embedding model ready.
[Image Processor] Loading image manifests from eu_legislation/batch_0139/image_store
[Image Processor] Eligible image assets loaded: 17
[Image Processor] Starting visual descriptions | images=17 | max_concurrency=64 | target_rps=30
[Image Processor] Progress 1/17 (5.9%) | success=1 error=0 | avg=0.62 images/s | elapsed=0.0 min
[Image Processor] Progress 2/17 (11.8%) | success=2 error=0 | avg=1.07 images/s | elapsed=0.0 min
[Image Processor] Progress 3/17 (17.6%) | success=3 error=0 | avg=1.59 images/s | elapsed=0.0 min
[Image Processor] Progress 4/17 (23.5%) | success=4 error=0 | avg=2.00 images/s | elapsed=0.0 min
[Image Processor] Progress 5/17 (29.4%) | success=5 error=0 | avg=2.49 images/s | elapsed=0.0 min
[Image Processor] Progress 6/17 (35.3%) | success=6 error=0 | avg=2.94 images/s | elapsed=0.0 min
[Image Processor] Progress 7/17 (41.2%) | success=7 error=0 | avg=3.33 images/s | elapsed=0.0 min
[Image Processor] Progress 8/17 (47.1%) | success=8 error=0 | avg=3.80 images/s | elapsed=0.0 min
[Image Processor] Progress 9/17 (52.9%) | success=9 error=0 | avg=4.25 images/s | elapsed=0.0 min
[Image Processor] Progress 10/17 (58.8%) | success=10 error=0 | avg=4.66 images/s | elapsed=0.0 min
[Image Processor] Progress 17/17 (100.0%) | success=17 error=0 | avg=7.32 images/s | elapsed=0.0 min
[Image Processor] Visual descriptions complete | images=17 | success=17 error=0 | avg=7.32 images/s | elapsed=0.0 min
[Image Processor] Writing image artifacts | records=17 | destination=eu_legislation/batch_0139/image_index
[Image Processor] Embedding 17 successful descriptions with all-MiniLM-L6-v2...
[Image Processor] FAISS index written | vectors=17 | dimension=384
[Image Processor] Artifacts complete | indexed=17 | errors=0
{'records': 17, 'indexed': 17, 'errors': 0, 'destination': 'eu_legislation/batch_0139/image_index'}
[Image Processor] NIM endpoint: http://127.0.0.1:8000/v1
[Image Processor] Vision model: nvidia/nemotron-3-nano-omni-30b-a3b-reasoning
[Image Processor] Concurrency=64 | target_rps=30
[Image Processor] Loading embedding model: all-MiniLM-L6-v2
Warning: You are sending unauthenticated requests to the HF Hub. Please set a HF_TOKEN to enable higher rate limits and faster downloads.
Loading weights:   0%|          | 0/103 [00:00<?, ?it/s]Loading weights: 100%|██████████| 103/103 [00:00<00:00, 9707.07it/s]
[Image Processor] Embedding model ready.
[Image Processor] Loading image manifests from eu_legislation/batch_0140/image_store
[Image Processor] Eligible image assets loaded: 2
[Image Processor] Starting visual descriptions | images=2 | max_concurrency=64 | target_rps=30
[Image Processor] Progress 1/2 (50.0%) | success=1 error=0 | avg=0.75 images/s | elapsed=0.0 min
[Image Processor] Progress 2/2 (100.0%) | success=2 error=0 | avg=1.26 images/s | elapsed=0.0 min
[Image Processor] Visual descriptions complete | images=2 | success=2 error=0 | avg=1.26 images/s | elapsed=0.0 min
[Image Processor] Writing image artifacts | records=2 | destination=eu_legislation/batch_0140/image_index
[Image Processor] Embedding 2 successful descriptions with all-MiniLM-L6-v2...
[Image Processor] FAISS index written | vectors=2 | dimension=384
[Image Processor] Artifacts complete | indexed=2 | errors=0
{'records': 2, 'indexed': 2, 'errors': 0, 'destination': 'eu_legislation/batch_0140/image_index'}
[Image Processor] NIM endpoint: http://127.0.0.1:8000/v1
[Image Processor] Vision model: nvidia/nemotron-3-nano-omni-30b-a3b-reasoning
[Image Processor] Concurrency=64 | target_rps=30
[Image Processor] Loading embedding model: all-MiniLM-L6-v2
Warning: You are sending unauthenticated requests to the HF Hub. Please set a HF_TOKEN to enable higher rate limits and faster downloads.
Loading weights:   0%|          | 0/103 [00:00<?, ?it/s]Loading weights: 100%|██████████| 103/103 [00:00<00:00, 9524.73it/s]
[Image Processor] Embedding model ready.
[Image Processor] Loading image manifests from eu_legislation/batch_0141/image_store
[Image Processor] Eligible image assets loaded: 5
[Image Processor] Starting visual descriptions | images=5 | max_concurrency=64 | target_rps=30
[Image Processor] Progress 1/5 (20.0%) | success=1 error=0 | avg=0.63 images/s | elapsed=0.0 min
[Image Processor] Progress 2/5 (40.0%) | success=2 error=0 | avg=1.15 images/s | elapsed=0.0 min
[Image Processor] Progress 3/5 (60.0%) | success=3 error=0 | avg=1.66 images/s | elapsed=0.0 min
[Image Processor] Progress 4/5 (80.0%) | success=4 error=0 | avg=2.21 images/s | elapsed=0.0 min
[Image Processor] Progress 5/5 (100.0%) | success=5 error=0 | avg=2.47 images/s | elapsed=0.0 min
[Image Processor] Visual descriptions complete | images=5 | success=5 error=0 | avg=2.47 images/s | elapsed=0.0 min
[Image Processor] Writing image artifacts | records=5 | destination=eu_legislation/batch_0141/image_index
[Image Processor] Embedding 5 successful descriptions with all-MiniLM-L6-v2...
[Image Processor] FAISS index written | vectors=5 | dimension=384
[Image Processor] Artifacts complete | indexed=5 | errors=0
{'records': 5, 'indexed': 5, 'errors': 0, 'destination': 'eu_legislation/batch_0141/image_index'}
[Image Processor] NIM endpoint: http://127.0.0.1:8000/v1
[Image Processor] Vision model: nvidia/nemotron-3-nano-omni-30b-a3b-reasoning
[Image Processor] Concurrency=64 | target_rps=30
[Image Processor] Loading embedding model: all-MiniLM-L6-v2
Warning: You are sending unauthenticated requests to the HF Hub. Please set a HF_TOKEN to enable higher rate limits and faster downloads.
Loading weights:   0%|          | 0/103 [00:00<?, ?it/s]Loading weights: 100%|██████████| 103/103 [00:00<00:00, 9784.46it/s]
[Image Processor] Embedding model ready.
[Image Processor] Loading image manifests from eu_legislation/batch_0142/image_store
[Image Processor] Eligible image assets loaded: 1
[Image Processor] Starting visual descriptions | images=1 | max_concurrency=64 | target_rps=30
[Image Processor] Progress 1/1 (100.0%) | success=1 error=0 | avg=0.83 images/s | elapsed=0.0 min
[Image Processor] Visual descriptions complete | images=1 | success=1 error=0 | avg=0.83 images/s | elapsed=0.0 min
[Image Processor] Writing image artifacts | records=1 | destination=eu_legislation/batch_0142/image_index
[Image Processor] Embedding 1 successful descriptions with all-MiniLM-L6-v2...
[Image Processor] FAISS index written | vectors=1 | dimension=384
[Image Processor] Artifacts complete | indexed=1 | errors=0
{'records': 1, 'indexed': 1, 'errors': 0, 'destination': 'eu_legislation/batch_0142/image_index'}
[Image Processor] NIM endpoint: http://127.0.0.1:8000/v1
[Image Processor] Vision model: nvidia/nemotron-3-nano-omni-30b-a3b-reasoning
[Image Processor] Concurrency=64 | target_rps=30
[Image Processor] Loading embedding model: all-MiniLM-L6-v2
Warning: You are sending unauthenticated requests to the HF Hub. Please set a HF_TOKEN to enable higher rate limits and faster downloads.
Loading weights:   0%|          | 0/103 [00:00<?, ?it/s]Loading weights: 100%|██████████| 103/103 [00:00<00:00, 9360.05it/s]
[Image Processor] Embedding model ready.
[Image Processor] Loading image manifests from eu_legislation/batch_0143/image_store
[Image Processor] Eligible image assets loaded: 34
[Image Processor] Starting visual descriptions | images=34 | max_concurrency=64 | target_rps=30
[Image Processor] Progress 1/34 (2.9%) | success=1 error=0 | avg=0.38 images/s | elapsed=0.0 min
[Image Processor] Progress 2/34 (5.9%) | success=2 error=0 | avg=0.72 images/s | elapsed=0.0 min
[Image Processor] Progress 3/34 (8.8%) | success=3 error=0 | avg=1.08 images/s | elapsed=0.0 min
[Image Processor] Progress 4/34 (11.8%) | success=4 error=0 | avg=1.44 images/s | elapsed=0.0 min
[Image Processor] Progress 5/34 (14.7%) | success=5 error=0 | avg=1.78 images/s | elapsed=0.0 min
[Image Processor] Progress 6/34 (17.6%) | success=6 error=0 | avg=2.13 images/s | elapsed=0.0 min
[Image Processor] Progress 7/34 (20.6%) | success=7 error=0 | avg=2.48 images/s | elapsed=0.0 min
[Image Processor] Progress 8/34 (23.5%) | success=8 error=0 | avg=2.83 images/s | elapsed=0.0 min
[Image Processor] Progress 9/34 (26.5%) | success=9 error=0 | avg=3.18 images/s | elapsed=0.0 min
[Image Processor] Progress 10/34 (29.4%) | success=10 error=0 | avg=3.52 images/s | elapsed=0.0 min
[Image Processor] Progress 25/34 (73.5%) | success=25 error=0 | avg=8.20 images/s | elapsed=0.1 min
[Image Processor] Progress 34/34 (100.0%) | success=34 error=0 | avg=10.38 images/s | elapsed=0.1 min
[Image Processor] Visual descriptions complete | images=34 | success=34 error=0 | avg=10.38 images/s | elapsed=0.1 min
[Image Processor] Writing image artifacts | records=34 | destination=eu_legislation/batch_0143/image_index
[Image Processor] Embedding 34 successful descriptions with all-MiniLM-L6-v2...
[Image Processor] FAISS index written | vectors=34 | dimension=384
[Image Processor] Artifacts complete | indexed=34 | errors=0
{'records': 34, 'indexed': 34, 'errors': 0, 'destination': 'eu_legislation/batch_0143/image_index'}
[Image Processor] NIM endpoint: http://127.0.0.1:8000/v1
[Image Processor] Vision model: nvidia/nemotron-3-nano-omni-30b-a3b-reasoning
[Image Processor] Concurrency=64 | target_rps=30
[Image Processor] Loading embedding model: all-MiniLM-L6-v2
Warning: You are sending unauthenticated requests to the HF Hub. Please set a HF_TOKEN to enable higher rate limits and faster downloads.
Loading weights:   0%|          | 0/103 [00:00<?, ?it/s]Loading weights: 100%|██████████| 103/103 [00:00<00:00, 9357.62it/s]
[Image Processor] Embedding model ready.
[Image Processor] Loading image manifests from eu_legislation/batch_0144/image_store
[Image Processor] Eligible image assets loaded: 11
[Image Processor] Starting visual descriptions | images=11 | max_concurrency=64 | target_rps=30
[Image Processor] Progress 1/11 (9.1%) | success=1 error=0 | avg=0.67 images/s | elapsed=0.0 min
[Image Processor] Progress 2/11 (18.2%) | success=2 error=0 | avg=1.11 images/s | elapsed=0.0 min
[Image Processor] Progress 3/11 (27.3%) | success=3 error=0 | avg=1.64 images/s | elapsed=0.0 min
[Image Processor] Progress 4/11 (36.4%) | success=4 error=0 | avg=2.18 images/s | elapsed=0.0 min
[Image Processor] Progress 5/11 (45.5%) | success=5 error=0 | avg=2.70 images/s | elapsed=0.0 min
[Image Processor] Progress 6/11 (54.5%) | success=6 error=0 | avg=3.21 images/s | elapsed=0.0 min
[Image Processor] Progress 7/11 (63.6%) | success=7 error=0 | avg=3.48 images/s | elapsed=0.0 min
[Image Processor] Progress 8/11 (72.7%) | success=8 error=0 | avg=3.84 images/s | elapsed=0.0 min
[Image Processor] Progress 9/11 (81.8%) | success=9 error=0 | avg=4.08 images/s | elapsed=0.0 min
[Image Processor] Progress 10/11 (90.9%) | success=10 error=0 | avg=4.49 images/s | elapsed=0.0 min
[Image Processor] Progress 11/11 (100.0%) | success=11 error=0 | avg=4.50 images/s | elapsed=0.0 min
[Image Processor] Visual descriptions complete | images=11 | success=11 error=0 | avg=4.50 images/s | elapsed=0.0 min
[Image Processor] Writing image artifacts | records=11 | destination=eu_legislation/batch_0144/image_index
[Image Processor] Embedding 11 successful descriptions with all-MiniLM-L6-v2...
[Image Processor] FAISS index written | vectors=11 | dimension=384
[Image Processor] Artifacts complete | indexed=11 | errors=0
{'records': 11, 'indexed': 11, 'errors': 0, 'destination': 'eu_legislation/batch_0144/image_index'}
[Image Processor] NIM endpoint: http://127.0.0.1:8000/v1
[Image Processor] Vision model: nvidia/nemotron-3-nano-omni-30b-a3b-reasoning
[Image Processor] Concurrency=64 | target_rps=30
[Image Processor] Loading embedding model: all-MiniLM-L6-v2
Warning: You are sending unauthenticated requests to the HF Hub. Please set a HF_TOKEN to enable higher rate limits and faster downloads.
Loading weights:   0%|          | 0/103 [00:00<?, ?it/s]Loading weights: 100%|██████████| 103/103 [00:00<00:00, 9556.97it/s]
[Image Processor] Embedding model ready.
[Image Processor] Loading image manifests from eu_legislation/batch_0145/image_store
[Image Processor] Eligible image assets loaded: 25
[Image Processor] Starting visual descriptions | images=25 | max_concurrency=64 | target_rps=30
[Image Processor] Progress 1/25 (4.0%) | success=1 error=0 | avg=0.18 images/s | elapsed=0.1 min
[Image Processor] Progress 2/25 (8.0%) | success=2 error=0 | avg=0.35 images/s | elapsed=0.1 min
[Image Processor] Progress 3/25 (12.0%) | success=3 error=0 | avg=0.51 images/s | elapsed=0.1 min
[Image Processor] Progress 4/25 (16.0%) | success=4 error=0 | avg=0.67 images/s | elapsed=0.1 min
[Image Processor] Progress 5/25 (20.0%) | success=5 error=0 | avg=0.82 images/s | elapsed=0.1 min
[Image Processor] Progress 6/25 (24.0%) | success=6 error=0 | avg=0.95 images/s | elapsed=0.1 min
[Image Processor] Progress 7/25 (28.0%) | success=7 error=0 | avg=0.96 images/s | elapsed=0.1 min
[Image Processor] Progress 8/25 (32.0%) | success=8 error=0 | avg=1.06 images/s | elapsed=0.1 min
[Image Processor] Progress 9/25 (36.0%) | success=9 error=0 | avg=1.16 images/s | elapsed=0.1 min
[Image Processor] Progress 10/25 (40.0%) | success=10 error=0 | avg=1.25 images/s | elapsed=0.1 min
[Image Processor] Progress 25/25 (100.0%) | success=25 error=0 | avg=1.56 images/s | elapsed=0.3 min
[Image Processor] Visual descriptions complete | images=25 | success=25 error=0 | avg=1.56 images/s | elapsed=0.3 min
[Image Processor] Writing image artifacts | records=25 | destination=eu_legislation/batch_0145/image_index
[Image Processor] Embedding 25 successful descriptions with all-MiniLM-L6-v2...
[Image Processor] FAISS index written | vectors=25 | dimension=384
[Image Processor] Artifacts complete | indexed=25 | errors=0
{'records': 25, 'indexed': 25, 'errors': 0, 'destination': 'eu_legislation/batch_0145/image_index'}
[Image Processor] NIM endpoint: http://127.0.0.1:8000/v1
[Image Processor] Vision model: nvidia/nemotron-3-nano-omni-30b-a3b-reasoning
[Image Processor] Concurrency=64 | target_rps=30
[Image Processor] Loading embedding model: all-MiniLM-L6-v2
Warning: You are sending unauthenticated requests to the HF Hub. Please set a HF_TOKEN to enable higher rate limits and faster downloads.
Loading weights:   0%|          | 0/103 [00:00<?, ?it/s]Loading weights: 100%|██████████| 103/103 [00:00<00:00, 8997.47it/s]
[Image Processor] Embedding model ready.
[Image Processor] Loading image manifests from eu_legislation/batch_0146/image_store
[Image Processor] Eligible image assets loaded: 11
[Image Processor] Starting visual descriptions | images=11 | max_concurrency=64 | target_rps=30
[Image Processor] Progress 1/11 (9.1%) | success=1 error=0 | avg=0.39 images/s | elapsed=0.0 min
[Image Processor] Progress 2/11 (18.2%) | success=2 error=0 | avg=0.72 images/s | elapsed=0.0 min
[Image Processor] Progress 3/11 (27.3%) | success=3 error=0 | avg=1.00 images/s | elapsed=0.1 min
[Image Processor] Progress 4/11 (36.4%) | success=4 error=0 | avg=1.24 images/s | elapsed=0.1 min
[Image Processor] Progress 5/11 (45.5%) | success=5 error=0 | avg=1.32 images/s | elapsed=0.1 min
[Image Processor] Progress 6/11 (54.5%) | success=6 error=0 | avg=1.27 images/s | elapsed=0.1 min
[Image Processor] Progress 7/11 (63.6%) | success=7 error=0 | avg=1.41 images/s | elapsed=0.1 min
[Image Processor] Progress 8/11 (72.7%) | success=8 error=0 | avg=1.55 images/s | elapsed=0.1 min
[Image Processor] Progress 9/11 (81.8%) | success=9 error=0 | avg=1.67 images/s | elapsed=0.1 min
[Image Processor] Progress 10/11 (90.9%) | success=10 error=0 | avg=1.79 images/s | elapsed=0.1 min
[Image Processor] Progress 11/11 (100.0%) | success=11 error=0 | avg=1.69 images/s | elapsed=0.1 min
[Image Processor] Visual descriptions complete | images=11 | success=11 error=0 | avg=1.69 images/s | elapsed=0.1 min
[Image Processor] Writing image artifacts | records=11 | destination=eu_legislation/batch_0146/image_index
[Image Processor] Embedding 11 successful descriptions with all-MiniLM-L6-v2...
[Image Processor] FAISS index written | vectors=11 | dimension=384
[Image Processor] Artifacts complete | indexed=11 | errors=0
{'records': 11, 'indexed': 11, 'errors': 0, 'destination': 'eu_legislation/batch_0146/image_index'}
[Image Processor] NIM endpoint: http://127.0.0.1:8000/v1
[Image Processor] Vision model: nvidia/nemotron-3-nano-omni-30b-a3b-reasoning
[Image Processor] Concurrency=64 | target_rps=30
[Image Processor] Loading embedding model: all-MiniLM-L6-v2
Warning: You are sending unauthenticated requests to the HF Hub. Please set a HF_TOKEN to enable higher rate limits and faster downloads.
Loading weights:   0%|          | 0/103 [00:00<?, ?it/s]Loading weights: 100%|██████████| 103/103 [00:00<00:00, 9616.32it/s]
[Image Processor] Embedding model ready.
[Image Processor] Loading image manifests from eu_legislation/batch_0147/image_store
[Image Processor] Eligible image assets loaded: 6
[Image Processor] Starting visual descriptions | images=6 | max_concurrency=64 | target_rps=30
[Image Processor] Progress 1/6 (16.7%) | success=1 error=0 | avg=0.72 images/s | elapsed=0.0 min
[Image Processor] Progress 2/6 (33.3%) | success=2 error=0 | avg=1.10 images/s | elapsed=0.0 min
[Image Processor] Progress 3/6 (50.0%) | success=3 error=0 | avg=1.48 images/s | elapsed=0.0 min
[Image Processor] Progress 4/6 (66.7%) | success=4 error=0 | avg=1.89 images/s | elapsed=0.0 min
[Image Processor] Progress 5/6 (83.3%) | success=5 error=0 | avg=2.30 images/s | elapsed=0.0 min
[Image Processor] Progress 6/6 (100.0%) | success=6 error=0 | avg=2.67 images/s | elapsed=0.0 min
[Image Processor] Visual descriptions complete | images=6 | success=6 error=0 | avg=2.67 images/s | elapsed=0.0 min
[Image Processor] Writing image artifacts | records=6 | destination=eu_legislation/batch_0147/image_index
[Image Processor] Embedding 6 successful descriptions with all-MiniLM-L6-v2...
[Image Processor] FAISS index written | vectors=6 | dimension=384
[Image Processor] Artifacts complete | indexed=6 | errors=0
{'records': 6, 'indexed': 6, 'errors': 0, 'destination': 'eu_legislation/batch_0147/image_index'}
[Image Processor] NIM endpoint: http://127.0.0.1:8000/v1
[Image Processor] Vision model: nvidia/nemotron-3-nano-omni-30b-a3b-reasoning
[Image Processor] Concurrency=64 | target_rps=30
[Image Processor] Loading embedding model: all-MiniLM-L6-v2
Warning: You are sending unauthenticated requests to the HF Hub. Please set a HF_TOKEN to enable higher rate limits and faster downloads.
Loading weights:   0%|          | 0/103 [00:00<?, ?it/s]Loading weights: 100%|██████████| 103/103 [00:00<00:00, 8784.87it/s]
[Image Processor] Embedding model ready.
[Image Processor] Loading image manifests from eu_legislation/batch_0148/image_store
[Image Processor] Eligible image assets loaded: 7
[Image Processor] Starting visual descriptions | images=7 | max_concurrency=64 | target_rps=30
[Image Processor] Progress 1/7 (14.3%) | success=1 error=0 | avg=0.59 images/s | elapsed=0.0 min
[Image Processor] Progress 2/7 (28.6%) | success=2 error=0 | avg=1.02 images/s | elapsed=0.0 min
[Image Processor] Progress 3/7 (42.9%) | success=3 error=0 | avg=1.41 images/s | elapsed=0.0 min
[Image Processor] Progress 4/7 (57.1%) | success=4 error=0 | avg=1.84 images/s | elapsed=0.0 min
[Image Processor] Progress 5/7 (71.4%) | success=5 error=0 | avg=2.10 images/s | elapsed=0.0 min
[Image Processor] Progress 6/7 (85.7%) | success=6 error=0 | avg=2.32 images/s | elapsed=0.0 min
[Image Processor] Progress 7/7 (100.0%) | success=7 error=0 | avg=2.69 images/s | elapsed=0.0 min
[Image Processor] Visual descriptions complete | images=7 | success=7 error=0 | avg=2.69 images/s | elapsed=0.0 min
[Image Processor] Writing image artifacts | records=7 | destination=eu_legislation/batch_0148/image_index
[Image Processor] Embedding 7 successful descriptions with all-MiniLM-L6-v2...
[Image Processor] FAISS index written | vectors=7 | dimension=384
[Image Processor] Artifacts complete | indexed=7 | errors=0
{'records': 7, 'indexed': 7, 'errors': 0, 'destination': 'eu_legislation/batch_0148/image_index'}
[Image Processor] NIM endpoint: http://127.0.0.1:8000/v1
[Image Processor] Vision model: nvidia/nemotron-3-nano-omni-30b-a3b-reasoning
[Image Processor] Concurrency=64 | target_rps=30
[Image Processor] Loading embedding model: all-MiniLM-L6-v2
Warning: You are sending unauthenticated requests to the HF Hub. Please set a HF_TOKEN to enable higher rate limits and faster downloads.
Loading weights:   0%|          | 0/103 [00:00<?, ?it/s]Loading weights: 100%|██████████| 103/103 [00:00<00:00, 9815.81it/s]
[Image Processor] Embedding model ready.
[Image Processor] Loading image manifests from eu_legislation/batch_0149/image_store
[Image Processor] Eligible image assets loaded: 1
[Image Processor] Starting visual descriptions | images=1 | max_concurrency=64 | target_rps=30
[Image Processor] Progress 1/1 (100.0%) | success=1 error=0 | avg=0.98 images/s | elapsed=0.0 min
[Image Processor] Visual descriptions complete | images=1 | success=1 error=0 | avg=0.98 images/s | elapsed=0.0 min
[Image Processor] Writing image artifacts | records=1 | destination=eu_legislation/batch_0149/image_index
[Image Processor] Embedding 1 successful descriptions with all-MiniLM-L6-v2...
[Image Processor] FAISS index written | vectors=1 | dimension=384
[Image Processor] Artifacts complete | indexed=1 | errors=0
{'records': 1, 'indexed': 1, 'errors': 0, 'destination': 'eu_legislation/batch_0149/image_index'}
[Image Processor] NIM endpoint: http://127.0.0.1:8000/v1
[Image Processor] Vision model: nvidia/nemotron-3-nano-omni-30b-a3b-reasoning
[Image Processor] Concurrency=64 | target_rps=30
[Image Processor] Loading embedding model: all-MiniLM-L6-v2
Warning: You are sending unauthenticated requests to the HF Hub. Please set a HF_TOKEN to enable higher rate limits and faster downloads.
Loading weights:   0%|          | 0/103 [00:00<?, ?it/s]Loading weights: 100%|██████████| 103/103 [00:00<00:00, 8845.84it/s]
[Image Processor] Embedding model ready.
[Image Processor] Loading image manifests from eu_legislation/batch_0150/image_store
[Image Processor] Eligible image assets loaded: 1
[Image Processor] Starting visual descriptions | images=1 | max_concurrency=64 | target_rps=30
[Image Processor] Progress 1/1 (100.0%) | success=1 error=0 | avg=0.75 images/s | elapsed=0.0 min
[Image Processor] Visual descriptions complete | images=1 | success=1 error=0 | avg=0.75 images/s | elapsed=0.0 min
[Image Processor] Writing image artifacts | records=1 | destination=eu_legislation/batch_0150/image_index
[Image Processor] Embedding 1 successful descriptions with all-MiniLM-L6-v2...
[Image Processor] FAISS index written | vectors=1 | dimension=384
[Image Processor] Artifacts complete | indexed=1 | errors=0
{'records': 1, 'indexed': 1, 'errors': 0, 'destination': 'eu_legislation/batch_0150/image_index'}
[Image Processor] NIM endpoint: http://127.0.0.1:8000/v1
[Image Processor] Vision model: nvidia/nemotron-3-nano-omni-30b-a3b-reasoning
[Image Processor] Concurrency=64 | target_rps=30
[Image Processor] Loading embedding model: all-MiniLM-L6-v2
Warning: You are sending unauthenticated requests to the HF Hub. Please set a HF_TOKEN to enable higher rate limits and faster downloads.
Loading weights:   0%|          | 0/103 [00:00<?, ?it/s]Loading weights: 100%|██████████| 103/103 [00:00<00:00, 8344.54it/s]
[Image Processor] Embedding model ready.
[Image Processor] Loading image manifests from eu_legislation/batch_0151/image_store
[Image Processor] Eligible image assets loaded: 5
[Image Processor] Starting visual descriptions | images=5 | max_concurrency=64 | target_rps=30
[Image Processor] Progress 1/5 (20.0%) | success=1 error=0 | avg=0.84 images/s | elapsed=0.0 min
[Image Processor] Progress 2/5 (40.0%) | success=2 error=0 | avg=1.20 images/s | elapsed=0.0 min
[Image Processor] Progress 3/5 (60.0%) | success=3 error=0 | avg=1.68 images/s | elapsed=0.0 min
[Image Processor] Progress 4/5 (80.0%) | success=4 error=0 | avg=2.15 images/s | elapsed=0.0 min
[Image Processor] Progress 5/5 (100.0%) | success=5 error=0 | avg=2.61 images/s | elapsed=0.0 min
[Image Processor] Visual descriptions complete | images=5 | success=5 error=0 | avg=2.61 images/s | elapsed=0.0 min
[Image Processor] Writing image artifacts | records=5 | destination=eu_legislation/batch_0151/image_index
[Image Processor] Embedding 5 successful descriptions with all-MiniLM-L6-v2...
[Image Processor] FAISS index written | vectors=5 | dimension=384
[Image Processor] Artifacts complete | indexed=5 | errors=0
{'records': 5, 'indexed': 5, 'errors': 0, 'destination': 'eu_legislation/batch_0151/image_index'}
[Image Processor] NIM endpoint: http://127.0.0.1:8000/v1
[Image Processor] Vision model: nvidia/nemotron-3-nano-omni-30b-a3b-reasoning
[Image Processor] Concurrency=64 | target_rps=30
[Image Processor] Loading embedding model: all-MiniLM-L6-v2
Warning: You are sending unauthenticated requests to the HF Hub. Please set a HF_TOKEN to enable higher rate limits and faster downloads.
Loading weights:   0%|          | 0/103 [00:00<?, ?it/s]Loading weights: 100%|██████████| 103/103 [00:00<00:00, 9572.85it/s]
[Image Processor] Embedding model ready.
[Image Processor] Loading image manifests from eu_legislation/batch_0152/image_store
[Image Processor] Eligible image assets loaded: 1
[Image Processor] Starting visual descriptions | images=1 | max_concurrency=64 | target_rps=30
[Image Processor] Progress 1/1 (100.0%) | success=1 error=0 | avg=0.95 images/s | elapsed=0.0 min
[Image Processor] Visual descriptions complete | images=1 | success=1 error=0 | avg=0.95 images/s | elapsed=0.0 min
[Image Processor] Writing image artifacts | records=1 | destination=eu_legislation/batch_0152/image_index
[Image Processor] Embedding 1 successful descriptions with all-MiniLM-L6-v2...
[Image Processor] FAISS index written | vectors=1 | dimension=384
[Image Processor] Artifacts complete | indexed=1 | errors=0
{'records': 1, 'indexed': 1, 'errors': 0, 'destination': 'eu_legislation/batch_0152/image_index'}
[Image Processor] NIM endpoint: http://127.0.0.1:8000/v1
[Image Processor] Vision model: nvidia/nemotron-3-nano-omni-30b-a3b-reasoning
[Image Processor] Concurrency=64 | target_rps=30
[Image Processor] Loading embedding model: all-MiniLM-L6-v2
Warning: You are sending unauthenticated requests to the HF Hub. Please set a HF_TOKEN to enable higher rate limits and faster downloads.
Loading weights:   0%|          | 0/103 [00:00<?, ?it/s]Loading weights: 100%|██████████| 103/103 [00:00<00:00, 8769.89it/s]
[Image Processor] Embedding model ready.
[Image Processor] Loading image manifests from eu_legislation/batch_0153/image_store
[Image Processor] Eligible image assets loaded: 6
[Image Processor] Starting visual descriptions | images=6 | max_concurrency=64 | target_rps=30
[Image Processor] Progress 1/6 (16.7%) | success=1 error=0 | avg=0.68 images/s | elapsed=0.0 min
[Image Processor] Progress 2/6 (33.3%) | success=2 error=0 | avg=1.30 images/s | elapsed=0.0 min
[Image Processor] Progress 3/6 (50.0%) | success=3 error=0 | avg=1.90 images/s | elapsed=0.0 min
[Image Processor] Progress 4/6 (66.7%) | success=4 error=0 | avg=2.53 images/s | elapsed=0.0 min
[Image Processor] Progress 5/6 (83.3%) | success=5 error=0 | avg=3.08 images/s | elapsed=0.0 min
[Image Processor] Progress 6/6 (100.0%) | success=6 error=0 | avg=3.51 images/s | elapsed=0.0 min
[Image Processor] Visual descriptions complete | images=6 | success=6 error=0 | avg=3.51 images/s | elapsed=0.0 min
[Image Processor] Writing image artifacts | records=6 | destination=eu_legislation/batch_0153/image_index
[Image Processor] Embedding 6 successful descriptions with all-MiniLM-L6-v2...
[Image Processor] FAISS index written | vectors=6 | dimension=384
[Image Processor] Artifacts complete | indexed=6 | errors=0
{'records': 6, 'indexed': 6, 'errors': 0, 'destination': 'eu_legislation/batch_0153/image_index'}
[Image Processor] NIM endpoint: http://127.0.0.1:8000/v1
[Image Processor] Vision model: nvidia/nemotron-3-nano-omni-30b-a3b-reasoning
[Image Processor] Concurrency=64 | target_rps=30
[Image Processor] Loading embedding model: all-MiniLM-L6-v2
Warning: You are sending unauthenticated requests to the HF Hub. Please set a HF_TOKEN to enable higher rate limits and faster downloads.
Loading weights:   0%|          | 0/103 [00:00<?, ?it/s]Loading weights: 100%|██████████| 103/103 [00:00<00:00, 9221.01it/s]
[Image Processor] Embedding model ready.
[Image Processor] Loading image manifests from eu_legislation/batch_0154/image_store
[Image Processor] Eligible image assets loaded: 3
[Image Processor] Starting visual descriptions | images=3 | max_concurrency=64 | target_rps=30
[Image Processor] Progress 1/3 (33.3%) | success=1 error=0 | avg=0.75 images/s | elapsed=0.0 min
[Image Processor] Progress 2/3 (66.7%) | success=2 error=0 | avg=1.27 images/s | elapsed=0.0 min
[Image Processor] Progress 3/3 (100.0%) | success=3 error=0 | avg=1.84 images/s | elapsed=0.0 min
[Image Processor] Visual descriptions complete | images=3 | success=3 error=0 | avg=1.84 images/s | elapsed=0.0 min
[Image Processor] Writing image artifacts | records=3 | destination=eu_legislation/batch_0154/image_index
[Image Processor] Embedding 3 successful descriptions with all-MiniLM-L6-v2...
[Image Processor] FAISS index written | vectors=3 | dimension=384
[Image Processor] Artifacts complete | indexed=3 | errors=0
{'records': 3, 'indexed': 3, 'errors': 0, 'destination': 'eu_legislation/batch_0154/image_index'}
[Image Processor] NIM endpoint: http://127.0.0.1:8000/v1
[Image Processor] Vision model: nvidia/nemotron-3-nano-omni-30b-a3b-reasoning
[Image Processor] Concurrency=64 | target_rps=30
[Image Processor] Loading embedding model: all-MiniLM-L6-v2
Warning: You are sending unauthenticated requests to the HF Hub. Please set a HF_TOKEN to enable higher rate limits and faster downloads.
Loading weights:   0%|          | 0/103 [00:00<?, ?it/s]Loading weights: 100%|██████████| 103/103 [00:00<00:00, 9315.65it/s]
[Image Processor] Embedding model ready.
[Image Processor] Loading image manifests from eu_legislation/batch_0155/image_store
[Image Processor] Eligible image assets loaded: 2
[Image Processor] Starting visual descriptions | images=2 | max_concurrency=64 | target_rps=30
[Image Processor] Progress 1/2 (50.0%) | success=1 error=0 | avg=1.06 images/s | elapsed=0.0 min
[Image Processor] Progress 2/2 (100.0%) | success=2 error=0 | avg=1.34 images/s | elapsed=0.0 min
[Image Processor] Visual descriptions complete | images=2 | success=2 error=0 | avg=1.34 images/s | elapsed=0.0 min
[Image Processor] Writing image artifacts | records=2 | destination=eu_legislation/batch_0155/image_index
[Image Processor] Embedding 2 successful descriptions with all-MiniLM-L6-v2...
[Image Processor] FAISS index written | vectors=2 | dimension=384
[Image Processor] Artifacts complete | indexed=2 | errors=0
{'records': 2, 'indexed': 2, 'errors': 0, 'destination': 'eu_legislation/batch_0155/image_index'}
[Image Processor] NIM endpoint: http://127.0.0.1:8000/v1
[Image Processor] Vision model: nvidia/nemotron-3-nano-omni-30b-a3b-reasoning
[Image Processor] Concurrency=64 | target_rps=30
[Image Processor] Loading embedding model: all-MiniLM-L6-v2
Warning: You are sending unauthenticated requests to the HF Hub. Please set a HF_TOKEN to enable higher rate limits and faster downloads.
Loading weights:   0%|          | 0/103 [00:00<?, ?it/s]Loading weights: 100%|██████████| 103/103 [00:00<00:00, 9043.04it/s]
[Image Processor] Embedding model ready.
[Image Processor] Loading image manifests from eu_legislation/batch_0156/image_store
[Image Processor] Eligible image assets loaded: 2
[Image Processor] Starting visual descriptions | images=2 | max_concurrency=64 | target_rps=30
[Image Processor] Progress 1/2 (50.0%) | success=1 error=0 | avg=0.96 images/s | elapsed=0.0 min
[Image Processor] Progress 2/2 (100.0%) | success=2 error=0 | avg=1.55 images/s | elapsed=0.0 min
[Image Processor] Visual descriptions complete | images=2 | success=2 error=0 | avg=1.55 images/s | elapsed=0.0 min
[Image Processor] Writing image artifacts | records=2 | destination=eu_legislation/batch_0156/image_index
[Image Processor] Embedding 2 successful descriptions with all-MiniLM-L6-v2...
[Image Processor] FAISS index written | vectors=2 | dimension=384
[Image Processor] Artifacts complete | indexed=2 | errors=0
{'records': 2, 'indexed': 2, 'errors': 0, 'destination': 'eu_legislation/batch_0156/image_index'}
[Image Processor] NIM endpoint: http://127.0.0.1:8000/v1
[Image Processor] Vision model: nvidia/nemotron-3-nano-omni-30b-a3b-reasoning
[Image Processor] Concurrency=64 | target_rps=30
[Image Processor] Loading embedding model: all-MiniLM-L6-v2
Warning: You are sending unauthenticated requests to the HF Hub. Please set a HF_TOKEN to enable higher rate limits and faster downloads.
Loading weights:   0%|          | 0/103 [00:00<?, ?it/s]Loading weights: 100%|██████████| 103/103 [00:00<00:00, 9384.05it/s]
[Image Processor] Embedding model ready.
[Image Processor] Loading image manifests from eu_legislation/batch_0157/image_store
[Image Processor] Eligible image assets loaded: 0
[Image Processor] Starting visual descriptions | images=0 | max_concurrency=64 | target_rps=30
[Image Processor] No eligible images found.
[Image Processor] Writing image artifacts | records=0 | destination=eu_legislation/batch_0157/image_index
[Image Processor] Artifacts complete | indexed=0 | errors=0
{'records': 0, 'indexed': 0, 'errors': 0, 'destination': 'eu_legislation/batch_0157/image_index'}
[Image Processor] NIM endpoint: http://127.0.0.1:8000/v1
[Image Processor] Vision model: nvidia/nemotron-3-nano-omni-30b-a3b-reasoning
[Image Processor] Concurrency=64 | target_rps=30
[Image Processor] Loading embedding model: all-MiniLM-L6-v2
Warning: You are sending unauthenticated requests to the HF Hub. Please set a HF_TOKEN to enable higher rate limits and faster downloads.
Loading weights:   0%|          | 0/103 [00:00<?, ?it/s]Loading weights: 100%|██████████| 103/103 [00:00<00:00, 8974.48it/s]
[Image Processor] Embedding model ready.
[Image Processor] Loading image manifests from eu_legislation/batch_0158/image_store
[Image Processor] Eligible image assets loaded: 2
[Image Processor] Starting visual descriptions | images=2 | max_concurrency=64 | target_rps=30
[Image Processor] Progress 1/2 (50.0%) | success=1 error=0 | avg=0.93 images/s | elapsed=0.0 min
[Image Processor] Progress 2/2 (100.0%) | success=2 error=0 | avg=1.51 images/s | elapsed=0.0 min
[Image Processor] Visual descriptions complete | images=2 | success=2 error=0 | avg=1.51 images/s | elapsed=0.0 min
[Image Processor] Writing image artifacts | records=2 | destination=eu_legislation/batch_0158/image_index
[Image Processor] Embedding 2 successful descriptions with all-MiniLM-L6-v2...
[Image Processor] FAISS index written | vectors=2 | dimension=384
[Image Processor] Artifacts complete | indexed=2 | errors=0
{'records': 2, 'indexed': 2, 'errors': 0, 'destination': 'eu_legislation/batch_0158/image_index'}
[Image Processor] NIM endpoint: http://127.0.0.1:8000/v1
[Image Processor] Vision model: nvidia/nemotron-3-nano-omni-30b-a3b-reasoning
[Image Processor] Concurrency=64 | target_rps=30
[Image Processor] Loading embedding model: all-MiniLM-L6-v2
Warning: You are sending unauthenticated requests to the HF Hub. Please set a HF_TOKEN to enable higher rate limits and faster downloads.
Loading weights:   0%|          | 0/103 [00:00<?, ?it/s]Loading weights: 100%|██████████| 103/103 [00:00<00:00, 9503.57it/s]
[Image Processor] Embedding model ready.
[Image Processor] Loading image manifests from eu_legislation/batch_0159/image_store
[Image Processor] Eligible image assets loaded: 1
[Image Processor] Starting visual descriptions | images=1 | max_concurrency=64 | target_rps=30
[Image Processor] Progress 1/1 (100.0%) | success=1 error=0 | avg=0.87 images/s | elapsed=0.0 min
[Image Processor] Visual descriptions complete | images=1 | success=1 error=0 | avg=0.87 images/s | elapsed=0.0 min
[Image Processor] Writing image artifacts | records=1 | destination=eu_legislation/batch_0159/image_index
[Image Processor] Embedding 1 successful descriptions with all-MiniLM-L6-v2...
[Image Processor] FAISS index written | vectors=1 | dimension=384
[Image Processor] Artifacts complete | indexed=1 | errors=0
{'records': 1, 'indexed': 1, 'errors': 0, 'destination': 'eu_legislation/batch_0159/image_index'}
[Image Processor] NIM endpoint: http://127.0.0.1:8000/v1
[Image Processor] Vision model: nvidia/nemotron-3-nano-omni-30b-a3b-reasoning
[Image Processor] Concurrency=64 | target_rps=30
[Image Processor] Loading embedding model: all-MiniLM-L6-v2
Warning: You are sending unauthenticated requests to the HF Hub. Please set a HF_TOKEN to enable higher rate limits and faster downloads.
Loading weights:   0%|          | 0/103 [00:00<?, ?it/s]Loading weights: 100%|██████████| 103/103 [00:00<00:00, 9775.61it/s]
[Image Processor] Embedding model ready.
[Image Processor] Loading image manifests from eu_legislation/batch_0160/image_store
[Image Processor] Eligible image assets loaded: 0
[Image Processor] Starting visual descriptions | images=0 | max_concurrency=64 | target_rps=30
[Image Processor] No eligible images found.
[Image Processor] Writing image artifacts | records=0 | destination=eu_legislation/batch_0160/image_index
[Image Processor] Artifacts complete | indexed=0 | errors=0
{'records': 0, 'indexed': 0, 'errors': 0, 'destination': 'eu_legislation/batch_0160/image_index'}
[Image Processor] NIM endpoint: http://127.0.0.1:8000/v1
[Image Processor] Vision model: nvidia/nemotron-3-nano-omni-30b-a3b-reasoning
[Image Processor] Concurrency=64 | target_rps=30
[Image Processor] Loading embedding model: all-MiniLM-L6-v2
Warning: You are sending unauthenticated requests to the HF Hub. Please set a HF_TOKEN to enable higher rate limits and faster downloads.
Loading weights:   0%|          | 0/103 [00:00<?, ?it/s]Loading weights: 100%|██████████| 103/103 [00:00<00:00, 10176.51it/s]
[Image Processor] Embedding model ready.
[Image Processor] Loading image manifests from eu_legislation/batch_0161/image_store
[Image Processor] Eligible image assets loaded: 1
[Image Processor] Starting visual descriptions | images=1 | max_concurrency=64 | target_rps=30
[Image Processor] Progress 1/1 (100.0%) | success=1 error=0 | avg=0.73 images/s | elapsed=0.0 min
[Image Processor] Visual descriptions complete | images=1 | success=1 error=0 | avg=0.73 images/s | elapsed=0.0 min
[Image Processor] Writing image artifacts | records=1 | destination=eu_legislation/batch_0161/image_index
[Image Processor] Embedding 1 successful descriptions with all-MiniLM-L6-v2...
[Image Processor] FAISS index written | vectors=1 | dimension=384
[Image Processor] Artifacts complete | indexed=1 | errors=0
{'records': 1, 'indexed': 1, 'errors': 0, 'destination': 'eu_legislation/batch_0161/image_index'}
[Image Processor] NIM endpoint: http://127.0.0.1:8000/v1
[Image Processor] Vision model: nvidia/nemotron-3-nano-omni-30b-a3b-reasoning
[Image Processor] Concurrency=64 | target_rps=30
[Image Processor] Loading embedding model: all-MiniLM-L6-v2
Warning: You are sending unauthenticated requests to the HF Hub. Please set a HF_TOKEN to enable higher rate limits and faster downloads.
Loading weights:   0%|          | 0/103 [00:00<?, ?it/s]Loading weights: 100%|██████████| 103/103 [00:00<00:00, 9432.61it/s]
[Image Processor] Embedding model ready.
[Image Processor] Loading image manifests from eu_legislation/batch_0162/image_store
[Image Processor] Eligible image assets loaded: 1
[Image Processor] Starting visual descriptions | images=1 | max_concurrency=64 | target_rps=30
[Image Processor] Progress 1/1 (100.0%) | success=1 error=0 | avg=0.82 images/s | elapsed=0.0 min
[Image Processor] Visual descriptions complete | images=1 | success=1 error=0 | avg=0.82 images/s | elapsed=0.0 min
[Image Processor] Writing image artifacts | records=1 | destination=eu_legislation/batch_0162/image_index
[Image Processor] Embedding 1 successful descriptions with all-MiniLM-L6-v2...
[Image Processor] FAISS index written | vectors=1 | dimension=384
[Image Processor] Artifacts complete | indexed=1 | errors=0
{'records': 1, 'indexed': 1, 'errors': 0, 'destination': 'eu_legislation/batch_0162/image_index'}
[Image Processor] NIM endpoint: http://127.0.0.1:8000/v1
[Image Processor] Vision model: nvidia/nemotron-3-nano-omni-30b-a3b-reasoning
[Image Processor] Concurrency=64 | target_rps=30
[Image Processor] Loading embedding model: all-MiniLM-L6-v2
Warning: You are sending unauthenticated requests to the HF Hub. Please set a HF_TOKEN to enable higher rate limits and faster downloads.
Loading weights:   0%|          | 0/103 [00:00<?, ?it/s]Loading weights: 100%|██████████| 103/103 [00:00<00:00, 9544.72it/s]
[Image Processor] Embedding model ready.
[Image Processor] Loading image manifests from eu_legislation/batch_0163/image_store
[Image Processor] Eligible image assets loaded: 3
[Image Processor] Starting visual descriptions | images=3 | max_concurrency=64 | target_rps=30
[Image Processor] Progress 1/3 (33.3%) | success=1 error=0 | avg=0.68 images/s | elapsed=0.0 min
[Image Processor] Progress 2/3 (66.7%) | success=2 error=0 | avg=1.27 images/s | elapsed=0.0 min
[Image Processor] Progress 3/3 (100.0%) | success=3 error=0 | avg=1.73 images/s | elapsed=0.0 min
[Image Processor] Visual descriptions complete | images=3 | success=3 error=0 | avg=1.73 images/s | elapsed=0.0 min
[Image Processor] Writing image artifacts | records=3 | destination=eu_legislation/batch_0163/image_index
[Image Processor] Embedding 3 successful descriptions with all-MiniLM-L6-v2...
[Image Processor] FAISS index written | vectors=3 | dimension=384
[Image Processor] Artifacts complete | indexed=3 | errors=0
{'records': 3, 'indexed': 3, 'errors': 0, 'destination': 'eu_legislation/batch_0163/image_index'}
[Image Processor] NIM endpoint: http://127.0.0.1:8000/v1
[Image Processor] Vision model: nvidia/nemotron-3-nano-omni-30b-a3b-reasoning
[Image Processor] Concurrency=64 | target_rps=30
[Image Processor] Loading embedding model: all-MiniLM-L6-v2
Warning: You are sending unauthenticated requests to the HF Hub. Please set a HF_TOKEN to enable higher rate limits and faster downloads.
Loading weights:   0%|          | 0/103 [00:00<?, ?it/s]Loading weights: 100%|██████████| 103/103 [00:00<00:00, 9033.21it/s]
[Image Processor] Embedding model ready.
[Image Processor] Loading image manifests from eu_legislation/batch_0164/image_store
[Image Processor] Eligible image assets loaded: 0
[Image Processor] Starting visual descriptions | images=0 | max_concurrency=64 | target_rps=30
[Image Processor] No eligible images found.
[Image Processor] Writing image artifacts | records=0 | destination=eu_legislation/batch_0164/image_index
[Image Processor] Artifacts complete | indexed=0 | errors=0
{'records': 0, 'indexed': 0, 'errors': 0, 'destination': 'eu_legislation/batch_0164/image_index'}
[Image Processor] NIM endpoint: http://127.0.0.1:8000/v1
[Image Processor] Vision model: nvidia/nemotron-3-nano-omni-30b-a3b-reasoning
[Image Processor] Concurrency=64 | target_rps=30
[Image Processor] Loading embedding model: all-MiniLM-L6-v2
Warning: You are sending unauthenticated requests to the HF Hub. Please set a HF_TOKEN to enable higher rate limits and faster downloads.
Loading weights:   0%|          | 0/103 [00:00<?, ?it/s]Loading weights: 100%|██████████| 103/103 [00:00<00:00, 9389.96it/s]
[Image Processor] Embedding model ready.
[Image Processor] Loading image manifests from eu_legislation/batch_0165/image_store
[Image Processor] Eligible image assets loaded: 2
[Image Processor] Starting visual descriptions | images=2 | max_concurrency=64 | target_rps=30
[Image Processor] Progress 1/2 (50.0%) | success=1 error=0 | avg=0.95 images/s | elapsed=0.0 min
[Image Processor] Progress 2/2 (100.0%) | success=2 error=0 | avg=1.54 images/s | elapsed=0.0 min
[Image Processor] Visual descriptions complete | images=2 | success=2 error=0 | avg=1.54 images/s | elapsed=0.0 min
[Image Processor] Writing image artifacts | records=2 | destination=eu_legislation/batch_0165/image_index
[Image Processor] Embedding 2 successful descriptions with all-MiniLM-L6-v2...
[Image Processor] FAISS index written | vectors=2 | dimension=384
[Image Processor] Artifacts complete | indexed=2 | errors=0
{'records': 2, 'indexed': 2, 'errors': 0, 'destination': 'eu_legislation/batch_0165/image_index'}
[Image Processor] NIM endpoint: http://127.0.0.1:8000/v1
[Image Processor] Vision model: nvidia/nemotron-3-nano-omni-30b-a3b-reasoning
[Image Processor] Concurrency=64 | target_rps=30
[Image Processor] Loading embedding model: all-MiniLM-L6-v2
Warning: You are sending unauthenticated requests to the HF Hub. Please set a HF_TOKEN to enable higher rate limits and faster downloads.
Loading weights:   0%|          | 0/103 [00:00<?, ?it/s]Loading weights: 100%|██████████| 103/103 [00:00<00:00, 9845.56it/s]
[Image Processor] Embedding model ready.
[Image Processor] Loading image manifests from eu_legislation/batch_0166/image_store
[Image Processor] Eligible image assets loaded: 1
[Image Processor] Starting visual descriptions | images=1 | max_concurrency=64 | target_rps=30
[Image Processor] Progress 1/1 (100.0%) | success=1 error=0 | avg=0.93 images/s | elapsed=0.0 min
[Image Processor] Visual descriptions complete | images=1 | success=1 error=0 | avg=0.93 images/s | elapsed=0.0 min
[Image Processor] Writing image artifacts | records=1 | destination=eu_legislation/batch_0166/image_index
[Image Processor] Embedding 1 successful descriptions with all-MiniLM-L6-v2...
[Image Processor] FAISS index written | vectors=1 | dimension=384
[Image Processor] Artifacts complete | indexed=1 | errors=0
{'records': 1, 'indexed': 1, 'errors': 0, 'destination': 'eu_legislation/batch_0166/image_index'}
[Image Processor] NIM endpoint: http://127.0.0.1:8000/v1
[Image Processor] Vision model: nvidia/nemotron-3-nano-omni-30b-a3b-reasoning
[Image Processor] Concurrency=64 | target_rps=30
[Image Processor] Loading embedding model: all-MiniLM-L6-v2
Warning: You are sending unauthenticated requests to the HF Hub. Please set a HF_TOKEN to enable higher rate limits and faster downloads.
Loading weights:   0%|          | 0/103 [00:00<?, ?it/s]Loading weights: 100%|██████████| 103/103 [00:00<00:00, 10091.88it/s]
[Image Processor] Embedding model ready.
[Image Processor] Loading image manifests from eu_legislation/batch_0167/image_store
[Image Processor] Eligible image assets loaded: 0
[Image Processor] Starting visual descriptions | images=0 | max_concurrency=64 | target_rps=30
[Image Processor] No eligible images found.
[Image Processor] Writing image artifacts | records=0 | destination=eu_legislation/batch_0167/image_index
[Image Processor] Artifacts complete | indexed=0 | errors=0
{'records': 0, 'indexed': 0, 'errors': 0, 'destination': 'eu_legislation/batch_0167/image_index'}
[Image Processor] NIM endpoint: http://127.0.0.1:8000/v1
[Image Processor] Vision model: nvidia/nemotron-3-nano-omni-30b-a3b-reasoning
[Image Processor] Concurrency=64 | target_rps=30
[Image Processor] Loading embedding model: all-MiniLM-L6-v2
Warning: You are sending unauthenticated requests to the HF Hub. Please set a HF_TOKEN to enable higher rate limits and faster downloads.
Loading weights:   0%|          | 0/103 [00:00<?, ?it/s]Loading weights: 100%|██████████| 103/103 [00:00<00:00, 10036.55it/s]
[Image Processor] Embedding model ready.
[Image Processor] Loading image manifests from eu_legislation/batch_0168/image_store
[Image Processor] Eligible image assets loaded: 1
[Image Processor] Starting visual descriptions | images=1 | max_concurrency=64 | target_rps=30
[Image Processor] Progress 1/1 (100.0%) | success=1 error=0 | avg=1.03 images/s | elapsed=0.0 min
[Image Processor] Visual descriptions complete | images=1 | success=1 error=0 | avg=1.03 images/s | elapsed=0.0 min
[Image Processor] Writing image artifacts | records=1 | destination=eu_legislation/batch_0168/image_index
[Image Processor] Embedding 1 successful descriptions with all-MiniLM-L6-v2...
[Image Processor] FAISS index written | vectors=1 | dimension=384
[Image Processor] Artifacts complete | indexed=1 | errors=0
{'records': 1, 'indexed': 1, 'errors': 0, 'destination': 'eu_legislation/batch_0168/image_index'}
[Image Processor] NIM endpoint: http://127.0.0.1:8000/v1
[Image Processor] Vision model: nvidia/nemotron-3-nano-omni-30b-a3b-reasoning
[Image Processor] Concurrency=64 | target_rps=30
[Image Processor] Loading embedding model: all-MiniLM-L6-v2
Warning: You are sending unauthenticated requests to the HF Hub. Please set a HF_TOKEN to enable higher rate limits and faster downloads.
Loading weights:   0%|          | 0/103 [00:00<?, ?it/s]Loading weights: 100%|██████████| 103/103 [00:00<00:00, 9697.49it/s]
[Image Processor] Embedding model ready.
[Image Processor] Loading image manifests from eu_legislation/batch_0169/image_store
[Image Processor] Eligible image assets loaded: 2
[Image Processor] Starting visual descriptions | images=2 | max_concurrency=64 | target_rps=30
[Image Processor] Progress 1/2 (50.0%) | success=1 error=0 | avg=0.90 images/s | elapsed=0.0 min
[Image Processor] Progress 2/2 (100.0%) | success=2 error=0 | avg=1.47 images/s | elapsed=0.0 min
[Image Processor] Visual descriptions complete | images=2 | success=2 error=0 | avg=1.47 images/s | elapsed=0.0 min
[Image Processor] Writing image artifacts | records=2 | destination=eu_legislation/batch_0169/image_index
[Image Processor] Embedding 2 successful descriptions with all-MiniLM-L6-v2...
[Image Processor] FAISS index written | vectors=2 | dimension=384
[Image Processor] Artifacts complete | indexed=2 | errors=0
{'records': 2, 'indexed': 2, 'errors': 0, 'destination': 'eu_legislation/batch_0169/image_index'}
[Image Processor] NIM endpoint: http://127.0.0.1:8000/v1
[Image Processor] Vision model: nvidia/nemotron-3-nano-omni-30b-a3b-reasoning
[Image Processor] Concurrency=64 | target_rps=30
[Image Processor] Loading embedding model: all-MiniLM-L6-v2
Warning: You are sending unauthenticated requests to the HF Hub. Please set a HF_TOKEN to enable higher rate limits and faster downloads.
Loading weights:   0%|          | 0/103 [00:00<?, ?it/s]Loading weights: 100%|██████████| 103/103 [00:00<00:00, 10026.77it/s]
[Image Processor] Embedding model ready.
[Image Processor] Loading image manifests from eu_legislation/batch_0170/image_store
[Image Processor] Eligible image assets loaded: 2
[Image Processor] Starting visual descriptions | images=2 | max_concurrency=64 | target_rps=30
[Image Processor] Progress 1/2 (50.0%) | success=1 error=0 | avg=0.97 images/s | elapsed=0.0 min
[Image Processor] Progress 2/2 (100.0%) | success=2 error=0 | avg=1.56 images/s | elapsed=0.0 min
[Image Processor] Visual descriptions complete | images=2 | success=2 error=0 | avg=1.56 images/s | elapsed=0.0 min
[Image Processor] Writing image artifacts | records=2 | destination=eu_legislation/batch_0170/image_index
[Image Processor] Embedding 2 successful descriptions with all-MiniLM-L6-v2...
[Image Processor] FAISS index written | vectors=2 | dimension=384
[Image Processor] Artifacts complete | indexed=2 | errors=0
{'records': 2, 'indexed': 2, 'errors': 0, 'destination': 'eu_legislation/batch_0170/image_index'}
[Image Processor] NIM endpoint: http://127.0.0.1:8000/v1
[Image Processor] Vision model: nvidia/nemotron-3-nano-omni-30b-a3b-reasoning
[Image Processor] Concurrency=64 | target_rps=30
[Image Processor] Loading embedding model: all-MiniLM-L6-v2
Warning: You are sending unauthenticated requests to the HF Hub. Please set a HF_TOKEN to enable higher rate limits and faster downloads.
Loading weights:   0%|          | 0/103 [00:00<?, ?it/s]Loading weights: 100%|██████████| 103/103 [00:00<00:00, 9663.00it/s]
[Image Processor] Embedding model ready.
[Image Processor] Loading image manifests from eu_legislation/batch_0171/image_store
[Image Processor] Eligible image assets loaded: 0
[Image Processor] Starting visual descriptions | images=0 | max_concurrency=64 | target_rps=30
[Image Processor] No eligible images found.
[Image Processor] Writing image artifacts | records=0 | destination=eu_legislation/batch_0171/image_index
[Image Processor] Artifacts complete | indexed=0 | errors=0
{'records': 0, 'indexed': 0, 'errors': 0, 'destination': 'eu_legislation/batch_0171/image_index'}
[Image Processor] NIM endpoint: http://127.0.0.1:8000/v1
[Image Processor] Vision model: nvidia/nemotron-3-nano-omni-30b-a3b-reasoning
[Image Processor] Concurrency=64 | target_rps=30
[Image Processor] Loading embedding model: all-MiniLM-L6-v2
Warning: You are sending unauthenticated requests to the HF Hub. Please set a HF_TOKEN to enable higher rate limits and faster downloads.
Loading weights:   0%|          | 0/103 [00:00<?, ?it/s]Loading weights: 100%|██████████| 103/103 [00:00<00:00, 9324.90it/s]
[Image Processor] Embedding model ready.
[Image Processor] Loading image manifests from eu_legislation/batch_0172/image_store
[Image Processor] Eligible image assets loaded: 0
[Image Processor] Starting visual descriptions | images=0 | max_concurrency=64 | target_rps=30
[Image Processor] No eligible images found.
[Image Processor] Writing image artifacts | records=0 | destination=eu_legislation/batch_0172/image_index
[Image Processor] Artifacts complete | indexed=0 | errors=0
{'records': 0, 'indexed': 0, 'errors': 0, 'destination': 'eu_legislation/batch_0172/image_index'}
[Image Processor] NIM endpoint: http://127.0.0.1:8000/v1
[Image Processor] Vision model: nvidia/nemotron-3-nano-omni-30b-a3b-reasoning
[Image Processor] Concurrency=64 | target_rps=30
[Image Processor] Loading embedding model: all-MiniLM-L6-v2
Warning: You are sending unauthenticated requests to the HF Hub. Please set a HF_TOKEN to enable higher rate limits and faster downloads.
Loading weights:   0%|          | 0/103 [00:00<?, ?it/s]Loading weights: 100%|██████████| 103/103 [00:00<00:00, 9231.65it/s]
[Image Processor] Embedding model ready.
[Image Processor] Loading image manifests from eu_legislation/batch_0173/image_store
[Image Processor] Eligible image assets loaded: 2
[Image Processor] Starting visual descriptions | images=2 | max_concurrency=64 | target_rps=30
[Image Processor] Progress 1/2 (50.0%) | success=1 error=0 | avg=0.34 images/s | elapsed=0.0 min
[Image Processor] Progress 2/2 (100.0%) | success=2 error=0 | avg=0.64 images/s | elapsed=0.1 min
[Image Processor] Visual descriptions complete | images=2 | success=2 error=0 | avg=0.64 images/s | elapsed=0.1 min
[Image Processor] Writing image artifacts | records=2 | destination=eu_legislation/batch_0173/image_index
[Image Processor] Embedding 2 successful descriptions with all-MiniLM-L6-v2...
[Image Processor] FAISS index written | vectors=2 | dimension=384
[Image Processor] Artifacts complete | indexed=2 | errors=0
{'records': 2, 'indexed': 2, 'errors': 0, 'destination': 'eu_legislation/batch_0173/image_index'}
[Image Processor] NIM endpoint: http://127.0.0.1:8000/v1
[Image Processor] Vision model: nvidia/nemotron-3-nano-omni-30b-a3b-reasoning
[Image Processor] Concurrency=64 | target_rps=30
[Image Processor] Loading embedding model: all-MiniLM-L6-v2
Warning: You are sending unauthenticated requests to the HF Hub. Please set a HF_TOKEN to enable higher rate limits and faster downloads.
Loading weights:   0%|          | 0/103 [00:00<?, ?it/s]Loading weights: 100%|██████████| 103/103 [00:00<00:00, 9542.19it/s]
[Image Processor] Embedding model ready.
[Image Processor] Loading image manifests from eu_legislation/batch_0174/image_store
[Image Processor] Eligible image assets loaded: 0
[Image Processor] Starting visual descriptions | images=0 | max_concurrency=64 | target_rps=30
[Image Processor] No eligible images found.
[Image Processor] Writing image artifacts | records=0 | destination=eu_legislation/batch_0174/image_index
[Image Processor] Artifacts complete | indexed=0 | errors=0
{'records': 0, 'indexed': 0, 'errors': 0, 'destination': 'eu_legislation/batch_0174/image_index'}
[Image Processor] NIM endpoint: http://127.0.0.1:8000/v1
[Image Processor] Vision model: nvidia/nemotron-3-nano-omni-30b-a3b-reasoning
[Image Processor] Concurrency=64 | target_rps=30
[Image Processor] Loading embedding model: all-MiniLM-L6-v2
Warning: You are sending unauthenticated requests to the HF Hub. Please set a HF_TOKEN to enable higher rate limits and faster downloads.
Loading weights:   0%|          | 0/103 [00:00<?, ?it/s]Loading weights: 100%|██████████| 103/103 [00:00<00:00, 10974.28it/s]
[Image Processor] Embedding model ready.
[Image Processor] Loading image manifests from eu_legislation/batch_0175/image_store
[Image Processor] Eligible image assets loaded: 4
[Image Processor] Starting visual descriptions | images=4 | max_concurrency=64 | target_rps=30
[Image Processor] Progress 1/4 (25.0%) | success=1 error=0 | avg=0.77 images/s | elapsed=0.0 min
[Image Processor] Progress 2/4 (50.0%) | success=2 error=0 | avg=1.30 images/s | elapsed=0.0 min
[Image Processor] Progress 3/4 (75.0%) | success=3 error=0 | avg=1.71 images/s | elapsed=0.0 min
[Image Processor] Progress 4/4 (100.0%) | success=4 error=0 | avg=2.03 images/s | elapsed=0.0 min
[Image Processor] Visual descriptions complete | images=4 | success=4 error=0 | avg=2.03 images/s | elapsed=0.0 min
[Image Processor] Writing image artifacts | records=4 | destination=eu_legislation/batch_0175/image_index
[Image Processor] Embedding 4 successful descriptions with all-MiniLM-L6-v2...
[Image Processor] FAISS index written | vectors=4 | dimension=384
[Image Processor] Artifacts complete | indexed=4 | errors=0
{'records': 4, 'indexed': 4, 'errors': 0, 'destination': 'eu_legislation/batch_0175/image_index'}
[Image Processor] NIM endpoint: http://127.0.0.1:8000/v1
[Image Processor] Vision model: nvidia/nemotron-3-nano-omni-30b-a3b-reasoning
[Image Processor] Concurrency=64 | target_rps=30
[Image Processor] Loading embedding model: all-MiniLM-L6-v2
Warning: You are sending unauthenticated requests to the HF Hub. Please set a HF_TOKEN to enable higher rate limits and faster downloads.
Loading weights:   0%|          | 0/103 [00:00<?, ?it/s]Loading weights: 100%|██████████| 103/103 [00:00<00:00, 9405.91it/s]
[Image Processor] Embedding model ready.
[Image Processor] Loading image manifests from eu_legislation/batch_0176/image_store
[Image Processor] Eligible image assets loaded: 5
[Image Processor] Starting visual descriptions | images=5 | max_concurrency=64 | target_rps=30
[Image Processor] Progress 1/5 (20.0%) | success=1 error=0 | avg=0.89 images/s | elapsed=0.0 min
[Image Processor] Progress 2/5 (40.0%) | success=2 error=0 | avg=1.48 images/s | elapsed=0.0 min
[Image Processor] Progress 3/5 (60.0%) | success=3 error=0 | avg=2.04 images/s | elapsed=0.0 min
[Image Processor] Progress 4/5 (80.0%) | success=4 error=0 | avg=2.47 images/s | elapsed=0.0 min
[Image Processor] Progress 5/5 (100.0%) | success=5 error=0 | avg=2.73 images/s | elapsed=0.0 min
[Image Processor] Visual descriptions complete | images=5 | success=5 error=0 | avg=2.73 images/s | elapsed=0.0 min
[Image Processor] Writing image artifacts | records=5 | destination=eu_legislation/batch_0176/image_index
[Image Processor] Embedding 5 successful descriptions with all-MiniLM-L6-v2...
[Image Processor] FAISS index written | vectors=5 | dimension=384
[Image Processor] Artifacts complete | indexed=5 | errors=0
{'records': 5, 'indexed': 5, 'errors': 0, 'destination': 'eu_legislation/batch_0176/image_index'}
[Image Processor] NIM endpoint: http://127.0.0.1:8000/v1
[Image Processor] Vision model: nvidia/nemotron-3-nano-omni-30b-a3b-reasoning
[Image Processor] Concurrency=64 | target_rps=30
[Image Processor] Loading embedding model: all-MiniLM-L6-v2
Warning: You are sending unauthenticated requests to the HF Hub. Please set a HF_TOKEN to enable higher rate limits and faster downloads.
Loading weights:   0%|          | 0/103 [00:00<?, ?it/s]Loading weights: 100%|██████████| 103/103 [00:00<00:00, 9265.50it/s]
[Image Processor] Embedding model ready.
[Image Processor] Loading image manifests from eu_legislation/batch_0177/image_store
[Image Processor] Eligible image assets loaded: 5
[Image Processor] Starting visual descriptions | images=5 | max_concurrency=64 | target_rps=30
[Image Processor] Progress 1/5 (20.0%) | success=1 error=0 | avg=0.97 images/s | elapsed=0.0 min
[Image Processor] Progress 2/5 (40.0%) | success=2 error=0 | avg=1.56 images/s | elapsed=0.0 min
[Image Processor] Progress 3/5 (60.0%) | success=3 error=0 | avg=2.10 images/s | elapsed=0.0 min
[Image Processor] Progress 4/5 (80.0%) | success=4 error=0 | avg=2.68 images/s | elapsed=0.0 min
[Image Processor] Progress 5/5 (100.0%) | success=5 error=0 | avg=2.93 images/s | elapsed=0.0 min
[Image Processor] Visual descriptions complete | images=5 | success=5 error=0 | avg=2.93 images/s | elapsed=0.0 min
[Image Processor] Writing image artifacts | records=5 | destination=eu_legislation/batch_0177/image_index
[Image Processor] Embedding 5 successful descriptions with all-MiniLM-L6-v2...
[Image Processor] FAISS index written | vectors=5 | dimension=384
[Image Processor] Artifacts complete | indexed=5 | errors=0
{'records': 5, 'indexed': 5, 'errors': 0, 'destination': 'eu_legislation/batch_0177/image_index'}
[Image Processor] NIM endpoint: http://127.0.0.1:8000/v1
[Image Processor] Vision model: nvidia/nemotron-3-nano-omni-30b-a3b-reasoning
[Image Processor] Concurrency=64 | target_rps=30
[Image Processor] Loading embedding model: all-MiniLM-L6-v2
Warning: You are sending unauthenticated requests to the HF Hub. Please set a HF_TOKEN to enable higher rate limits and faster downloads.
Loading weights:   0%|          | 0/103 [00:00<?, ?it/s]Loading weights: 100%|██████████| 103/103 [00:00<00:00, 9342.44it/s]
[Image Processor] Embedding model ready.
[Image Processor] Loading image manifests from eu_legislation/batch_0178/image_store
[Image Processor] Eligible image assets loaded: 7
[Image Processor] Starting visual descriptions | images=7 | max_concurrency=64 | target_rps=30
[Image Processor] Progress 1/7 (14.3%) | success=1 error=0 | avg=0.62 images/s | elapsed=0.0 min
[Image Processor] Progress 2/7 (28.6%) | success=2 error=0 | avg=1.07 images/s | elapsed=0.0 min
[Image Processor] Progress 3/7 (42.9%) | success=3 error=0 | avg=1.61 images/s | elapsed=0.0 min
[Image Processor] Progress 4/7 (57.1%) | success=4 error=0 | avg=2.07 images/s | elapsed=0.0 min
[Image Processor] Progress 5/7 (71.4%) | success=5 error=0 | avg=2.55 images/s | elapsed=0.0 min
[Image Processor] Progress 6/7 (85.7%) | success=6 error=0 | avg=2.91 images/s | elapsed=0.0 min
[Image Processor] Progress 7/7 (100.0%) | success=7 error=0 | avg=3.37 images/s | elapsed=0.0 min
[Image Processor] Visual descriptions complete | images=7 | success=7 error=0 | avg=3.37 images/s | elapsed=0.0 min
[Image Processor] Writing image artifacts | records=7 | destination=eu_legislation/batch_0178/image_index
[Image Processor] Embedding 7 successful descriptions with all-MiniLM-L6-v2...
[Image Processor] FAISS index written | vectors=7 | dimension=384
[Image Processor] Artifacts complete | indexed=7 | errors=0
{'records': 7, 'indexed': 7, 'errors': 0, 'destination': 'eu_legislation/batch_0178/image_index'}
[Image Processor] NIM endpoint: http://127.0.0.1:8000/v1
[Image Processor] Vision model: nvidia/nemotron-3-nano-omni-30b-a3b-reasoning
[Image Processor] Concurrency=64 | target_rps=30
[Image Processor] Loading embedding model: all-MiniLM-L6-v2
Warning: You are sending unauthenticated requests to the HF Hub. Please set a HF_TOKEN to enable higher rate limits and faster downloads.
Loading weights:   0%|          | 0/103 [00:00<?, ?it/s]Loading weights: 100%|██████████| 103/103 [00:00<00:00, 9555.49it/s]
[Image Processor] Embedding model ready.
[Image Processor] Loading image manifests from eu_legislation/batch_0179/image_store
[Image Processor] Eligible image assets loaded: 9
[Image Processor] Starting visual descriptions | images=9 | max_concurrency=64 | target_rps=30
[Image Processor] Progress 1/9 (11.1%) | success=1 error=0 | avg=0.75 images/s | elapsed=0.0 min
[Image Processor] Progress 2/9 (22.2%) | success=2 error=0 | avg=1.15 images/s | elapsed=0.0 min
[Image Processor] Progress 3/9 (33.3%) | success=3 error=0 | avg=1.33 images/s | elapsed=0.0 min
[Image Processor] Progress 4/9 (44.4%) | success=4 error=0 | avg=1.59 images/s | elapsed=0.0 min
[Image Processor] Progress 5/9 (55.6%) | success=5 error=0 | avg=1.88 images/s | elapsed=0.0 min
[Image Processor] Progress 6/9 (66.7%) | success=6 error=0 | avg=2.25 images/s | elapsed=0.0 min
[Image Processor] Progress 7/9 (77.8%) | success=7 error=0 | avg=2.61 images/s | elapsed=0.0 min
[Image Processor] Progress 8/9 (88.9%) | success=8 error=0 | avg=2.93 images/s | elapsed=0.0 min
[Image Processor] Progress 9/9 (100.0%) | success=9 error=0 | avg=3.06 images/s | elapsed=0.0 min
[Image Processor] Visual descriptions complete | images=9 | success=9 error=0 | avg=3.06 images/s | elapsed=0.0 min
[Image Processor] Writing image artifacts | records=9 | destination=eu_legislation/batch_0179/image_index
[Image Processor] Embedding 9 successful descriptions with all-MiniLM-L6-v2...
[Image Processor] FAISS index written | vectors=9 | dimension=384
[Image Processor] Artifacts complete | indexed=9 | errors=0
{'records': 9, 'indexed': 9, 'errors': 0, 'destination': 'eu_legislation/batch_0179/image_index'}
[Image Processor] NIM endpoint: http://127.0.0.1:8000/v1
[Image Processor] Vision model: nvidia/nemotron-3-nano-omni-30b-a3b-reasoning
[Image Processor] Concurrency=64 | target_rps=30
[Image Processor] Loading embedding model: all-MiniLM-L6-v2
Warning: You are sending unauthenticated requests to the HF Hub. Please set a HF_TOKEN to enable higher rate limits and faster downloads.
Loading weights:   0%|          | 0/103 [00:00<?, ?it/s]Loading weights: 100%|██████████| 103/103 [00:00<00:00, 9098.27it/s]
[Image Processor] Embedding model ready.
[Image Processor] Loading image manifests from eu_legislation/batch_0180/image_store
[Image Processor] Eligible image assets loaded: 0
[Image Processor] Starting visual descriptions | images=0 | max_concurrency=64 | target_rps=30
[Image Processor] No eligible images found.
[Image Processor] Writing image artifacts | records=0 | destination=eu_legislation/batch_0180/image_index
[Image Processor] Artifacts complete | indexed=0 | errors=0
{'records': 0, 'indexed': 0, 'errors': 0, 'destination': 'eu_legislation/batch_0180/image_index'}
[Image Processor] NIM endpoint: http://127.0.0.1:8000/v1
[Image Processor] Vision model: nvidia/nemotron-3-nano-omni-30b-a3b-reasoning
[Image Processor] Concurrency=64 | target_rps=30
[Image Processor] Loading embedding model: all-MiniLM-L6-v2
Warning: You are sending unauthenticated requests to the HF Hub. Please set a HF_TOKEN to enable higher rate limits and faster downloads.
Loading weights:   0%|          | 0/103 [00:00<?, ?it/s]Loading weights: 100%|██████████| 103/103 [00:00<00:00, 9384.25it/s]
[Image Processor] Embedding model ready.
[Image Processor] Loading image manifests from eu_legislation/batch_0181/image_store
[Image Processor] Eligible image assets loaded: 1
[Image Processor] Starting visual descriptions | images=1 | max_concurrency=64 | target_rps=30
[Image Processor] Progress 1/1 (100.0%) | success=1 error=0 | avg=1.01 images/s | elapsed=0.0 min
[Image Processor] Visual descriptions complete | images=1 | success=1 error=0 | avg=1.01 images/s | elapsed=0.0 min
[Image Processor] Writing image artifacts | records=1 | destination=eu_legislation/batch_0181/image_index
[Image Processor] Embedding 1 successful descriptions with all-MiniLM-L6-v2...
[Image Processor] FAISS index written | vectors=1 | dimension=384
[Image Processor] Artifacts complete | indexed=1 | errors=0
{'records': 1, 'indexed': 1, 'errors': 0, 'destination': 'eu_legislation/batch_0181/image_index'}
[Image Processor] NIM endpoint: http://127.0.0.1:8000/v1
[Image Processor] Vision model: nvidia/nemotron-3-nano-omni-30b-a3b-reasoning
[Image Processor] Concurrency=64 | target_rps=30
[Image Processor] Loading embedding model: all-MiniLM-L6-v2
Warning: You are sending unauthenticated requests to the HF Hub. Please set a HF_TOKEN to enable higher rate limits and faster downloads.
Loading weights:   0%|          | 0/103 [00:00<?, ?it/s]Loading weights: 100%|██████████| 103/103 [00:00<00:00, 9827.19it/s]
[Image Processor] Embedding model ready.
[Image Processor] Loading image manifests from eu_legislation/batch_0182/image_store
[Image Processor] Eligible image assets loaded: 0
[Image Processor] Starting visual descriptions | images=0 | max_concurrency=64 | target_rps=30
[Image Processor] No eligible images found.
[Image Processor] Writing image artifacts | records=0 | destination=eu_legislation/batch_0182/image_index
[Image Processor] Artifacts complete | indexed=0 | errors=0
{'records': 0, 'indexed': 0, 'errors': 0, 'destination': 'eu_legislation/batch_0182/image_index'}
[Image Processor] NIM endpoint: http://127.0.0.1:8000/v1
[Image Processor] Vision model: nvidia/nemotron-3-nano-omni-30b-a3b-reasoning
[Image Processor] Concurrency=64 | target_rps=30
[Image Processor] Loading embedding model: all-MiniLM-L6-v2
Warning: You are sending unauthenticated requests to the HF Hub. Please set a HF_TOKEN to enable higher rate limits and faster downloads.
Loading weights:   0%|          | 0/103 [00:00<?, ?it/s]Loading weights: 100%|██████████| 103/103 [00:00<00:00, 8872.73it/s]
[Image Processor] Embedding model ready.
[Image Processor] Loading image manifests from eu_legislation/batch_0183/image_store
[Image Processor] Eligible image assets loaded: 0
[Image Processor] Starting visual descriptions | images=0 | max_concurrency=64 | target_rps=30
[Image Processor] No eligible images found.
[Image Processor] Writing image artifacts | records=0 | destination=eu_legislation/batch_0183/image_index
[Image Processor] Artifacts complete | indexed=0 | errors=0
{'records': 0, 'indexed': 0, 'errors': 0, 'destination': 'eu_legislation/batch_0183/image_index'}
[Image Processor] NIM endpoint: http://127.0.0.1:8000/v1
[Image Processor] Vision model: nvidia/nemotron-3-nano-omni-30b-a3b-reasoning
[Image Processor] Concurrency=64 | target_rps=30
[Image Processor] Loading embedding model: all-MiniLM-L6-v2
Warning: You are sending unauthenticated requests to the HF Hub. Please set a HF_TOKEN to enable higher rate limits and faster downloads.
Loading weights:   0%|          | 0/103 [00:00<?, ?it/s]Loading weights: 100%|██████████| 103/103 [00:00<00:00, 9655.65it/s]
[Image Processor] Embedding model ready.
[Image Processor] Loading image manifests from eu_legislation/batch_0184/image_store
[Image Processor] Eligible image assets loaded: 0
[Image Processor] Starting visual descriptions | images=0 | max_concurrency=64 | target_rps=30
[Image Processor] No eligible images found.
[Image Processor] Writing image artifacts | records=0 | destination=eu_legislation/batch_0184/image_index
[Image Processor] Artifacts complete | indexed=0 | errors=0
{'records': 0, 'indexed': 0, 'errors': 0, 'destination': 'eu_legislation/batch_0184/image_index'}
[Image Processor] NIM endpoint: http://127.0.0.1:8000/v1
[Image Processor] Vision model: nvidia/nemotron-3-nano-omni-30b-a3b-reasoning
[Image Processor] Concurrency=64 | target_rps=30
[Image Processor] Loading embedding model: all-MiniLM-L6-v2
Warning: You are sending unauthenticated requests to the HF Hub. Please set a HF_TOKEN to enable higher rate limits and faster downloads.
Loading weights:   0%|          | 0/103 [00:00<?, ?it/s]Loading weights: 100%|██████████| 103/103 [00:00<00:00, 9802.00it/s]
[Image Processor] Embedding model ready.
[Image Processor] Loading image manifests from eu_legislation/batch_0185/image_store
[Image Processor] Eligible image assets loaded: 1
[Image Processor] Starting visual descriptions | images=1 | max_concurrency=64 | target_rps=30
[Image Processor] Progress 1/1 (100.0%) | success=1 error=0 | avg=0.84 images/s | elapsed=0.0 min
[Image Processor] Visual descriptions complete | images=1 | success=1 error=0 | avg=0.84 images/s | elapsed=0.0 min
[Image Processor] Writing image artifacts | records=1 | destination=eu_legislation/batch_0185/image_index
[Image Processor] Embedding 1 successful descriptions with all-MiniLM-L6-v2...
[Image Processor] FAISS index written | vectors=1 | dimension=384
[Image Processor] Artifacts complete | indexed=1 | errors=0
{'records': 1, 'indexed': 1, 'errors': 0, 'destination': 'eu_legislation/batch_0185/image_index'}
[Image Processor] NIM endpoint: http://127.0.0.1:8000/v1
[Image Processor] Vision model: nvidia/nemotron-3-nano-omni-30b-a3b-reasoning
[Image Processor] Concurrency=64 | target_rps=30
[Image Processor] Loading embedding model: all-MiniLM-L6-v2
Warning: You are sending unauthenticated requests to the HF Hub. Please set a HF_TOKEN to enable higher rate limits and faster downloads.
Loading weights:   0%|          | 0/103 [00:00<?, ?it/s]Loading weights: 100%|██████████| 103/103 [00:00<00:00, 9114.97it/s]
[Image Processor] Embedding model ready.
[Image Processor] Loading image manifests from eu_legislation/batch_0186/image_store
[Image Processor] Eligible image assets loaded: 1
[Image Processor] Starting visual descriptions | images=1 | max_concurrency=64 | target_rps=30
[Image Processor] Progress 1/1 (100.0%) | success=1 error=0 | avg=0.70 images/s | elapsed=0.0 min
[Image Processor] Visual descriptions complete | images=1 | success=1 error=0 | avg=0.70 images/s | elapsed=0.0 min
[Image Processor] Writing image artifacts | records=1 | destination=eu_legislation/batch_0186/image_index
[Image Processor] Embedding 1 successful descriptions with all-MiniLM-L6-v2...
[Image Processor] FAISS index written | vectors=1 | dimension=384
[Image Processor] Artifacts complete | indexed=1 | errors=0
{'records': 1, 'indexed': 1, 'errors': 0, 'destination': 'eu_legislation/batch_0186/image_index'}
[Image Processor] NIM endpoint: http://127.0.0.1:8000/v1
[Image Processor] Vision model: nvidia/nemotron-3-nano-omni-30b-a3b-reasoning
[Image Processor] Concurrency=64 | target_rps=30
[Image Processor] Loading embedding model: all-MiniLM-L6-v2
Warning: You are sending unauthenticated requests to the HF Hub. Please set a HF_TOKEN to enable higher rate limits and faster downloads.
Loading weights:   0%|          | 0/103 [00:00<?, ?it/s]Loading weights: 100%|██████████| 103/103 [00:00<00:00, 8928.85it/s]
[Image Processor] Embedding model ready.
[Image Processor] Loading image manifests from eu_legislation/batch_0187/image_store
[Image Processor] Eligible image assets loaded: 1
[Image Processor] Starting visual descriptions | images=1 | max_concurrency=64 | target_rps=30
[Image Processor] Progress 1/1 (100.0%) | success=1 error=0 | avg=0.80 images/s | elapsed=0.0 min
[Image Processor] Visual descriptions complete | images=1 | success=1 error=0 | avg=0.80 images/s | elapsed=0.0 min
[Image Processor] Writing image artifacts | records=1 | destination=eu_legislation/batch_0187/image_index
[Image Processor] Embedding 1 successful descriptions with all-MiniLM-L6-v2...
[Image Processor] FAISS index written | vectors=1 | dimension=384
[Image Processor] Artifacts complete | indexed=1 | errors=0
{'records': 1, 'indexed': 1, 'errors': 0, 'destination': 'eu_legislation/batch_0187/image_index'}
[Image Processor] NIM endpoint: http://127.0.0.1:8000/v1
[Image Processor] Vision model: nvidia/nemotron-3-nano-omni-30b-a3b-reasoning
[Image Processor] Concurrency=64 | target_rps=30
[Image Processor] Loading embedding model: all-MiniLM-L6-v2
Warning: You are sending unauthenticated requests to the HF Hub. Please set a HF_TOKEN to enable higher rate limits and faster downloads.
Loading weights:   0%|          | 0/103 [00:00<?, ?it/s]Loading weights: 100%|██████████| 103/103 [00:00<00:00, 9068.86it/s]
[Image Processor] Embedding model ready.
[Image Processor] Loading image manifests from eu_legislation/batch_0188/image_store
[Image Processor] Eligible image assets loaded: 1
[Image Processor] Starting visual descriptions | images=1 | max_concurrency=64 | target_rps=30
[Image Processor] Progress 1/1 (100.0%) | success=1 error=0 | avg=1.00 images/s | elapsed=0.0 min
[Image Processor] Visual descriptions complete | images=1 | success=1 error=0 | avg=1.00 images/s | elapsed=0.0 min
[Image Processor] Writing image artifacts | records=1 | destination=eu_legislation/batch_0188/image_index
[Image Processor] Embedding 1 successful descriptions with all-MiniLM-L6-v2...
[Image Processor] FAISS index written | vectors=1 | dimension=384
[Image Processor] Artifacts complete | indexed=1 | errors=0
{'records': 1, 'indexed': 1, 'errors': 0, 'destination': 'eu_legislation/batch_0188/image_index'}
[Image Processor] NIM endpoint: http://127.0.0.1:8000/v1
[Image Processor] Vision model: nvidia/nemotron-3-nano-omni-30b-a3b-reasoning
[Image Processor] Concurrency=64 | target_rps=30
[Image Processor] Loading embedding model: all-MiniLM-L6-v2
Warning: You are sending unauthenticated requests to the HF Hub. Please set a HF_TOKEN to enable higher rate limits and faster downloads.
Loading weights:   0%|          | 0/103 [00:00<?, ?it/s]Loading weights: 100%|██████████| 103/103 [00:00<00:00, 10035.62it/s]
[Image Processor] Embedding model ready.
[Image Processor] Loading image manifests from eu_legislation/batch_0189/image_store
[Image Processor] Eligible image assets loaded: 8
[Image Processor] Starting visual descriptions | images=8 | max_concurrency=64 | target_rps=30
[Image Processor] Progress 1/8 (12.5%) | success=1 error=0 | avg=0.80 images/s | elapsed=0.0 min
[Image Processor] Progress 2/8 (25.0%) | success=2 error=0 | avg=1.33 images/s | elapsed=0.0 min
[Image Processor] Progress 3/8 (37.5%) | success=3 error=0 | avg=0.51 images/s | elapsed=0.1 min
[Image Processor] Progress 4/8 (50.0%) | success=4 error=0 | avg=0.60 images/s | elapsed=0.1 min
[Image Processor] Progress 5/8 (62.5%) | success=5 error=0 | avg=0.67 images/s | elapsed=0.1 min
[Image Processor] Progress 6/8 (75.0%) | success=6 error=0 | avg=0.72 images/s | elapsed=0.1 min
[Image Processor] Progress 7/8 (87.5%) | success=7 error=0 | avg=0.10 images/s | elapsed=1.2 min
[Image Processor] ERROR 8/8 | L_1993148EN.01000101_image_001.jpeg | ValueError('Image model did not return parseable JSON. Raw output preview: \'{   "description": "A black and white scanned document titled \\\'Standard document to be used pursuant to Council Regulation (EEC) No 1493/93\\\'. It is a form with a \\\'Notice\\\' section at the top containing four bullet points regarding the completion and submission of the form by the consignee and competent authority. The form is divided into five numbered sections: 1) Declaration concerning shipment type (one or several), 2) Destination of the source(s) with fields for consignee details, 3) Holder of\'')
[Image Processor] Progress 8/8 (100.0%) | success=7 error=1 | avg=0.04 images/s | elapsed=3.2 min
[Image Processor] Visual descriptions complete | images=8 | success=7 error=1 | avg=0.04 images/s | elapsed=3.2 min
[Image Processor] Writing image artifacts | records=8 | destination=eu_legislation/batch_0189/image_index
[Image Processor] Embedding 7 successful descriptions with all-MiniLM-L6-v2...
[Image Processor] FAISS index written | vectors=7 | dimension=384
[Image Processor] Artifacts complete | indexed=7 | errors=1
{'records': 8, 'indexed': 7, 'errors': 1, 'destination': 'eu_legislation/batch_0189/image_index'}
[Image Processor] NIM endpoint: http://127.0.0.1:8000/v1
[Image Processor] Vision model: nvidia/nemotron-3-nano-omni-30b-a3b-reasoning
[Image Processor] Concurrency=64 | target_rps=30
[Image Processor] Loading embedding model: all-MiniLM-L6-v2
Warning: You are sending unauthenticated requests to the HF Hub. Please set a HF_TOKEN to enable higher rate limits and faster downloads.
Loading weights:   0%|          | 0/103 [00:00<?, ?it/s]Loading weights: 100%|██████████| 103/103 [00:00<00:00, 9964.33it/s]
[Image Processor] Embedding model ready.
[Image Processor] Loading image manifests from eu_legislation/batch_0190/image_store
[Image Processor] Eligible image assets loaded: 2
[Image Processor] Starting visual descriptions | images=2 | max_concurrency=64 | target_rps=30
[Image Processor] Progress 1/2 (50.0%) | success=1 error=0 | avg=0.93 images/s | elapsed=0.0 min
[Image Processor] Progress 2/2 (100.0%) | success=2 error=0 | avg=1.51 images/s | elapsed=0.0 min
[Image Processor] Visual descriptions complete | images=2 | success=2 error=0 | avg=1.51 images/s | elapsed=0.0 min
[Image Processor] Writing image artifacts | records=2 | destination=eu_legislation/batch_0190/image_index
[Image Processor] Embedding 2 successful descriptions with all-MiniLM-L6-v2...
[Image Processor] FAISS index written | vectors=2 | dimension=384
[Image Processor] Artifacts complete | indexed=2 | errors=0
{'records': 2, 'indexed': 2, 'errors': 0, 'destination': 'eu_legislation/batch_0190/image_index'}
[Image Processor] NIM endpoint: http://127.0.0.1:8000/v1
[Image Processor] Vision model: nvidia/nemotron-3-nano-omni-30b-a3b-reasoning
[Image Processor] Concurrency=64 | target_rps=30
[Image Processor] Loading embedding model: all-MiniLM-L6-v2
Warning: You are sending unauthenticated requests to the HF Hub. Please set a HF_TOKEN to enable higher rate limits and faster downloads.
Loading weights:   0%|          | 0/103 [00:00<?, ?it/s]Loading weights: 100%|██████████| 103/103 [00:00<00:00, 9108.44it/s]
[Image Processor] Embedding model ready.
[Image Processor] Loading image manifests from eu_legislation/batch_0191/image_store
[Image Processor] Eligible image assets loaded: 1
[Image Processor] Starting visual descriptions | images=1 | max_concurrency=64 | target_rps=30
[Image Processor] Progress 1/1 (100.0%) | success=1 error=0 | avg=1.07 images/s | elapsed=0.0 min
[Image Processor] Visual descriptions complete | images=1 | success=1 error=0 | avg=1.07 images/s | elapsed=0.0 min
[Image Processor] Writing image artifacts | records=1 | destination=eu_legislation/batch_0191/image_index
[Image Processor] Embedding 1 successful descriptions with all-MiniLM-L6-v2...
[Image Processor] FAISS index written | vectors=1 | dimension=384
[Image Processor] Artifacts complete | indexed=1 | errors=0
{'records': 1, 'indexed': 1, 'errors': 0, 'destination': 'eu_legislation/batch_0191/image_index'}
[Image Processor] NIM endpoint: http://127.0.0.1:8000/v1
[Image Processor] Vision model: nvidia/nemotron-3-nano-omni-30b-a3b-reasoning
[Image Processor] Concurrency=64 | target_rps=30
[Image Processor] Loading embedding model: all-MiniLM-L6-v2
Warning: You are sending unauthenticated requests to the HF Hub. Please set a HF_TOKEN to enable higher rate limits and faster downloads.
Loading weights:   0%|          | 0/103 [00:00<?, ?it/s]Loading weights: 100%|██████████| 103/103 [00:00<00:00, 10094.71it/s]
[Image Processor] Embedding model ready.
[Image Processor] Loading image manifests from eu_legislation/batch_0192/image_store
[Image Processor] Eligible image assets loaded: 1
[Image Processor] Starting visual descriptions | images=1 | max_concurrency=64 | target_rps=30
[Image Processor] Progress 1/1 (100.0%) | success=1 error=0 | avg=0.49 images/s | elapsed=0.0 min
[Image Processor] Visual descriptions complete | images=1 | success=1 error=0 | avg=0.49 images/s | elapsed=0.0 min
[Image Processor] Writing image artifacts | records=1 | destination=eu_legislation/batch_0192/image_index
[Image Processor] Embedding 1 successful descriptions with all-MiniLM-L6-v2...
[Image Processor] FAISS index written | vectors=1 | dimension=384
[Image Processor] Artifacts complete | indexed=1 | errors=0
{'records': 1, 'indexed': 1, 'errors': 0, 'destination': 'eu_legislation/batch_0192/image_index'}
[Image Processor] NIM endpoint: http://127.0.0.1:8000/v1
[Image Processor] Vision model: nvidia/nemotron-3-nano-omni-30b-a3b-reasoning
[Image Processor] Concurrency=64 | target_rps=30
[Image Processor] Loading embedding model: all-MiniLM-L6-v2
Warning: You are sending unauthenticated requests to the HF Hub. Please set a HF_TOKEN to enable higher rate limits and faster downloads.
Loading weights:   0%|          | 0/103 [00:00<?, ?it/s]Loading weights: 100%|██████████| 103/103 [00:00<00:00, 10531.77it/s]
[Image Processor] Embedding model ready.
[Image Processor] Loading image manifests from eu_legislation/batch_0193/image_store
[Image Processor] Eligible image assets loaded: 1
[Image Processor] Starting visual descriptions | images=1 | max_concurrency=64 | target_rps=30
[Image Processor] Progress 1/1 (100.0%) | success=1 error=0 | avg=0.41 images/s | elapsed=0.0 min
[Image Processor] Visual descriptions complete | images=1 | success=1 error=0 | avg=0.41 images/s | elapsed=0.0 min
[Image Processor] Writing image artifacts | records=1 | destination=eu_legislation/batch_0193/image_index
[Image Processor] Embedding 1 successful descriptions with all-MiniLM-L6-v2...
[Image Processor] FAISS index written | vectors=1 | dimension=384
[Image Processor] Artifacts complete | indexed=1 | errors=0
{'records': 1, 'indexed': 1, 'errors': 0, 'destination': 'eu_legislation/batch_0193/image_index'}
[Image Processor] NIM endpoint: http://127.0.0.1:8000/v1
[Image Processor] Vision model: nvidia/nemotron-3-nano-omni-30b-a3b-reasoning
[Image Processor] Concurrency=64 | target_rps=30
[Image Processor] Loading embedding model: all-MiniLM-L6-v2
Warning: You are sending unauthenticated requests to the HF Hub. Please set a HF_TOKEN to enable higher rate limits and faster downloads.
Loading weights:   0%|          | 0/103 [00:00<?, ?it/s]Loading weights: 100%|██████████| 103/103 [00:00<00:00, 9711.44it/s]
[Image Processor] Embedding model ready.
[Image Processor] Loading image manifests from eu_legislation/batch_0194/image_store
[Image Processor] Eligible image assets loaded: 37
[Image Processor] Starting visual descriptions | images=37 | max_concurrency=64 | target_rps=30
[Image Processor] Progress 1/37 (2.7%) | success=1 error=0 | avg=0.11 images/s | elapsed=0.2 min
[Image Processor] Progress 2/37 (5.4%) | success=2 error=0 | avg=0.18 images/s | elapsed=0.2 min
[Image Processor] Progress 3/37 (8.1%) | success=3 error=0 | avg=0.25 images/s | elapsed=0.2 min
[Image Processor] Progress 4/37 (10.8%) | success=4 error=0 | avg=0.32 images/s | elapsed=0.2 min
[Image Processor] Progress 5/37 (13.5%) | success=5 error=0 | avg=0.39 images/s | elapsed=0.2 min
[Image Processor] Progress 6/37 (16.2%) | success=6 error=0 | avg=0.46 images/s | elapsed=0.2 min
[Image Processor] Progress 7/37 (18.9%) | success=7 error=0 | avg=0.52 images/s | elapsed=0.2 min
[Image Processor] Progress 8/37 (21.6%) | success=8 error=0 | avg=0.59 images/s | elapsed=0.2 min
[Image Processor] Progress 9/37 (24.3%) | success=9 error=0 | avg=0.65 images/s | elapsed=0.2 min
[Image Processor] Progress 10/37 (27.0%) | success=10 error=0 | avg=0.71 images/s | elapsed=0.2 min
[Image Processor] Progress 25/37 (67.6%) | success=25 error=0 | avg=1.62 images/s | elapsed=0.3 min
[Image Processor] Progress 37/37 (100.0%) | success=37 error=0 | avg=2.11 images/s | elapsed=0.3 min
[Image Processor] Visual descriptions complete | images=37 | success=37 error=0 | avg=2.11 images/s | elapsed=0.3 min
[Image Processor] Writing image artifacts | records=37 | destination=eu_legislation/batch_0194/image_index
[Image Processor] Embedding 37 successful descriptions with all-MiniLM-L6-v2...
[Image Processor] FAISS index written | vectors=37 | dimension=384
[Image Processor] Artifacts complete | indexed=37 | errors=0
{'records': 37, 'indexed': 37, 'errors': 0, 'destination': 'eu_legislation/batch_0194/image_index'}
[Image Processor] NIM endpoint: http://127.0.0.1:8000/v1
[Image Processor] Vision model: nvidia/nemotron-3-nano-omni-30b-a3b-reasoning
[Image Processor] Concurrency=64 | target_rps=30
[Image Processor] Loading embedding model: all-MiniLM-L6-v2
Warning: You are sending unauthenticated requests to the HF Hub. Please set a HF_TOKEN to enable higher rate limits and faster downloads.
Loading weights:   0%|          | 0/103 [00:00<?, ?it/s]Loading weights: 100%|██████████| 103/103 [00:00<00:00, 10111.01it/s]
[Image Processor] Embedding model ready.
[Image Processor] Loading image manifests from eu_legislation/batch_0195/image_store
[Image Processor] Eligible image assets loaded: 1
[Image Processor] Starting visual descriptions | images=1 | max_concurrency=64 | target_rps=30
[Image Processor] Progress 1/1 (100.0%) | success=1 error=0 | avg=0.50 images/s | elapsed=0.0 min
[Image Processor] Visual descriptions complete | images=1 | success=1 error=0 | avg=0.50 images/s | elapsed=0.0 min
[Image Processor] Writing image artifacts | records=1 | destination=eu_legislation/batch_0195/image_index
[Image Processor] Embedding 1 successful descriptions with all-MiniLM-L6-v2...
[Image Processor] FAISS index written | vectors=1 | dimension=384
[Image Processor] Artifacts complete | indexed=1 | errors=0
{'records': 1, 'indexed': 1, 'errors': 0, 'destination': 'eu_legislation/batch_0195/image_index'}
[Image Processor] NIM endpoint: http://127.0.0.1:8000/v1
[Image Processor] Vision model: nvidia/nemotron-3-nano-omni-30b-a3b-reasoning
[Image Processor] Concurrency=64 | target_rps=30
[Image Processor] Loading embedding model: all-MiniLM-L6-v2
Warning: You are sending unauthenticated requests to the HF Hub. Please set a HF_TOKEN to enable higher rate limits and faster downloads.
Loading weights:   0%|          | 0/103 [00:00<?, ?it/s]Loading weights: 100%|██████████| 103/103 [00:00<00:00, 9794.89it/s]
[Image Processor] Embedding model ready.
[Image Processor] Loading image manifests from eu_legislation/batch_0196/image_store
[Image Processor] Eligible image assets loaded: 2
[Image Processor] Starting visual descriptions | images=2 | max_concurrency=64 | target_rps=30
[Image Processor] Progress 1/2 (50.0%) | success=1 error=0 | avg=0.59 images/s | elapsed=0.0 min
[Image Processor] Progress 2/2 (100.0%) | success=2 error=0 | avg=0.90 images/s | elapsed=0.0 min
[Image Processor] Visual descriptions complete | images=2 | success=2 error=0 | avg=0.90 images/s | elapsed=0.0 min
[Image Processor] Writing image artifacts | records=2 | destination=eu_legislation/batch_0196/image_index
[Image Processor] Embedding 2 successful descriptions with all-MiniLM-L6-v2...
[Image Processor] FAISS index written | vectors=2 | dimension=384
[Image Processor] Artifacts complete | indexed=2 | errors=0
{'records': 2, 'indexed': 2, 'errors': 0, 'destination': 'eu_legislation/batch_0196/image_index'}
[Image Processor] NIM endpoint: http://127.0.0.1:8000/v1
[Image Processor] Vision model: nvidia/nemotron-3-nano-omni-30b-a3b-reasoning
[Image Processor] Concurrency=64 | target_rps=30
[Image Processor] Loading embedding model: all-MiniLM-L6-v2
Warning: You are sending unauthenticated requests to the HF Hub. Please set a HF_TOKEN to enable higher rate limits and faster downloads.
Loading weights:   0%|          | 0/103 [00:00<?, ?it/s]Loading weights: 100%|██████████| 103/103 [00:00<00:00, 9992.67it/s]
[Image Processor] Embedding model ready.
[Image Processor] Loading image manifests from eu_legislation/batch_0197/image_store
[Image Processor] Eligible image assets loaded: 0
[Image Processor] Starting visual descriptions | images=0 | max_concurrency=64 | target_rps=30
[Image Processor] No eligible images found.
[Image Processor] Writing image artifacts | records=0 | destination=eu_legislation/batch_0197/image_index
[Image Processor] Artifacts complete | indexed=0 | errors=0
{'records': 0, 'indexed': 0, 'errors': 0, 'destination': 'eu_legislation/batch_0197/image_index'}
[Image Processor] NIM endpoint: http://127.0.0.1:8000/v1
[Image Processor] Vision model: nvidia/nemotron-3-nano-omni-30b-a3b-reasoning
[Image Processor] Concurrency=64 | target_rps=30
[Image Processor] Loading embedding model: all-MiniLM-L6-v2
Warning: You are sending unauthenticated requests to the HF Hub. Please set a HF_TOKEN to enable higher rate limits and faster downloads.
Loading weights:   0%|          | 0/103 [00:00<?, ?it/s]Loading weights: 100%|██████████| 103/103 [00:00<00:00, 10278.69it/s]
[Image Processor] Embedding model ready.
[Image Processor] Loading image manifests from eu_legislation/batch_0198/image_store
[Image Processor] Eligible image assets loaded: 0
[Image Processor] Starting visual descriptions | images=0 | max_concurrency=64 | target_rps=30
[Image Processor] No eligible images found.
[Image Processor] Writing image artifacts | records=0 | destination=eu_legislation/batch_0198/image_index
[Image Processor] Artifacts complete | indexed=0 | errors=0
{'records': 0, 'indexed': 0, 'errors': 0, 'destination': 'eu_legislation/batch_0198/image_index'}
[Image Processor] NIM endpoint: http://127.0.0.1:8000/v1
[Image Processor] Vision model: nvidia/nemotron-3-nano-omni-30b-a3b-reasoning
[Image Processor] Concurrency=64 | target_rps=30
[Image Processor] Loading embedding model: all-MiniLM-L6-v2
Warning: You are sending unauthenticated requests to the HF Hub. Please set a HF_TOKEN to enable higher rate limits and faster downloads.
Loading weights:   0%|          | 0/103 [00:00<?, ?it/s]Loading weights: 100%|██████████| 103/103 [00:00<00:00, 9423.14it/s]
[Image Processor] Embedding model ready.
[Image Processor] Loading image manifests from eu_legislation/batch_0199/image_store
[Image Processor] Eligible image assets loaded: 0
[Image Processor] Starting visual descriptions | images=0 | max_concurrency=64 | target_rps=30
[Image Processor] No eligible images found.
[Image Processor] Writing image artifacts | records=0 | destination=eu_legislation/batch_0199/image_index
[Image Processor] Artifacts complete | indexed=0 | errors=0
{'records': 0, 'indexed': 0, 'errors': 0, 'destination': 'eu_legislation/batch_0199/image_index'}
[Image Processor] NIM endpoint: http://127.0.0.1:8000/v1
[Image Processor] Vision model: nvidia/nemotron-3-nano-omni-30b-a3b-reasoning
[Image Processor] Concurrency=64 | target_rps=30
[Image Processor] Loading embedding model: all-MiniLM-L6-v2
Warning: You are sending unauthenticated requests to the HF Hub. Please set a HF_TOKEN to enable higher rate limits and faster downloads.
Loading weights:   0%|          | 0/103 [00:00<?, ?it/s]Loading weights: 100%|██████████| 103/103 [00:00<00:00, 9929.51it/s]
[Image Processor] Embedding model ready.
[Image Processor] Loading image manifests from eu_legislation/batch_0200/image_store
[Image Processor] Eligible image assets loaded: 0
[Image Processor] Starting visual descriptions | images=0 | max_concurrency=64 | target_rps=30
[Image Processor] No eligible images found.
[Image Processor] Writing image artifacts | records=0 | destination=eu_legislation/batch_0200/image_index
[Image Processor] Artifacts complete | indexed=0 | errors=0
{'records': 0, 'indexed': 0, 'errors': 0, 'destination': 'eu_legislation/batch_0200/image_index'}
[Image Processor] NIM endpoint: http://127.0.0.1:8000/v1
[Image Processor] Vision model: nvidia/nemotron-3-nano-omni-30b-a3b-reasoning
[Image Processor] Concurrency=64 | target_rps=30
[Image Processor] Loading embedding model: all-MiniLM-L6-v2
Warning: You are sending unauthenticated requests to the HF Hub. Please set a HF_TOKEN to enable higher rate limits and faster downloads.
Loading weights:   0%|          | 0/103 [00:00<?, ?it/s]Loading weights: 100%|██████████| 103/103 [00:00<00:00, 10245.54it/s]
[Image Processor] Embedding model ready.
[Image Processor] Loading image manifests from eu_legislation/batch_0201/image_store
[Image Processor] Eligible image assets loaded: 17
[Image Processor] Starting visual descriptions | images=17 | max_concurrency=64 | target_rps=30
[Image Processor] Progress 1/17 (5.9%) | success=1 error=0 | avg=0.21 images/s | elapsed=0.1 min
[Image Processor] Progress 2/17 (11.8%) | success=2 error=0 | avg=0.39 images/s | elapsed=0.1 min
[Image Processor] Progress 3/17 (17.6%) | success=3 error=0 | avg=0.54 images/s | elapsed=0.1 min
[Image Processor] Progress 4/17 (23.5%) | success=4 error=0 | avg=0.57 images/s | elapsed=0.1 min
[Image Processor] Progress 5/17 (29.4%) | success=5 error=0 | avg=0.63 images/s | elapsed=0.1 min
[Image Processor] Progress 6/17 (35.3%) | success=6 error=0 | avg=0.69 images/s | elapsed=0.1 min
[Image Processor] Progress 7/17 (41.2%) | success=7 error=0 | avg=0.76 images/s | elapsed=0.2 min
[Image Processor] Progress 8/17 (47.1%) | success=8 error=0 | avg=0.86 images/s | elapsed=0.2 min
[Image Processor] Progress 9/17 (52.9%) | success=9 error=0 | avg=0.96 images/s | elapsed=0.2 min
[Image Processor] Progress 10/17 (58.8%) | success=10 error=0 | avg=1.07 images/s | elapsed=0.2 min
[Image Processor] Progress 17/17 (100.0%) | success=17 error=0 | avg=1.62 images/s | elapsed=0.2 min
[Image Processor] Visual descriptions complete | images=17 | success=17 error=0 | avg=1.62 images/s | elapsed=0.2 min
[Image Processor] Writing image artifacts | records=17 | destination=eu_legislation/batch_0201/image_index
[Image Processor] Embedding 17 successful descriptions with all-MiniLM-L6-v2...
[Image Processor] FAISS index written | vectors=17 | dimension=384
[Image Processor] Artifacts complete | indexed=17 | errors=0
{'records': 17, 'indexed': 17, 'errors': 0, 'destination': 'eu_legislation/batch_0201/image_index'}
[Image Processor] NIM endpoint: http://127.0.0.1:8000/v1
[Image Processor] Vision model: nvidia/nemotron-3-nano-omni-30b-a3b-reasoning
[Image Processor] Concurrency=64 | target_rps=30
[Image Processor] Loading embedding model: all-MiniLM-L6-v2
Warning: You are sending unauthenticated requests to the HF Hub. Please set a HF_TOKEN to enable higher rate limits and faster downloads.
Loading weights:   0%|          | 0/103 [00:00<?, ?it/s]Loading weights: 100%|██████████| 103/103 [00:00<00:00, 9560.99it/s]
[Image Processor] Embedding model ready.
[Image Processor] Loading image manifests from eu_legislation/batch_0202/image_store
[Image Processor] Eligible image assets loaded: 0
[Image Processor] Starting visual descriptions | images=0 | max_concurrency=64 | target_rps=30
[Image Processor] No eligible images found.
[Image Processor] Writing image artifacts | records=0 | destination=eu_legislation/batch_0202/image_index
[Image Processor] Artifacts complete | indexed=0 | errors=0
{'records': 0, 'indexed': 0, 'errors': 0, 'destination': 'eu_legislation/batch_0202/image_index'}
[Image Processor] NIM endpoint: http://127.0.0.1:8000/v1
[Image Processor] Vision model: nvidia/nemotron-3-nano-omni-30b-a3b-reasoning
[Image Processor] Concurrency=64 | target_rps=30
[Image Processor] Loading embedding model: all-MiniLM-L6-v2
Warning: You are sending unauthenticated requests to the HF Hub. Please set a HF_TOKEN to enable higher rate limits and faster downloads.
Loading weights:   0%|          | 0/103 [00:00<?, ?it/s]Loading weights: 100%|██████████| 103/103 [00:00<00:00, 10467.21it/s]
[Image Processor] Embedding model ready.
[Image Processor] Loading image manifests from eu_legislation/batch_0203/image_store
[Image Processor] Eligible image assets loaded: 0
[Image Processor] Starting visual descriptions | images=0 | max_concurrency=64 | target_rps=30
[Image Processor] No eligible images found.
[Image Processor] Writing image artifacts | records=0 | destination=eu_legislation/batch_0203/image_index
[Image Processor] Artifacts complete | indexed=0 | errors=0
{'records': 0, 'indexed': 0, 'errors': 0, 'destination': 'eu_legislation/batch_0203/image_index'}
[Image Processor] NIM endpoint: http://127.0.0.1:8000/v1
[Image Processor] Vision model: nvidia/nemotron-3-nano-omni-30b-a3b-reasoning
[Image Processor] Concurrency=64 | target_rps=30
[Image Processor] Loading embedding model: all-MiniLM-L6-v2
Warning: You are sending unauthenticated requests to the HF Hub. Please set a HF_TOKEN to enable higher rate limits and faster downloads.
Loading weights:   0%|          | 0/103 [00:00<?, ?it/s]Loading weights: 100%|██████████| 103/103 [00:00<00:00, 10111.72it/s]
[Image Processor] Embedding model ready.
[Image Processor] Loading image manifests from eu_legislation/batch_0204/image_store
[Image Processor] Eligible image assets loaded: 0
[Image Processor] Starting visual descriptions | images=0 | max_concurrency=64 | target_rps=30
[Image Processor] No eligible images found.
[Image Processor] Writing image artifacts | records=0 | destination=eu_legislation/batch_0204/image_index
[Image Processor] Artifacts complete | indexed=0 | errors=0
{'records': 0, 'indexed': 0, 'errors': 0, 'destination': 'eu_legislation/batch_0204/image_index'}
[Image Processor] NIM endpoint: http://127.0.0.1:8000/v1
[Image Processor] Vision model: nvidia/nemotron-3-nano-omni-30b-a3b-reasoning
[Image Processor] Concurrency=64 | target_rps=30
[Image Processor] Loading embedding model: all-MiniLM-L6-v2
Warning: You are sending unauthenticated requests to the HF Hub. Please set a HF_TOKEN to enable higher rate limits and faster downloads.
Loading weights:   0%|          | 0/103 [00:00<?, ?it/s]Loading weights: 100%|██████████| 103/103 [00:00<00:00, 9318.46it/s]
[Image Processor] Embedding model ready.
[Image Processor] Loading image manifests from eu_legislation/batch_0205/image_store
[Image Processor] Eligible image assets loaded: 0
[Image Processor] Starting visual descriptions | images=0 | max_concurrency=64 | target_rps=30
[Image Processor] No eligible images found.
[Image Processor] Writing image artifacts | records=0 | destination=eu_legislation/batch_0205/image_index
[Image Processor] Artifacts complete | indexed=0 | errors=0
{'records': 0, 'indexed': 0, 'errors': 0, 'destination': 'eu_legislation/batch_0205/image_index'}
[Image Processor] NIM endpoint: http://127.0.0.1:8000/v1
[Image Processor] Vision model: nvidia/nemotron-3-nano-omni-30b-a3b-reasoning
[Image Processor] Concurrency=64 | target_rps=30
[Image Processor] Loading embedding model: all-MiniLM-L6-v2
Warning: You are sending unauthenticated requests to the HF Hub. Please set a HF_TOKEN to enable higher rate limits and faster downloads.
Loading weights:   0%|          | 0/103 [00:00<?, ?it/s]Loading weights: 100%|██████████| 103/103 [00:00<00:00, 9766.54it/s]
[Image Processor] Embedding model ready.
[Image Processor] Loading image manifests from eu_legislation/batch_0206/image_store
[Image Processor] Eligible image assets loaded: 3
[Image Processor] Starting visual descriptions | images=3 | max_concurrency=64 | target_rps=30
[Image Processor] Progress 1/3 (33.3%) | success=1 error=0 | avg=0.46 images/s | elapsed=0.0 min
[Image Processor] Progress 2/3 (66.7%) | success=2 error=0 | avg=0.84 images/s | elapsed=0.0 min
[Image Processor] Progress 3/3 (100.0%) | success=3 error=0 | avg=1.00 images/s | elapsed=0.0 min
[Image Processor] Visual descriptions complete | images=3 | success=3 error=0 | avg=1.00 images/s | elapsed=0.0 min
[Image Processor] Writing image artifacts | records=3 | destination=eu_legislation/batch_0206/image_index
[Image Processor] Embedding 3 successful descriptions with all-MiniLM-L6-v2...
[Image Processor] FAISS index written | vectors=3 | dimension=384
[Image Processor] Artifacts complete | indexed=3 | errors=0
{'records': 3, 'indexed': 3, 'errors': 0, 'destination': 'eu_legislation/batch_0206/image_index'}
[Image Processor] NIM endpoint: http://127.0.0.1:8000/v1
[Image Processor] Vision model: nvidia/nemotron-3-nano-omni-30b-a3b-reasoning
[Image Processor] Concurrency=64 | target_rps=30
[Image Processor] Loading embedding model: all-MiniLM-L6-v2
Warning: You are sending unauthenticated requests to the HF Hub. Please set a HF_TOKEN to enable higher rate limits and faster downloads.
Loading weights:   0%|          | 0/103 [00:00<?, ?it/s]Loading weights: 100%|██████████| 103/103 [00:00<00:00, 9928.37it/s]
[Image Processor] Embedding model ready.
[Image Processor] Loading image manifests from eu_legislation/batch_0207/image_store
[Image Processor] Eligible image assets loaded: 0
[Image Processor] Starting visual descriptions | images=0 | max_concurrency=64 | target_rps=30
[Image Processor] No eligible images found.
[Image Processor] Writing image artifacts | records=0 | destination=eu_legislation/batch_0207/image_index
[Image Processor] Artifacts complete | indexed=0 | errors=0
{'records': 0, 'indexed': 0, 'errors': 0, 'destination': 'eu_legislation/batch_0207/image_index'}
[Image Processor] NIM endpoint: http://127.0.0.1:8000/v1
[Image Processor] Vision model: nvidia/nemotron-3-nano-omni-30b-a3b-reasoning
[Image Processor] Concurrency=64 | target_rps=30
[Image Processor] Loading embedding model: all-MiniLM-L6-v2
Warning: You are sending unauthenticated requests to the HF Hub. Please set a HF_TOKEN to enable higher rate limits and faster downloads.
Loading weights:   0%|          | 0/103 [00:00<?, ?it/s]Loading weights: 100%|██████████| 103/103 [00:00<00:00, 10250.16it/s]
[Image Processor] Embedding model ready.
[Image Processor] Loading image manifests from eu_legislation/batch_0208/image_store
[Image Processor] Eligible image assets loaded: 0
[Image Processor] Starting visual descriptions | images=0 | max_concurrency=64 | target_rps=30
[Image Processor] No eligible images found.
[Image Processor] Writing image artifacts | records=0 | destination=eu_legislation/batch_0208/image_index
[Image Processor] Artifacts complete | indexed=0 | errors=0
{'records': 0, 'indexed': 0, 'errors': 0, 'destination': 'eu_legislation/batch_0208/image_index'}
[Image Processor] NIM endpoint: http://127.0.0.1:8000/v1
[Image Processor] Vision model: nvidia/nemotron-3-nano-omni-30b-a3b-reasoning
[Image Processor] Concurrency=64 | target_rps=30
[Image Processor] Loading embedding model: all-MiniLM-L6-v2
Warning: You are sending unauthenticated requests to the HF Hub. Please set a HF_TOKEN to enable higher rate limits and faster downloads.
Loading weights:   0%|          | 0/103 [00:00<?, ?it/s]Loading weights: 100%|██████████| 103/103 [00:00<00:00, 10161.67it/s]
[Image Processor] Embedding model ready.
[Image Processor] Loading image manifests from eu_legislation/batch_0209/image_store
[Image Processor] Eligible image assets loaded: 1
[Image Processor] Starting visual descriptions | images=1 | max_concurrency=64 | target_rps=30
[Image Processor] Progress 1/1 (100.0%) | success=1 error=0 | avg=1.08 images/s | elapsed=0.0 min
[Image Processor] Visual descriptions complete | images=1 | success=1 error=0 | avg=1.08 images/s | elapsed=0.0 min
[Image Processor] Writing image artifacts | records=1 | destination=eu_legislation/batch_0209/image_index
[Image Processor] Embedding 1 successful descriptions with all-MiniLM-L6-v2...
[Image Processor] FAISS index written | vectors=1 | dimension=384
[Image Processor] Artifacts complete | indexed=1 | errors=0
{'records': 1, 'indexed': 1, 'errors': 0, 'destination': 'eu_legislation/batch_0209/image_index'}
[Image Processor] NIM endpoint: http://127.0.0.1:8000/v1
[Image Processor] Vision model: nvidia/nemotron-3-nano-omni-30b-a3b-reasoning
[Image Processor] Concurrency=64 | target_rps=30
[Image Processor] Loading embedding model: all-MiniLM-L6-v2
Warning: You are sending unauthenticated requests to the HF Hub. Please set a HF_TOKEN to enable higher rate limits and faster downloads.
Loading weights:   0%|          | 0/103 [00:00<?, ?it/s]Loading weights: 100%|██████████| 103/103 [00:00<00:00, 10065.55it/s]
[Image Processor] Embedding model ready.
[Image Processor] Loading image manifests from eu_legislation/batch_0210/image_store
[Image Processor] Eligible image assets loaded: 1
[Image Processor] Starting visual descriptions | images=1 | max_concurrency=64 | target_rps=30
[Image Processor] Progress 1/1 (100.0%) | success=1 error=0 | avg=0.97 images/s | elapsed=0.0 min
[Image Processor] Visual descriptions complete | images=1 | success=1 error=0 | avg=0.97 images/s | elapsed=0.0 min
[Image Processor] Writing image artifacts | records=1 | destination=eu_legislation/batch_0210/image_index
[Image Processor] Embedding 1 successful descriptions with all-MiniLM-L6-v2...
[Image Processor] FAISS index written | vectors=1 | dimension=384
[Image Processor] Artifacts complete | indexed=1 | errors=0
{'records': 1, 'indexed': 1, 'errors': 0, 'destination': 'eu_legislation/batch_0210/image_index'}
[Image Processor] NIM endpoint: http://127.0.0.1:8000/v1
[Image Processor] Vision model: nvidia/nemotron-3-nano-omni-30b-a3b-reasoning
[Image Processor] Concurrency=64 | target_rps=30
[Image Processor] Loading embedding model: all-MiniLM-L6-v2
Warning: You are sending unauthenticated requests to the HF Hub. Please set a HF_TOKEN to enable higher rate limits and faster downloads.
Loading weights:   0%|          | 0/103 [00:00<?, ?it/s]Loading weights: 100%|██████████| 103/103 [00:00<00:00, 9913.11it/s]
[Image Processor] Embedding model ready.
[Image Processor] Loading image manifests from eu_legislation/batch_0211/image_store
[Image Processor] Eligible image assets loaded: 0
[Image Processor] Starting visual descriptions | images=0 | max_concurrency=64 | target_rps=30
[Image Processor] No eligible images found.
[Image Processor] Writing image artifacts | records=0 | destination=eu_legislation/batch_0211/image_index
[Image Processor] Artifacts complete | indexed=0 | errors=0
{'records': 0, 'indexed': 0, 'errors': 0, 'destination': 'eu_legislation/batch_0211/image_index'}
[Image Processor] NIM endpoint: http://127.0.0.1:8000/v1
[Image Processor] Vision model: nvidia/nemotron-3-nano-omni-30b-a3b-reasoning
[Image Processor] Concurrency=64 | target_rps=30
[Image Processor] Loading embedding model: all-MiniLM-L6-v2
Warning: You are sending unauthenticated requests to the HF Hub. Please set a HF_TOKEN to enable higher rate limits and faster downloads.
Loading weights:   0%|          | 0/103 [00:00<?, ?it/s]Loading weights: 100%|██████████| 103/103 [00:00<00:00, 10001.00it/s]
[Image Processor] Embedding model ready.
[Image Processor] Loading image manifests from eu_legislation/batch_0212/image_store
[Image Processor] Eligible image assets loaded: 1
[Image Processor] Starting visual descriptions | images=1 | max_concurrency=64 | target_rps=30
[Image Processor] Progress 1/1 (100.0%) | success=1 error=0 | avg=0.99 images/s | elapsed=0.0 min
[Image Processor] Visual descriptions complete | images=1 | success=1 error=0 | avg=0.99 images/s | elapsed=0.0 min
[Image Processor] Writing image artifacts | records=1 | destination=eu_legislation/batch_0212/image_index
[Image Processor] Embedding 1 successful descriptions with all-MiniLM-L6-v2...
[Image Processor] FAISS index written | vectors=1 | dimension=384
[Image Processor] Artifacts complete | indexed=1 | errors=0
{'records': 1, 'indexed': 1, 'errors': 0, 'destination': 'eu_legislation/batch_0212/image_index'}
[Image Processor] NIM endpoint: http://127.0.0.1:8000/v1
[Image Processor] Vision model: nvidia/nemotron-3-nano-omni-30b-a3b-reasoning
[Image Processor] Concurrency=64 | target_rps=30
[Image Processor] Loading embedding model: all-MiniLM-L6-v2
Warning: You are sending unauthenticated requests to the HF Hub. Please set a HF_TOKEN to enable higher rate limits and faster downloads.
Loading weights:   0%|          | 0/103 [00:00<?, ?it/s]Loading weights: 100%|██████████| 103/103 [00:00<00:00, 8955.69it/s]
[Image Processor] Embedding model ready.
[Image Processor] Loading image manifests from eu_legislation/batch_0213/image_store
[Image Processor] Eligible image assets loaded: 0
[Image Processor] Starting visual descriptions | images=0 | max_concurrency=64 | target_rps=30
[Image Processor] No eligible images found.
[Image Processor] Writing image artifacts | records=0 | destination=eu_legislation/batch_0213/image_index
[Image Processor] Artifacts complete | indexed=0 | errors=0
{'records': 0, 'indexed': 0, 'errors': 0, 'destination': 'eu_legislation/batch_0213/image_index'}
[Image Processor] NIM endpoint: http://127.0.0.1:8000/v1
[Image Processor] Vision model: nvidia/nemotron-3-nano-omni-30b-a3b-reasoning
[Image Processor] Concurrency=64 | target_rps=30
[Image Processor] Loading embedding model: all-MiniLM-L6-v2
Warning: You are sending unauthenticated requests to the HF Hub. Please set a HF_TOKEN to enable higher rate limits and faster downloads.
Loading weights:   0%|          | 0/103 [00:00<?, ?it/s]Loading weights: 100%|██████████| 103/103 [00:00<00:00, 9656.09it/s]
[Image Processor] Embedding model ready.
[Image Processor] Loading image manifests from eu_legislation/batch_0214/image_store
[Image Processor] Eligible image assets loaded: 0
[Image Processor] Starting visual descriptions | images=0 | max_concurrency=64 | target_rps=30
[Image Processor] No eligible images found.
[Image Processor] Writing image artifacts | records=0 | destination=eu_legislation/batch_0214/image_index
[Image Processor] Artifacts complete | indexed=0 | errors=0
{'records': 0, 'indexed': 0, 'errors': 0, 'destination': 'eu_legislation/batch_0214/image_index'}
[Image Processor] NIM endpoint: http://127.0.0.1:8000/v1
[Image Processor] Vision model: nvidia/nemotron-3-nano-omni-30b-a3b-reasoning
[Image Processor] Concurrency=64 | target_rps=30
[Image Processor] Loading embedding model: all-MiniLM-L6-v2
Warning: You are sending unauthenticated requests to the HF Hub. Please set a HF_TOKEN to enable higher rate limits and faster downloads.
Loading weights:   0%|          | 0/103 [00:00<?, ?it/s]Loading weights: 100%|██████████| 103/103 [00:00<00:00, 9820.94it/s]
[Image Processor] Embedding model ready.
[Image Processor] Loading image manifests from eu_legislation/batch_0215/image_store
[Image Processor] Eligible image assets loaded: 26
[Image Processor] Starting visual descriptions | images=26 | max_concurrency=64 | target_rps=30
[Image Processor] Progress 1/26 (3.8%) | success=1 error=0 | avg=0.19 images/s | elapsed=0.1 min
[Image Processor] Progress 2/26 (7.7%) | success=2 error=0 | avg=0.38 images/s | elapsed=0.1 min
[Image Processor] Progress 3/26 (11.5%) | success=3 error=0 | avg=0.57 images/s | elapsed=0.1 min
[Image Processor] Progress 4/26 (15.4%) | success=4 error=0 | avg=0.76 images/s | elapsed=0.1 min
[Image Processor] Progress 5/26 (19.2%) | success=5 error=0 | avg=0.94 images/s | elapsed=0.1 min
[Image Processor] Progress 6/26 (23.1%) | success=6 error=0 | avg=1.12 images/s | elapsed=0.1 min
[Image Processor] Progress 7/26 (26.9%) | success=7 error=0 | avg=1.25 images/s | elapsed=0.1 min
[Image Processor] Progress 8/26 (30.8%) | success=8 error=0 | avg=0.93 images/s | elapsed=0.1 min
[Image Processor] Progress 9/26 (34.6%) | success=9 error=0 | avg=1.02 images/s | elapsed=0.1 min
[Image Processor] Progress 10/26 (38.5%) | success=10 error=0 | avg=1.11 images/s | elapsed=0.1 min
[Image Processor] Progress 25/26 (96.2%) | success=25 error=0 | avg=1.94 images/s | elapsed=0.2 min
[Image Processor] Progress 26/26 (100.0%) | success=26 error=0 | avg=1.98 images/s | elapsed=0.2 min
[Image Processor] Visual descriptions complete | images=26 | success=26 error=0 | avg=1.98 images/s | elapsed=0.2 min
[Image Processor] Writing image artifacts | records=26 | destination=eu_legislation/batch_0215/image_index
[Image Processor] Embedding 26 successful descriptions with all-MiniLM-L6-v2...
[Image Processor] FAISS index written | vectors=26 | dimension=384
[Image Processor] Artifacts complete | indexed=26 | errors=0
{'records': 26, 'indexed': 26, 'errors': 0, 'destination': 'eu_legislation/batch_0215/image_index'}
[Image Processor] NIM endpoint: http://127.0.0.1:8000/v1
[Image Processor] Vision model: nvidia/nemotron-3-nano-omni-30b-a3b-reasoning
[Image Processor] Concurrency=64 | target_rps=30
[Image Processor] Loading embedding model: all-MiniLM-L6-v2
Warning: You are sending unauthenticated requests to the HF Hub. Please set a HF_TOKEN to enable higher rate limits and faster downloads.
Loading weights:   0%|          | 0/103 [00:00<?, ?it/s]Loading weights: 100%|██████████| 103/103 [00:00<00:00, 10277.22it/s]
[Image Processor] Embedding model ready.
[Image Processor] Loading image manifests from eu_legislation/batch_0216/image_store
[Image Processor] Eligible image assets loaded: 0
[Image Processor] Starting visual descriptions | images=0 | max_concurrency=64 | target_rps=30
[Image Processor] No eligible images found.
[Image Processor] Writing image artifacts | records=0 | destination=eu_legislation/batch_0216/image_index
[Image Processor] Artifacts complete | indexed=0 | errors=0
{'records': 0, 'indexed': 0, 'errors': 0, 'destination': 'eu_legislation/batch_0216/image_index'}
[Image Processor] NIM endpoint: http://127.0.0.1:8000/v1
[Image Processor] Vision model: nvidia/nemotron-3-nano-omni-30b-a3b-reasoning
[Image Processor] Concurrency=64 | target_rps=30
[Image Processor] Loading embedding model: all-MiniLM-L6-v2
Warning: You are sending unauthenticated requests to the HF Hub. Please set a HF_TOKEN to enable higher rate limits and faster downloads.
Loading weights:   0%|          | 0/103 [00:00<?, ?it/s]Loading weights: 100%|██████████| 103/103 [00:00<00:00, 8648.92it/s]
[Image Processor] Embedding model ready.
[Image Processor] Loading image manifests from eu_legislation/batch_0217/image_store
[Image Processor] Eligible image assets loaded: 0
[Image Processor] Starting visual descriptions | images=0 | max_concurrency=64 | target_rps=30
[Image Processor] No eligible images found.
[Image Processor] Writing image artifacts | records=0 | destination=eu_legislation/batch_0217/image_index
[Image Processor] Artifacts complete | indexed=0 | errors=0
{'records': 0, 'indexed': 0, 'errors': 0, 'destination': 'eu_legislation/batch_0217/image_index'}
[Image Processor] NIM endpoint: http://127.0.0.1:8000/v1
[Image Processor] Vision model: nvidia/nemotron-3-nano-omni-30b-a3b-reasoning
[Image Processor] Concurrency=64 | target_rps=30
[Image Processor] Loading embedding model: all-MiniLM-L6-v2
Warning: You are sending unauthenticated requests to the HF Hub. Please set a HF_TOKEN to enable higher rate limits and faster downloads.
Loading weights:   0%|          | 0/103 [00:00<?, ?it/s]Loading weights: 100%|██████████| 103/103 [00:00<00:00, 9425.20it/s]
[Image Processor] Embedding model ready.
[Image Processor] Loading image manifests from eu_legislation/batch_0218/image_store
[Image Processor] Eligible image assets loaded: 0
[Image Processor] Starting visual descriptions | images=0 | max_concurrency=64 | target_rps=30
[Image Processor] No eligible images found.
[Image Processor] Writing image artifacts | records=0 | destination=eu_legislation/batch_0218/image_index
[Image Processor] Artifacts complete | indexed=0 | errors=0
{'records': 0, 'indexed': 0, 'errors': 0, 'destination': 'eu_legislation/batch_0218/image_index'}
[Image Processor] NIM endpoint: http://127.0.0.1:8000/v1
[Image Processor] Vision model: nvidia/nemotron-3-nano-omni-30b-a3b-reasoning
[Image Processor] Concurrency=64 | target_rps=30
[Image Processor] Loading embedding model: all-MiniLM-L6-v2
Warning: You are sending unauthenticated requests to the HF Hub. Please set a HF_TOKEN to enable higher rate limits and faster downloads.
Loading weights:   0%|          | 0/103 [00:00<?, ?it/s]Loading weights: 100%|██████████| 103/103 [00:00<00:00, 10300.01it/s]
[Image Processor] Embedding model ready.
[Image Processor] Loading image manifests from eu_legislation/batch_0219/image_store
[Image Processor] Eligible image assets loaded: 10
[Image Processor] Starting visual descriptions | images=10 | max_concurrency=64 | target_rps=30
[Image Processor] Progress 1/10 (10.0%) | success=1 error=0 | avg=0.19 images/s | elapsed=0.1 min
[Image Processor] Progress 2/10 (20.0%) | success=2 error=0 | avg=0.25 images/s | elapsed=0.1 min
[Image Processor] Progress 3/10 (30.0%) | success=3 error=0 | avg=0.37 images/s | elapsed=0.1 min
[Image Processor] Progress 4/10 (40.0%) | success=4 error=0 | avg=0.47 images/s | elapsed=0.1 min
[Image Processor] Progress 5/10 (50.0%) | success=5 error=0 | avg=0.58 images/s | elapsed=0.1 min
[Image Processor] Progress 6/10 (60.0%) | success=6 error=0 | avg=0.66 images/s | elapsed=0.2 min
[Image Processor] Progress 7/10 (70.0%) | success=7 error=0 | avg=0.76 images/s | elapsed=0.2 min
[Image Processor] Progress 8/10 (80.0%) | success=8 error=0 | avg=0.85 images/s | elapsed=0.2 min
[Image Processor] Progress 9/10 (90.0%) | success=9 error=0 | avg=0.93 images/s | elapsed=0.2 min
[Image Processor] Progress 10/10 (100.0%) | success=10 error=0 | avg=1.01 images/s | elapsed=0.2 min
[Image Processor] Visual descriptions complete | images=10 | success=10 error=0 | avg=1.01 images/s | elapsed=0.2 min
[Image Processor] Writing image artifacts | records=10 | destination=eu_legislation/batch_0219/image_index
[Image Processor] Embedding 10 successful descriptions with all-MiniLM-L6-v2...
[Image Processor] FAISS index written | vectors=10 | dimension=384
[Image Processor] Artifacts complete | indexed=10 | errors=0
{'records': 10, 'indexed': 10, 'errors': 0, 'destination': 'eu_legislation/batch_0219/image_index'}
[Image Processor] NIM endpoint: http://127.0.0.1:8000/v1
[Image Processor] Vision model: nvidia/nemotron-3-nano-omni-30b-a3b-reasoning
[Image Processor] Concurrency=64 | target_rps=30
[Image Processor] Loading embedding model: all-MiniLM-L6-v2
Warning: You are sending unauthenticated requests to the HF Hub. Please set a HF_TOKEN to enable higher rate limits and faster downloads.
Loading weights:   0%|          | 0/103 [00:00<?, ?it/s]Loading weights: 100%|██████████| 103/103 [00:00<00:00, 9029.06it/s]
[Image Processor] Embedding model ready.
[Image Processor] Loading image manifests from eu_legislation/batch_0220/image_store
[Image Processor] Eligible image assets loaded: 1
[Image Processor] Starting visual descriptions | images=1 | max_concurrency=64 | target_rps=30
[Image Processor] Progress 1/1 (100.0%) | success=1 error=0 | avg=1.10 images/s | elapsed=0.0 min
[Image Processor] Visual descriptions complete | images=1 | success=1 error=0 | avg=1.10 images/s | elapsed=0.0 min
[Image Processor] Writing image artifacts | records=1 | destination=eu_legislation/batch_0220/image_index
[Image Processor] Embedding 1 successful descriptions with all-MiniLM-L6-v2...
[Image Processor] FAISS index written | vectors=1 | dimension=384
[Image Processor] Artifacts complete | indexed=1 | errors=0
{'records': 1, 'indexed': 1, 'errors': 0, 'destination': 'eu_legislation/batch_0220/image_index'}
[Image Processor] NIM endpoint: http://127.0.0.1:8000/v1
[Image Processor] Vision model: nvidia/nemotron-3-nano-omni-30b-a3b-reasoning
[Image Processor] Concurrency=64 | target_rps=30
[Image Processor] Loading embedding model: all-MiniLM-L6-v2
Warning: You are sending unauthenticated requests to the HF Hub. Please set a HF_TOKEN to enable higher rate limits and faster downloads.
Loading weights:   0%|          | 0/103 [00:00<?, ?it/s]Loading weights: 100%|██████████| 103/103 [00:00<00:00, 9960.42it/s]
[Image Processor] Embedding model ready.
[Image Processor] Loading image manifests from eu_legislation/batch_0221/image_store
[Image Processor] Eligible image assets loaded: 6
[Image Processor] Starting visual descriptions | images=6 | max_concurrency=64 | target_rps=30
[Image Processor] Progress 1/6 (16.7%) | success=1 error=0 | avg=0.63 images/s | elapsed=0.0 min
[Image Processor] Progress 2/6 (33.3%) | success=2 error=0 | avg=1.01 images/s | elapsed=0.0 min
[Image Processor] Progress 3/6 (50.0%) | success=3 error=0 | avg=1.49 images/s | elapsed=0.0 min
[Image Processor] Progress 4/6 (66.7%) | success=4 error=0 | avg=1.85 images/s | elapsed=0.0 min
[Image Processor] Progress 5/6 (83.3%) | success=5 error=0 | avg=2.29 images/s | elapsed=0.0 min
[Image Processor] Progress 6/6 (100.0%) | success=6 error=0 | avg=2.50 images/s | elapsed=0.0 min
[Image Processor] Visual descriptions complete | images=6 | success=6 error=0 | avg=2.50 images/s | elapsed=0.0 min
[Image Processor] Writing image artifacts | records=6 | destination=eu_legislation/batch_0221/image_index
[Image Processor] Embedding 6 successful descriptions with all-MiniLM-L6-v2...
[Image Processor] FAISS index written | vectors=6 | dimension=384
[Image Processor] Artifacts complete | indexed=6 | errors=0
{'records': 6, 'indexed': 6, 'errors': 0, 'destination': 'eu_legislation/batch_0221/image_index'}
[Image Processor] NIM endpoint: http://127.0.0.1:8000/v1
[Image Processor] Vision model: nvidia/nemotron-3-nano-omni-30b-a3b-reasoning
[Image Processor] Concurrency=64 | target_rps=30
[Image Processor] Loading embedding model: all-MiniLM-L6-v2
Warning: You are sending unauthenticated requests to the HF Hub. Please set a HF_TOKEN to enable higher rate limits and faster downloads.
Loading weights:   0%|          | 0/103 [00:00<?, ?it/s]Loading weights: 100%|██████████| 103/103 [00:00<00:00, 11223.46it/s]
[Image Processor] Embedding model ready.
[Image Processor] Loading image manifests from eu_legislation/batch_0222/image_store
[Image Processor] Eligible image assets loaded: 0
[Image Processor] Starting visual descriptions | images=0 | max_concurrency=64 | target_rps=30
[Image Processor] No eligible images found.
[Image Processor] Writing image artifacts | records=0 | destination=eu_legislation/batch_0222/image_index
[Image Processor] Artifacts complete | indexed=0 | errors=0
{'records': 0, 'indexed': 0, 'errors': 0, 'destination': 'eu_legislation/batch_0222/image_index'}
[Image Processor] NIM endpoint: http://127.0.0.1:8000/v1
[Image Processor] Vision model: nvidia/nemotron-3-nano-omni-30b-a3b-reasoning
[Image Processor] Concurrency=64 | target_rps=30
[Image Processor] Loading embedding model: all-MiniLM-L6-v2
Warning: You are sending unauthenticated requests to the HF Hub. Please set a HF_TOKEN to enable higher rate limits and faster downloads.
Loading weights:   0%|          | 0/103 [00:00<?, ?it/s]Loading weights: 100%|██████████| 103/103 [00:00<00:00, 10314.52it/s]
[Image Processor] Embedding model ready.
[Image Processor] Loading image manifests from eu_legislation/batch_0223/image_store
[Image Processor] Eligible image assets loaded: 0
[Image Processor] Starting visual descriptions | images=0 | max_concurrency=64 | target_rps=30
[Image Processor] No eligible images found.
[Image Processor] Writing image artifacts | records=0 | destination=eu_legislation/batch_0223/image_index
[Image Processor] Artifacts complete | indexed=0 | errors=0
{'records': 0, 'indexed': 0, 'errors': 0, 'destination': 'eu_legislation/batch_0223/image_index'}
[Image Processor] NIM endpoint: http://127.0.0.1:8000/v1
[Image Processor] Vision model: nvidia/nemotron-3-nano-omni-30b-a3b-reasoning
[Image Processor] Concurrency=64 | target_rps=30
[Image Processor] Loading embedding model: all-MiniLM-L6-v2
Warning: You are sending unauthenticated requests to the HF Hub. Please set a HF_TOKEN to enable higher rate limits and faster downloads.
Loading weights:   0%|          | 0/103 [00:00<?, ?it/s]Loading weights: 100%|██████████| 103/103 [00:00<00:00, 9565.22it/s]
[Image Processor] Embedding model ready.
[Image Processor] Loading image manifests from eu_legislation/batch_0224/image_store
[Image Processor] Eligible image assets loaded: 1
[Image Processor] Starting visual descriptions | images=1 | max_concurrency=64 | target_rps=30
[Image Processor] Progress 1/1 (100.0%) | success=1 error=0 | avg=0.55 images/s | elapsed=0.0 min
[Image Processor] Visual descriptions complete | images=1 | success=1 error=0 | avg=0.55 images/s | elapsed=0.0 min
[Image Processor] Writing image artifacts | records=1 | destination=eu_legislation/batch_0224/image_index
[Image Processor] Embedding 1 successful descriptions with all-MiniLM-L6-v2...
[Image Processor] FAISS index written | vectors=1 | dimension=384
[Image Processor] Artifacts complete | indexed=1 | errors=0
{'records': 1, 'indexed': 1, 'errors': 0, 'destination': 'eu_legislation/batch_0224/image_index'}
[Image Processor] NIM endpoint: http://127.0.0.1:8000/v1
[Image Processor] Vision model: nvidia/nemotron-3-nano-omni-30b-a3b-reasoning
[Image Processor] Concurrency=64 | target_rps=30
[Image Processor] Loading embedding model: all-MiniLM-L6-v2
Warning: You are sending unauthenticated requests to the HF Hub. Please set a HF_TOKEN to enable higher rate limits and faster downloads.
Loading weights:   0%|          | 0/103 [00:00<?, ?it/s]Loading weights: 100%|██████████| 103/103 [00:00<00:00, 8985.30it/s]
[Image Processor] Embedding model ready.
[Image Processor] Loading image manifests from eu_legislation/batch_0225/image_store
[Image Processor] Eligible image assets loaded: 0
[Image Processor] Starting visual descriptions | images=0 | max_concurrency=64 | target_rps=30
[Image Processor] No eligible images found.
[Image Processor] Writing image artifacts | records=0 | destination=eu_legislation/batch_0225/image_index
[Image Processor] Artifacts complete | indexed=0 | errors=0
{'records': 0, 'indexed': 0, 'errors': 0, 'destination': 'eu_legislation/batch_0225/image_index'}
[Image Processor] NIM endpoint: http://127.0.0.1:8000/v1
[Image Processor] Vision model: nvidia/nemotron-3-nano-omni-30b-a3b-reasoning
[Image Processor] Concurrency=64 | target_rps=30
[Image Processor] Loading embedding model: all-MiniLM-L6-v2
Warning: You are sending unauthenticated requests to the HF Hub. Please set a HF_TOKEN to enable higher rate limits and faster downloads.
Loading weights:   0%|          | 0/103 [00:00<?, ?it/s]Loading weights: 100%|██████████| 103/103 [00:00<00:00, 9686.61it/s]
[Image Processor] Embedding model ready.
[Image Processor] Loading image manifests from eu_legislation/batch_0226/image_store
[Image Processor] Eligible image assets loaded: 2
[Image Processor] Starting visual descriptions | images=2 | max_concurrency=64 | target_rps=30
[Image Processor] Progress 1/2 (50.0%) | success=1 error=0 | avg=0.95 images/s | elapsed=0.0 min
[Image Processor] Progress 2/2 (100.0%) | success=2 error=0 | avg=0.99 images/s | elapsed=0.0 min
[Image Processor] Visual descriptions complete | images=2 | success=2 error=0 | avg=0.99 images/s | elapsed=0.0 min
[Image Processor] Writing image artifacts | records=2 | destination=eu_legislation/batch_0226/image_index
[Image Processor] Embedding 2 successful descriptions with all-MiniLM-L6-v2...
[Image Processor] FAISS index written | vectors=2 | dimension=384
[Image Processor] Artifacts complete | indexed=2 | errors=0
{'records': 2, 'indexed': 2, 'errors': 0, 'destination': 'eu_legislation/batch_0226/image_index'}
[Image Processor] NIM endpoint: http://127.0.0.1:8000/v1
[Image Processor] Vision model: nvidia/nemotron-3-nano-omni-30b-a3b-reasoning
[Image Processor] Concurrency=64 | target_rps=30
[Image Processor] Loading embedding model: all-MiniLM-L6-v2
Warning: You are sending unauthenticated requests to the HF Hub. Please set a HF_TOKEN to enable higher rate limits and faster downloads.
Loading weights:   0%|          | 0/103 [00:00<?, ?it/s]Loading weights: 100%|██████████| 103/103 [00:00<00:00, 9307.42it/s]
[Image Processor] Embedding model ready.
[Image Processor] Loading image manifests from eu_legislation/batch_0227/image_store
[Image Processor] Eligible image assets loaded: 4
[Image Processor] Starting visual descriptions | images=4 | max_concurrency=64 | target_rps=30
[Image Processor] Progress 1/4 (25.0%) | success=1 error=0 | avg=0.84 images/s | elapsed=0.0 min
[Image Processor] Progress 2/4 (50.0%) | success=2 error=0 | avg=1.43 images/s | elapsed=0.0 min
[Image Processor] Progress 3/4 (75.0%) | success=3 error=0 | avg=2.12 images/s | elapsed=0.0 min
[Image Processor] Progress 4/4 (100.0%) | success=4 error=0 | avg=2.78 images/s | elapsed=0.0 min
[Image Processor] Visual descriptions complete | images=4 | success=4 error=0 | avg=2.78 images/s | elapsed=0.0 min
[Image Processor] Writing image artifacts | records=4 | destination=eu_legislation/batch_0227/image_index
[Image Processor] Embedding 4 successful descriptions with all-MiniLM-L6-v2...
[Image Processor] FAISS index written | vectors=4 | dimension=384
[Image Processor] Artifacts complete | indexed=4 | errors=0
{'records': 4, 'indexed': 4, 'errors': 0, 'destination': 'eu_legislation/batch_0227/image_index'}
[Image Processor] NIM endpoint: http://127.0.0.1:8000/v1
[Image Processor] Vision model: nvidia/nemotron-3-nano-omni-30b-a3b-reasoning
[Image Processor] Concurrency=64 | target_rps=30
[Image Processor] Loading embedding model: all-MiniLM-L6-v2
Warning: You are sending unauthenticated requests to the HF Hub. Please set a HF_TOKEN to enable higher rate limits and faster downloads.
Loading weights:   0%|          | 0/103 [00:00<?, ?it/s]Loading weights: 100%|██████████| 103/103 [00:00<00:00, 10299.03it/s]
[Image Processor] Embedding model ready.
[Image Processor] Loading image manifests from eu_legislation/batch_0228/image_store
[Image Processor] Eligible image assets loaded: 0
[Image Processor] Starting visual descriptions | images=0 | max_concurrency=64 | target_rps=30
[Image Processor] No eligible images found.
[Image Processor] Writing image artifacts | records=0 | destination=eu_legislation/batch_0228/image_index
[Image Processor] Artifacts complete | indexed=0 | errors=0
{'records': 0, 'indexed': 0, 'errors': 0, 'destination': 'eu_legislation/batch_0228/image_index'}
[Image Processor] NIM endpoint: http://127.0.0.1:8000/v1
[Image Processor] Vision model: nvidia/nemotron-3-nano-omni-30b-a3b-reasoning
[Image Processor] Concurrency=64 | target_rps=30
[Image Processor] Loading embedding model: all-MiniLM-L6-v2
Warning: You are sending unauthenticated requests to the HF Hub. Please set a HF_TOKEN to enable higher rate limits and faster downloads.
Loading weights:   0%|          | 0/103 [00:00<?, ?it/s]Loading weights: 100%|██████████| 103/103 [00:00<00:00, 10171.48it/s]
[Image Processor] Embedding model ready.
[Image Processor] Loading image manifests from eu_legislation/batch_0229/image_store
[Image Processor] Eligible image assets loaded: 0
[Image Processor] Starting visual descriptions | images=0 | max_concurrency=64 | target_rps=30
[Image Processor] No eligible images found.
[Image Processor] Writing image artifacts | records=0 | destination=eu_legislation/batch_0229/image_index
[Image Processor] Artifacts complete | indexed=0 | errors=0
{'records': 0, 'indexed': 0, 'errors': 0, 'destination': 'eu_legislation/batch_0229/image_index'}
[Image Processor] NIM endpoint: http://127.0.0.1:8000/v1
[Image Processor] Vision model: nvidia/nemotron-3-nano-omni-30b-a3b-reasoning
[Image Processor] Concurrency=64 | target_rps=30
[Image Processor] Loading embedding model: all-MiniLM-L6-v2
Warning: You are sending unauthenticated requests to the HF Hub. Please set a HF_TOKEN to enable higher rate limits and faster downloads.
Loading weights:   0%|          | 0/103 [00:00<?, ?it/s]Loading weights: 100%|██████████| 103/103 [00:00<00:00, 9226.52it/s]
[Image Processor] Embedding model ready.
[Image Processor] Loading image manifests from eu_legislation/batch_0230/image_store
[Image Processor] Eligible image assets loaded: 2
[Image Processor] Starting visual descriptions | images=2 | max_concurrency=64 | target_rps=30
[Image Processor] Progress 1/2 (50.0%) | success=1 error=0 | avg=0.94 images/s | elapsed=0.0 min
[Image Processor] Progress 2/2 (100.0%) | success=2 error=0 | avg=1.52 images/s | elapsed=0.0 min
[Image Processor] Visual descriptions complete | images=2 | success=2 error=0 | avg=1.52 images/s | elapsed=0.0 min
[Image Processor] Writing image artifacts | records=2 | destination=eu_legislation/batch_0230/image_index
[Image Processor] Embedding 2 successful descriptions with all-MiniLM-L6-v2...
[Image Processor] FAISS index written | vectors=2 | dimension=384
[Image Processor] Artifacts complete | indexed=2 | errors=0
{'records': 2, 'indexed': 2, 'errors': 0, 'destination': 'eu_legislation/batch_0230/image_index'}
[Image Processor] NIM endpoint: http://127.0.0.1:8000/v1
[Image Processor] Vision model: nvidia/nemotron-3-nano-omni-30b-a3b-reasoning
[Image Processor] Concurrency=64 | target_rps=30
[Image Processor] Loading embedding model: all-MiniLM-L6-v2
Warning: You are sending unauthenticated requests to the HF Hub. Please set a HF_TOKEN to enable higher rate limits and faster downloads.
Loading weights:   0%|          | 0/103 [00:00<?, ?it/s]Loading weights: 100%|██████████| 103/103 [00:00<00:00, 10126.18it/s]
[Image Processor] Embedding model ready.
[Image Processor] Loading image manifests from eu_legislation/batch_0231/image_store
[Image Processor] Eligible image assets loaded: 0
[Image Processor] Starting visual descriptions | images=0 | max_concurrency=64 | target_rps=30
[Image Processor] No eligible images found.
[Image Processor] Writing image artifacts | records=0 | destination=eu_legislation/batch_0231/image_index
[Image Processor] Artifacts complete | indexed=0 | errors=0
{'records': 0, 'indexed': 0, 'errors': 0, 'destination': 'eu_legislation/batch_0231/image_index'}
[Image Processor] NIM endpoint: http://127.0.0.1:8000/v1
[Image Processor] Vision model: nvidia/nemotron-3-nano-omni-30b-a3b-reasoning
[Image Processor] Concurrency=64 | target_rps=30
[Image Processor] Loading embedding model: all-MiniLM-L6-v2
Warning: You are sending unauthenticated requests to the HF Hub. Please set a HF_TOKEN to enable higher rate limits and faster downloads.
Loading weights:   0%|          | 0/103 [00:00<?, ?it/s]Loading weights: 100%|██████████| 103/103 [00:00<00:00, 9816.48it/s]
[Image Processor] Embedding model ready.
[Image Processor] Loading image manifests from eu_legislation/batch_0232/image_store
[Image Processor] Eligible image assets loaded: 0
[Image Processor] Starting visual descriptions | images=0 | max_concurrency=64 | target_rps=30
[Image Processor] No eligible images found.
[Image Processor] Writing image artifacts | records=0 | destination=eu_legislation/batch_0232/image_index
[Image Processor] Artifacts complete | indexed=0 | errors=0
{'records': 0, 'indexed': 0, 'errors': 0, 'destination': 'eu_legislation/batch_0232/image_index'}
[Image Processor] NIM endpoint: http://127.0.0.1:8000/v1
[Image Processor] Vision model: nvidia/nemotron-3-nano-omni-30b-a3b-reasoning
[Image Processor] Concurrency=64 | target_rps=30
[Image Processor] Loading embedding model: all-MiniLM-L6-v2
Warning: You are sending unauthenticated requests to the HF Hub. Please set a HF_TOKEN to enable higher rate limits and faster downloads.
Loading weights:   0%|          | 0/103 [00:00<?, ?it/s]Loading weights: 100%|██████████| 103/103 [00:00<00:00, 9573.07it/s]
[Image Processor] Embedding model ready.
[Image Processor] Loading image manifests from eu_legislation/batch_0233/image_store
[Image Processor] Eligible image assets loaded: 0
[Image Processor] Starting visual descriptions | images=0 | max_concurrency=64 | target_rps=30
[Image Processor] No eligible images found.
[Image Processor] Writing image artifacts | records=0 | destination=eu_legislation/batch_0233/image_index
[Image Processor] Artifacts complete | indexed=0 | errors=0
{'records': 0, 'indexed': 0, 'errors': 0, 'destination': 'eu_legislation/batch_0233/image_index'}
[Image Processor] NIM endpoint: http://127.0.0.1:8000/v1
[Image Processor] Vision model: nvidia/nemotron-3-nano-omni-30b-a3b-reasoning
[Image Processor] Concurrency=64 | target_rps=30
[Image Processor] Loading embedding model: all-MiniLM-L6-v2
Warning: You are sending unauthenticated requests to the HF Hub. Please set a HF_TOKEN to enable higher rate limits and faster downloads.
Loading weights:   0%|          | 0/103 [00:00<?, ?it/s]Loading weights: 100%|██████████| 103/103 [00:00<00:00, 10088.58it/s]
[Image Processor] Embedding model ready.
[Image Processor] Loading image manifests from eu_legislation/batch_0234/image_store
[Image Processor] Eligible image assets loaded: 1
[Image Processor] Starting visual descriptions | images=1 | max_concurrency=64 | target_rps=30
[Image Processor] Progress 1/1 (100.0%) | success=1 error=0 | avg=1.04 images/s | elapsed=0.0 min
[Image Processor] Visual descriptions complete | images=1 | success=1 error=0 | avg=1.04 images/s | elapsed=0.0 min
[Image Processor] Writing image artifacts | records=1 | destination=eu_legislation/batch_0234/image_index
[Image Processor] Embedding 1 successful descriptions with all-MiniLM-L6-v2...
[Image Processor] FAISS index written | vectors=1 | dimension=384
[Image Processor] Artifacts complete | indexed=1 | errors=0
{'records': 1, 'indexed': 1, 'errors': 0, 'destination': 'eu_legislation/batch_0234/image_index'}
[Image Processor] NIM endpoint: http://127.0.0.1:8000/v1
[Image Processor] Vision model: nvidia/nemotron-3-nano-omni-30b-a3b-reasoning
[Image Processor] Concurrency=64 | target_rps=30
[Image Processor] Loading embedding model: all-MiniLM-L6-v2
Warning: You are sending unauthenticated requests to the HF Hub. Please set a HF_TOKEN to enable higher rate limits and faster downloads.
Loading weights:   0%|          | 0/103 [00:00<?, ?it/s]Loading weights: 100%|██████████| 103/103 [00:00<00:00, 9711.22it/s]
[Image Processor] Embedding model ready.
[Image Processor] Loading image manifests from eu_legislation/batch_0235/image_store
[Image Processor] Eligible image assets loaded: 1
[Image Processor] Starting visual descriptions | images=1 | max_concurrency=64 | target_rps=30
[Image Processor] Progress 1/1 (100.0%) | success=1 error=0 | avg=1.09 images/s | elapsed=0.0 min
[Image Processor] Visual descriptions complete | images=1 | success=1 error=0 | avg=1.09 images/s | elapsed=0.0 min
[Image Processor] Writing image artifacts | records=1 | destination=eu_legislation/batch_0235/image_index
[Image Processor] Embedding 1 successful descriptions with all-MiniLM-L6-v2...
[Image Processor] FAISS index written | vectors=1 | dimension=384
[Image Processor] Artifacts complete | indexed=1 | errors=0
{'records': 1, 'indexed': 1, 'errors': 0, 'destination': 'eu_legislation/batch_0235/image_index'}
[Image Processor] NIM endpoint: http://127.0.0.1:8000/v1
[Image Processor] Vision model: nvidia/nemotron-3-nano-omni-30b-a3b-reasoning
[Image Processor] Concurrency=64 | target_rps=30
[Image Processor] Loading embedding model: all-MiniLM-L6-v2
Warning: You are sending unauthenticated requests to the HF Hub. Please set a HF_TOKEN to enable higher rate limits and faster downloads.
Loading weights:   0%|          | 0/103 [00:00<?, ?it/s]Loading weights: 100%|██████████| 103/103 [00:00<00:00, 9835.70it/s]
[Image Processor] Embedding model ready.
[Image Processor] Loading image manifests from eu_legislation/batch_0236/image_store
[Image Processor] Eligible image assets loaded: 1
[Image Processor] Starting visual descriptions | images=1 | max_concurrency=64 | target_rps=30
[Image Processor] Progress 1/1 (100.0%) | success=1 error=0 | avg=1.13 images/s | elapsed=0.0 min
[Image Processor] Visual descriptions complete | images=1 | success=1 error=0 | avg=1.13 images/s | elapsed=0.0 min
[Image Processor] Writing image artifacts | records=1 | destination=eu_legislation/batch_0236/image_index
[Image Processor] Embedding 1 successful descriptions with all-MiniLM-L6-v2...
[Image Processor] FAISS index written | vectors=1 | dimension=384
[Image Processor] Artifacts complete | indexed=1 | errors=0
{'records': 1, 'indexed': 1, 'errors': 0, 'destination': 'eu_legislation/batch_0236/image_index'}
[Image Processor] NIM endpoint: http://127.0.0.1:8000/v1
[Image Processor] Vision model: nvidia/nemotron-3-nano-omni-30b-a3b-reasoning
[Image Processor] Concurrency=64 | target_rps=30
[Image Processor] Loading embedding model: all-MiniLM-L6-v2
Warning: You are sending unauthenticated requests to the HF Hub. Please set a HF_TOKEN to enable higher rate limits and faster downloads.
Loading weights:   0%|          | 0/103 [00:00<?, ?it/s]Loading weights: 100%|██████████| 103/103 [00:00<00:00, 9968.46it/s]
[Image Processor] Embedding model ready.
[Image Processor] Loading image manifests from eu_legislation/batch_0237/image_store
[Image Processor] Eligible image assets loaded: 0
[Image Processor] Starting visual descriptions | images=0 | max_concurrency=64 | target_rps=30
[Image Processor] No eligible images found.
[Image Processor] Writing image artifacts | records=0 | destination=eu_legislation/batch_0237/image_index
[Image Processor] Artifacts complete | indexed=0 | errors=0
{'records': 0, 'indexed': 0, 'errors': 0, 'destination': 'eu_legislation/batch_0237/image_index'}
[Image Processor] NIM endpoint: http://127.0.0.1:8000/v1
[Image Processor] Vision model: nvidia/nemotron-3-nano-omni-30b-a3b-reasoning
[Image Processor] Concurrency=64 | target_rps=30
[Image Processor] Loading embedding model: all-MiniLM-L6-v2
Warning: You are sending unauthenticated requests to the HF Hub. Please set a HF_TOKEN to enable higher rate limits and faster downloads.
Loading weights:   0%|          | 0/103 [00:00<?, ?it/s]Loading weights: 100%|██████████| 103/103 [00:00<00:00, 9481.46it/s]
[Image Processor] Embedding model ready.
[Image Processor] Loading image manifests from eu_legislation/batch_0238/image_store
[Image Processor] Eligible image assets loaded: 0
[Image Processor] Starting visual descriptions | images=0 | max_concurrency=64 | target_rps=30
[Image Processor] No eligible images found.
[Image Processor] Writing image artifacts | records=0 | destination=eu_legislation/batch_0238/image_index
[Image Processor] Artifacts complete | indexed=0 | errors=0
{'records': 0, 'indexed': 0, 'errors': 0, 'destination': 'eu_legislation/batch_0238/image_index'}
[Image Processor] NIM endpoint: http://127.0.0.1:8000/v1
[Image Processor] Vision model: nvidia/nemotron-3-nano-omni-30b-a3b-reasoning
[Image Processor] Concurrency=64 | target_rps=30
[Image Processor] Loading embedding model: all-MiniLM-L6-v2
Warning: You are sending unauthenticated requests to the HF Hub. Please set a HF_TOKEN to enable higher rate limits and faster downloads.
Loading weights:   0%|          | 0/103 [00:00<?, ?it/s]Loading weights: 100%|██████████| 103/103 [00:00<00:00, 9760.37it/s]
[Image Processor] Embedding model ready.
[Image Processor] Loading image manifests from eu_legislation/batch_0239/image_store
[Image Processor] Eligible image assets loaded: 12
[Image Processor] Starting visual descriptions | images=12 | max_concurrency=64 | target_rps=30
[Image Processor] Progress 1/12 (8.3%) | success=1 error=0 | avg=0.13 images/s | elapsed=0.1 min
[Image Processor] Progress 2/12 (16.7%) | success=2 error=0 | avg=0.23 images/s | elapsed=0.1 min
[Image Processor] Progress 3/12 (25.0%) | success=3 error=0 | avg=0.32 images/s | elapsed=0.2 min
[Image Processor] Progress 4/12 (33.3%) | success=4 error=0 | avg=0.42 images/s | elapsed=0.2 min
[Image Processor] Progress 5/12 (41.7%) | success=5 error=0 | avg=0.51 images/s | elapsed=0.2 min
[Image Processor] Progress 6/12 (50.0%) | success=6 error=0 | avg=0.59 images/s | elapsed=0.2 min
[Image Processor] Progress 7/12 (58.3%) | success=7 error=0 | avg=0.66 images/s | elapsed=0.2 min
[Image Processor] Progress 8/12 (66.7%) | success=8 error=0 | avg=0.73 images/s | elapsed=0.2 min
[Image Processor] Progress 9/12 (75.0%) | success=9 error=0 | avg=0.79 images/s | elapsed=0.2 min
[Image Processor] Progress 10/12 (83.3%) | success=10 error=0 | avg=0.86 images/s | elapsed=0.2 min
[Image Processor] Progress 12/12 (100.0%) | success=12 error=0 | avg=1.00 images/s | elapsed=0.2 min
[Image Processor] Visual descriptions complete | images=12 | success=12 error=0 | avg=1.00 images/s | elapsed=0.2 min
[Image Processor] Writing image artifacts | records=12 | destination=eu_legislation/batch_0239/image_index
[Image Processor] Embedding 12 successful descriptions with all-MiniLM-L6-v2...
[Image Processor] FAISS index written | vectors=12 | dimension=384
[Image Processor] Artifacts complete | indexed=12 | errors=0
{'records': 12, 'indexed': 12, 'errors': 0, 'destination': 'eu_legislation/batch_0239/image_index'}
[Image Processor] NIM endpoint: http://127.0.0.1:8000/v1
[Image Processor] Vision model: nvidia/nemotron-3-nano-omni-30b-a3b-reasoning
[Image Processor] Concurrency=64 | target_rps=30
[Image Processor] Loading embedding model: all-MiniLM-L6-v2
Warning: You are sending unauthenticated requests to the HF Hub. Please set a HF_TOKEN to enable higher rate limits and faster downloads.
Loading weights:   0%|          | 0/103 [00:00<?, ?it/s]Loading weights: 100%|██████████| 103/103 [00:00<00:00, 11129.77it/s]
[Image Processor] Embedding model ready.
[Image Processor] Loading image manifests from eu_legislation/batch_0240/image_store
[Image Processor] Eligible image assets loaded: 1
[Image Processor] Starting visual descriptions | images=1 | max_concurrency=64 | target_rps=30
[Image Processor] Progress 1/1 (100.0%) | success=1 error=0 | avg=0.44 images/s | elapsed=0.0 min
[Image Processor] Visual descriptions complete | images=1 | success=1 error=0 | avg=0.44 images/s | elapsed=0.0 min
[Image Processor] Writing image artifacts | records=1 | destination=eu_legislation/batch_0240/image_index
[Image Processor] Embedding 1 successful descriptions with all-MiniLM-L6-v2...
[Image Processor] FAISS index written | vectors=1 | dimension=384
[Image Processor] Artifacts complete | indexed=1 | errors=0
{'records': 1, 'indexed': 1, 'errors': 0, 'destination': 'eu_legislation/batch_0240/image_index'}
[Image Processor] NIM endpoint: http://127.0.0.1:8000/v1
[Image Processor] Vision model: nvidia/nemotron-3-nano-omni-30b-a3b-reasoning
[Image Processor] Concurrency=64 | target_rps=30
[Image Processor] Loading embedding model: all-MiniLM-L6-v2
Warning: You are sending unauthenticated requests to the HF Hub. Please set a HF_TOKEN to enable higher rate limits and faster downloads.
Loading weights:   0%|          | 0/103 [00:00<?, ?it/s]Loading weights: 100%|██████████| 103/103 [00:00<00:00, 8688.40it/s]
[Image Processor] Embedding model ready.
[Image Processor] Loading image manifests from eu_legislation/batch_0241/image_store
[Image Processor] Eligible image assets loaded: 1
[Image Processor] Starting visual descriptions | images=1 | max_concurrency=64 | target_rps=30
[Image Processor] Progress 1/1 (100.0%) | success=1 error=0 | avg=1.00 images/s | elapsed=0.0 min
[Image Processor] Visual descriptions complete | images=1 | success=1 error=0 | avg=1.00 images/s | elapsed=0.0 min
[Image Processor] Writing image artifacts | records=1 | destination=eu_legislation/batch_0241/image_index
[Image Processor] Embedding 1 successful descriptions with all-MiniLM-L6-v2...
[Image Processor] FAISS index written | vectors=1 | dimension=384
[Image Processor] Artifacts complete | indexed=1 | errors=0
{'records': 1, 'indexed': 1, 'errors': 0, 'destination': 'eu_legislation/batch_0241/image_index'}
[Image Processor] NIM endpoint: http://127.0.0.1:8000/v1
[Image Processor] Vision model: nvidia/nemotron-3-nano-omni-30b-a3b-reasoning
[Image Processor] Concurrency=64 | target_rps=30
[Image Processor] Loading embedding model: all-MiniLM-L6-v2
Warning: You are sending unauthenticated requests to the HF Hub. Please set a HF_TOKEN to enable higher rate limits and faster downloads.
Loading weights:   0%|          | 0/103 [00:00<?, ?it/s]Loading weights: 100%|██████████| 103/103 [00:00<00:00, 9148.37it/s]
[Image Processor] Embedding model ready.
[Image Processor] Loading image manifests from eu_legislation/batch_0242/image_store
[Image Processor] Eligible image assets loaded: 1
[Image Processor] Starting visual descriptions | images=1 | max_concurrency=64 | target_rps=30
[Image Processor] Progress 1/1 (100.0%) | success=1 error=0 | avg=1.01 images/s | elapsed=0.0 min
[Image Processor] Visual descriptions complete | images=1 | success=1 error=0 | avg=1.01 images/s | elapsed=0.0 min
[Image Processor] Writing image artifacts | records=1 | destination=eu_legislation/batch_0242/image_index
[Image Processor] Embedding 1 successful descriptions with all-MiniLM-L6-v2...
[Image Processor] FAISS index written | vectors=1 | dimension=384
[Image Processor] Artifacts complete | indexed=1 | errors=0
{'records': 1, 'indexed': 1, 'errors': 0, 'destination': 'eu_legislation/batch_0242/image_index'}
[Image Processor] NIM endpoint: http://127.0.0.1:8000/v1
[Image Processor] Vision model: nvidia/nemotron-3-nano-omni-30b-a3b-reasoning
[Image Processor] Concurrency=64 | target_rps=30
[Image Processor] Loading embedding model: all-MiniLM-L6-v2
Warning: You are sending unauthenticated requests to the HF Hub. Please set a HF_TOKEN to enable higher rate limits and faster downloads.
Loading weights:   0%|          | 0/103 [00:00<?, ?it/s]Loading weights: 100%|██████████| 103/103 [00:00<00:00, 9894.04it/s]
[Image Processor] Embedding model ready.
[Image Processor] Loading image manifests from eu_legislation/batch_0243/image_store
[Image Processor] Eligible image assets loaded: 0
[Image Processor] Starting visual descriptions | images=0 | max_concurrency=64 | target_rps=30
[Image Processor] No eligible images found.
[Image Processor] Writing image artifacts | records=0 | destination=eu_legislation/batch_0243/image_index
[Image Processor] Artifacts complete | indexed=0 | errors=0
{'records': 0, 'indexed': 0, 'errors': 0, 'destination': 'eu_legislation/batch_0243/image_index'}
[Image Processor] NIM endpoint: http://127.0.0.1:8000/v1
[Image Processor] Vision model: nvidia/nemotron-3-nano-omni-30b-a3b-reasoning
[Image Processor] Concurrency=64 | target_rps=30
[Image Processor] Loading embedding model: all-MiniLM-L6-v2
Warning: You are sending unauthenticated requests to the HF Hub. Please set a HF_TOKEN to enable higher rate limits and faster downloads.
Loading weights:   0%|          | 0/103 [00:00<?, ?it/s]Loading weights: 100%|██████████| 103/103 [00:00<00:00, 9664.51it/s]
[Image Processor] Embedding model ready.
[Image Processor] Loading image manifests from eu_legislation/batch_0244/image_store
[Image Processor] Eligible image assets loaded: 0
[Image Processor] Starting visual descriptions | images=0 | max_concurrency=64 | target_rps=30
[Image Processor] No eligible images found.
[Image Processor] Writing image artifacts | records=0 | destination=eu_legislation/batch_0244/image_index
[Image Processor] Artifacts complete | indexed=0 | errors=0
{'records': 0, 'indexed': 0, 'errors': 0, 'destination': 'eu_legislation/batch_0244/image_index'}
[Image Processor] NIM endpoint: http://127.0.0.1:8000/v1
[Image Processor] Vision model: nvidia/nemotron-3-nano-omni-30b-a3b-reasoning
[Image Processor] Concurrency=64 | target_rps=30
[Image Processor] Loading embedding model: all-MiniLM-L6-v2
Warning: You are sending unauthenticated requests to the HF Hub. Please set a HF_TOKEN to enable higher rate limits and faster downloads.
Loading weights:   0%|          | 0/103 [00:00<?, ?it/s]Loading weights: 100%|██████████| 103/103 [00:00<00:00, 8472.51it/s]
[Image Processor] Embedding model ready.
[Image Processor] Loading image manifests from eu_legislation/batch_0245/image_store
[Image Processor] Eligible image assets loaded: 0
[Image Processor] Starting visual descriptions | images=0 | max_concurrency=64 | target_rps=30
[Image Processor] No eligible images found.
[Image Processor] Writing image artifacts | records=0 | destination=eu_legislation/batch_0245/image_index
[Image Processor] Artifacts complete | indexed=0 | errors=0
{'records': 0, 'indexed': 0, 'errors': 0, 'destination': 'eu_legislation/batch_0245/image_index'}
[Image Processor] NIM endpoint: http://127.0.0.1:8000/v1
[Image Processor] Vision model: nvidia/nemotron-3-nano-omni-30b-a3b-reasoning
[Image Processor] Concurrency=64 | target_rps=30
[Image Processor] Loading embedding model: all-MiniLM-L6-v2
Warning: You are sending unauthenticated requests to the HF Hub. Please set a HF_TOKEN to enable higher rate limits and faster downloads.
Loading weights:   0%|          | 0/103 [00:00<?, ?it/s]Loading weights: 100%|██████████| 103/103 [00:00<00:00, 9601.15it/s]
[Image Processor] Embedding model ready.
[Image Processor] Loading image manifests from eu_legislation/batch_0246/image_store
[Image Processor] Eligible image assets loaded: 0
[Image Processor] Starting visual descriptions | images=0 | max_concurrency=64 | target_rps=30
[Image Processor] No eligible images found.
[Image Processor] Writing image artifacts | records=0 | destination=eu_legislation/batch_0246/image_index
[Image Processor] Artifacts complete | indexed=0 | errors=0
{'records': 0, 'indexed': 0, 'errors': 0, 'destination': 'eu_legislation/batch_0246/image_index'}
[Image Processor] NIM endpoint: http://127.0.0.1:8000/v1
[Image Processor] Vision model: nvidia/nemotron-3-nano-omni-30b-a3b-reasoning
[Image Processor] Concurrency=64 | target_rps=30
[Image Processor] Loading embedding model: all-MiniLM-L6-v2
Warning: You are sending unauthenticated requests to the HF Hub. Please set a HF_TOKEN to enable higher rate limits and faster downloads.
Loading weights:   0%|          | 0/103 [00:00<?, ?it/s]Loading weights: 100%|██████████| 103/103 [00:00<00:00, 9298.81it/s]
[Image Processor] Embedding model ready.
[Image Processor] Loading image manifests from eu_legislation/batch_0247/image_store
[Image Processor] Eligible image assets loaded: 0
[Image Processor] Starting visual descriptions | images=0 | max_concurrency=64 | target_rps=30
[Image Processor] No eligible images found.
[Image Processor] Writing image artifacts | records=0 | destination=eu_legislation/batch_0247/image_index
[Image Processor] Artifacts complete | indexed=0 | errors=0
{'records': 0, 'indexed': 0, 'errors': 0, 'destination': 'eu_legislation/batch_0247/image_index'}
[Image Processor] NIM endpoint: http://127.0.0.1:8000/v1
[Image Processor] Vision model: nvidia/nemotron-3-nano-omni-30b-a3b-reasoning
[Image Processor] Concurrency=64 | target_rps=30
[Image Processor] Loading embedding model: all-MiniLM-L6-v2
Warning: You are sending unauthenticated requests to the HF Hub. Please set a HF_TOKEN to enable higher rate limits and faster downloads.
Loading weights:   0%|          | 0/103 [00:00<?, ?it/s]Loading weights: 100%|██████████| 103/103 [00:00<00:00, 8987.17it/s]
[Image Processor] Embedding model ready.
[Image Processor] Loading image manifests from eu_legislation/batch_0248/image_store
[Image Processor] Eligible image assets loaded: 0
[Image Processor] Starting visual descriptions | images=0 | max_concurrency=64 | target_rps=30
[Image Processor] No eligible images found.
[Image Processor] Writing image artifacts | records=0 | destination=eu_legislation/batch_0248/image_index
[Image Processor] Artifacts complete | indexed=0 | errors=0
{'records': 0, 'indexed': 0, 'errors': 0, 'destination': 'eu_legislation/batch_0248/image_index'}
[Image Processor] NIM endpoint: http://127.0.0.1:8000/v1
[Image Processor] Vision model: nvidia/nemotron-3-nano-omni-30b-a3b-reasoning
[Image Processor] Concurrency=64 | target_rps=30
[Image Processor] Loading embedding model: all-MiniLM-L6-v2
Warning: You are sending unauthenticated requests to the HF Hub. Please set a HF_TOKEN to enable higher rate limits and faster downloads.
Loading weights:   0%|          | 0/103 [00:00<?, ?it/s]Loading weights: 100%|██████████| 103/103 [00:00<00:00, 9030.57it/s]
[Image Processor] Embedding model ready.
[Image Processor] Loading image manifests from eu_legislation/batch_0249/image_store
[Image Processor] Eligible image assets loaded: 0
[Image Processor] Starting visual descriptions | images=0 | max_concurrency=64 | target_rps=30
[Image Processor] No eligible images found.
[Image Processor] Writing image artifacts | records=0 | destination=eu_legislation/batch_0249/image_index
[Image Processor] Artifacts complete | indexed=0 | errors=0
{'records': 0, 'indexed': 0, 'errors': 0, 'destination': 'eu_legislation/batch_0249/image_index'}
[Image Processor] NIM endpoint: http://127.0.0.1:8000/v1
[Image Processor] Vision model: nvidia/nemotron-3-nano-omni-30b-a3b-reasoning
[Image Processor] Concurrency=64 | target_rps=30
[Image Processor] Loading embedding model: all-MiniLM-L6-v2
Warning: You are sending unauthenticated requests to the HF Hub. Please set a HF_TOKEN to enable higher rate limits and faster downloads.
Loading weights:   0%|          | 0/103 [00:00<?, ?it/s]Loading weights: 100%|██████████| 103/103 [00:00<00:00, 9786.01it/s]
[Image Processor] Embedding model ready.
[Image Processor] Loading image manifests from eu_legislation/batch_0250/image_store
[Image Processor] Eligible image assets loaded: 0
[Image Processor] Starting visual descriptions | images=0 | max_concurrency=64 | target_rps=30
[Image Processor] No eligible images found.
[Image Processor] Writing image artifacts | records=0 | destination=eu_legislation/batch_0250/image_index
[Image Processor] Artifacts complete | indexed=0 | errors=0
{'records': 0, 'indexed': 0, 'errors': 0, 'destination': 'eu_legislation/batch_0250/image_index'}
[Image Processor] NIM endpoint: http://127.0.0.1:8000/v1
[Image Processor] Vision model: nvidia/nemotron-3-nano-omni-30b-a3b-reasoning
[Image Processor] Concurrency=64 | target_rps=30
[Image Processor] Loading embedding model: all-MiniLM-L6-v2
Warning: You are sending unauthenticated requests to the HF Hub. Please set a HF_TOKEN to enable higher rate limits and faster downloads.
Loading weights:   0%|          | 0/103 [00:00<?, ?it/s]Loading weights: 100%|██████████| 103/103 [00:00<00:00, 10074.23it/s]
[Image Processor] Embedding model ready.
[Image Processor] Loading image manifests from eu_legislation/batch_0251/image_store
[Image Processor] Eligible image assets loaded: 0
[Image Processor] Starting visual descriptions | images=0 | max_concurrency=64 | target_rps=30
[Image Processor] No eligible images found.
[Image Processor] Writing image artifacts | records=0 | destination=eu_legislation/batch_0251/image_index
[Image Processor] Artifacts complete | indexed=0 | errors=0
{'records': 0, 'indexed': 0, 'errors': 0, 'destination': 'eu_legislation/batch_0251/image_index'}
[Image Processor] NIM endpoint: http://127.0.0.1:8000/v1
[Image Processor] Vision model: nvidia/nemotron-3-nano-omni-30b-a3b-reasoning
[Image Processor] Concurrency=64 | target_rps=30
[Image Processor] Loading embedding model: all-MiniLM-L6-v2
Warning: You are sending unauthenticated requests to the HF Hub. Please set a HF_TOKEN to enable higher rate limits and faster downloads.
Loading weights:   0%|          | 0/103 [00:00<?, ?it/s]Loading weights: 100%|██████████| 103/103 [00:00<00:00, 10298.54it/s]
[Image Processor] Embedding model ready.
[Image Processor] Loading image manifests from eu_legislation/batch_0252/image_store
[Image Processor] Eligible image assets loaded: 1
[Image Processor] Starting visual descriptions | images=1 | max_concurrency=64 | target_rps=30
[Image Processor] Progress 1/1 (100.0%) | success=1 error=0 | avg=1.08 images/s | elapsed=0.0 min
[Image Processor] Visual descriptions complete | images=1 | success=1 error=0 | avg=1.08 images/s | elapsed=0.0 min
[Image Processor] Writing image artifacts | records=1 | destination=eu_legislation/batch_0252/image_index
[Image Processor] Embedding 1 successful descriptions with all-MiniLM-L6-v2...
[Image Processor] FAISS index written | vectors=1 | dimension=384
[Image Processor] Artifacts complete | indexed=1 | errors=0
{'records': 1, 'indexed': 1, 'errors': 0, 'destination': 'eu_legislation/batch_0252/image_index'}
[Image Processor] NIM endpoint: http://127.0.0.1:8000/v1
[Image Processor] Vision model: nvidia/nemotron-3-nano-omni-30b-a3b-reasoning
[Image Processor] Concurrency=64 | target_rps=30
[Image Processor] Loading embedding model: all-MiniLM-L6-v2
Warning: You are sending unauthenticated requests to the HF Hub. Please set a HF_TOKEN to enable higher rate limits and faster downloads.
Loading weights:   0%|          | 0/103 [00:00<?, ?it/s]Loading weights: 100%|██████████| 103/103 [00:00<00:00, 8257.77it/s]
[Image Processor] Embedding model ready.
[Image Processor] Loading image manifests from eu_legislation/batch_0253/image_store
[Image Processor] Eligible image assets loaded: 0
[Image Processor] Starting visual descriptions | images=0 | max_concurrency=64 | target_rps=30
[Image Processor] No eligible images found.
[Image Processor] Writing image artifacts | records=0 | destination=eu_legislation/batch_0253/image_index
[Image Processor] Artifacts complete | indexed=0 | errors=0
{'records': 0, 'indexed': 0, 'errors': 0, 'destination': 'eu_legislation/batch_0253/image_index'}
[Image Processor] NIM endpoint: http://127.0.0.1:8000/v1
[Image Processor] Vision model: nvidia/nemotron-3-nano-omni-30b-a3b-reasoning
[Image Processor] Concurrency=64 | target_rps=30
[Image Processor] Loading embedding model: all-MiniLM-L6-v2
Warning: You are sending unauthenticated requests to the HF Hub. Please set a HF_TOKEN to enable higher rate limits and faster downloads.
Loading weights:   0%|          | 0/103 [00:00<?, ?it/s]Loading weights: 100%|██████████| 103/103 [00:00<00:00, 9528.93it/s]
[Image Processor] Embedding model ready.
[Image Processor] Loading image manifests from eu_legislation/batch_0254/image_store
[Image Processor] Eligible image assets loaded: 0
[Image Processor] Starting visual descriptions | images=0 | max_concurrency=64 | target_rps=30
[Image Processor] No eligible images found.
[Image Processor] Writing image artifacts | records=0 | destination=eu_legislation/batch_0254/image_index
[Image Processor] Artifacts complete | indexed=0 | errors=0
{'records': 0, 'indexed': 0, 'errors': 0, 'destination': 'eu_legislation/batch_0254/image_index'}
[Image Processor] NIM endpoint: http://127.0.0.1:8000/v1
[Image Processor] Vision model: nvidia/nemotron-3-nano-omni-30b-a3b-reasoning
[Image Processor] Concurrency=64 | target_rps=30
[Image Processor] Loading embedding model: all-MiniLM-L6-v2
Warning: You are sending unauthenticated requests to the HF Hub. Please set a HF_TOKEN to enable higher rate limits and faster downloads.
Loading weights:   0%|          | 0/103 [00:00<?, ?it/s]Loading weights: 100%|██████████| 103/103 [00:00<00:00, 9539.67it/s]
[Image Processor] Embedding model ready.
[Image Processor] Loading image manifests from eu_legislation/batch_0255/image_store
[Image Processor] Eligible image assets loaded: 1
[Image Processor] Starting visual descriptions | images=1 | max_concurrency=64 | target_rps=30
[Image Processor] Progress 1/1 (100.0%) | success=1 error=0 | avg=1.04 images/s | elapsed=0.0 min
[Image Processor] Visual descriptions complete | images=1 | success=1 error=0 | avg=1.04 images/s | elapsed=0.0 min
[Image Processor] Writing image artifacts | records=1 | destination=eu_legislation/batch_0255/image_index
[Image Processor] Embedding 1 successful descriptions with all-MiniLM-L6-v2...
[Image Processor] FAISS index written | vectors=1 | dimension=384
[Image Processor] Artifacts complete | indexed=1 | errors=0
{'records': 1, 'indexed': 1, 'errors': 0, 'destination': 'eu_legislation/batch_0255/image_index'}
[Image Processor] NIM endpoint: http://127.0.0.1:8000/v1
[Image Processor] Vision model: nvidia/nemotron-3-nano-omni-30b-a3b-reasoning
[Image Processor] Concurrency=64 | target_rps=30
[Image Processor] Loading embedding model: all-MiniLM-L6-v2
Warning: You are sending unauthenticated requests to the HF Hub. Please set a HF_TOKEN to enable higher rate limits and faster downloads.
Loading weights:   0%|          | 0/103 [00:00<?, ?it/s]Loading weights: 100%|██████████| 103/103 [00:00<00:00, 9870.75it/s]
[Image Processor] Embedding model ready.
[Image Processor] Loading image manifests from eu_legislation/batch_0256/image_store
[Image Processor] Eligible image assets loaded: 0
[Image Processor] Starting visual descriptions | images=0 | max_concurrency=64 | target_rps=30
[Image Processor] No eligible images found.
[Image Processor] Writing image artifacts | records=0 | destination=eu_legislation/batch_0256/image_index
[Image Processor] Artifacts complete | indexed=0 | errors=0
{'records': 0, 'indexed': 0, 'errors': 0, 'destination': 'eu_legislation/batch_0256/image_index'}
[Image Processor] NIM endpoint: http://127.0.0.1:8000/v1
[Image Processor] Vision model: nvidia/nemotron-3-nano-omni-30b-a3b-reasoning
[Image Processor] Concurrency=64 | target_rps=30
[Image Processor] Loading embedding model: all-MiniLM-L6-v2
Warning: You are sending unauthenticated requests to the HF Hub. Please set a HF_TOKEN to enable higher rate limits and faster downloads.
Loading weights:   0%|          | 0/103 [00:00<?, ?it/s]Loading weights: 100%|██████████| 103/103 [00:00<00:00, 8927.92it/s]
[Image Processor] Embedding model ready.
[Image Processor] Loading image manifests from eu_legislation/batch_0257/image_store
[Image Processor] Eligible image assets loaded: 1
[Image Processor] Starting visual descriptions | images=1 | max_concurrency=64 | target_rps=30
[Image Processor] Progress 1/1 (100.0%) | success=1 error=0 | avg=0.32 images/s | elapsed=0.1 min
[Image Processor] Visual descriptions complete | images=1 | success=1 error=0 | avg=0.32 images/s | elapsed=0.1 min
[Image Processor] Writing image artifacts | records=1 | destination=eu_legislation/batch_0257/image_index
[Image Processor] Embedding 1 successful descriptions with all-MiniLM-L6-v2...
[Image Processor] FAISS index written | vectors=1 | dimension=384
[Image Processor] Artifacts complete | indexed=1 | errors=0
{'records': 1, 'indexed': 1, 'errors': 0, 'destination': 'eu_legislation/batch_0257/image_index'}
[Image Processor] NIM endpoint: http://127.0.0.1:8000/v1
[Image Processor] Vision model: nvidia/nemotron-3-nano-omni-30b-a3b-reasoning
[Image Processor] Concurrency=64 | target_rps=30
[Image Processor] Loading embedding model: all-MiniLM-L6-v2
Warning: You are sending unauthenticated requests to the HF Hub. Please set a HF_TOKEN to enable higher rate limits and faster downloads.
Loading weights:   0%|          | 0/103 [00:00<?, ?it/s]Loading weights: 100%|██████████| 103/103 [00:00<00:00, 9007.22it/s]
[Image Processor] Embedding model ready.
[Image Processor] Loading image manifests from eu_legislation/batch_0258/image_store
[Image Processor] Eligible image assets loaded: 2
[Image Processor] Starting visual descriptions | images=2 | max_concurrency=64 | target_rps=30
[Image Processor] Progress 1/2 (50.0%) | success=1 error=0 | avg=0.36 images/s | elapsed=0.0 min
[Image Processor] Progress 2/2 (100.0%) | success=2 error=0 | avg=0.67 images/s | elapsed=0.0 min
[Image Processor] Visual descriptions complete | images=2 | success=2 error=0 | avg=0.67 images/s | elapsed=0.0 min
[Image Processor] Writing image artifacts | records=2 | destination=eu_legislation/batch_0258/image_index
[Image Processor] Embedding 2 successful descriptions with all-MiniLM-L6-v2...
[Image Processor] FAISS index written | vectors=2 | dimension=384
[Image Processor] Artifacts complete | indexed=2 | errors=0
{'records': 2, 'indexed': 2, 'errors': 0, 'destination': 'eu_legislation/batch_0258/image_index'}
[Image Processor] NIM endpoint: http://127.0.0.1:8000/v1
[Image Processor] Vision model: nvidia/nemotron-3-nano-omni-30b-a3b-reasoning
[Image Processor] Concurrency=64 | target_rps=30
[Image Processor] Loading embedding model: all-MiniLM-L6-v2
Warning: You are sending unauthenticated requests to the HF Hub. Please set a HF_TOKEN to enable higher rate limits and faster downloads.
Loading weights:   0%|          | 0/103 [00:00<?, ?it/s]Loading weights: 100%|██████████| 103/103 [00:00<00:00, 9075.72it/s]
[Image Processor] Embedding model ready.
[Image Processor] Loading image manifests from eu_legislation/batch_0259/image_store
[Image Processor] Eligible image assets loaded: 0
[Image Processor] Starting visual descriptions | images=0 | max_concurrency=64 | target_rps=30
[Image Processor] No eligible images found.
[Image Processor] Writing image artifacts | records=0 | destination=eu_legislation/batch_0259/image_index
[Image Processor] Artifacts complete | indexed=0 | errors=0
{'records': 0, 'indexed': 0, 'errors': 0, 'destination': 'eu_legislation/batch_0259/image_index'}
[Image Processor] NIM endpoint: http://127.0.0.1:8000/v1
[Image Processor] Vision model: nvidia/nemotron-3-nano-omni-30b-a3b-reasoning
[Image Processor] Concurrency=64 | target_rps=30
[Image Processor] Loading embedding model: all-MiniLM-L6-v2
Warning: You are sending unauthenticated requests to the HF Hub. Please set a HF_TOKEN to enable higher rate limits and faster downloads.
Loading weights:   0%|          | 0/103 [00:00<?, ?it/s]Loading weights: 100%|██████████| 103/103 [00:00<00:00, 10110.54it/s]
[Image Processor] Embedding model ready.
[Image Processor] Loading image manifests from eu_legislation/batch_0260/image_store
[Image Processor] Eligible image assets loaded: 0
[Image Processor] Starting visual descriptions | images=0 | max_concurrency=64 | target_rps=30
[Image Processor] No eligible images found.
[Image Processor] Writing image artifacts | records=0 | destination=eu_legislation/batch_0260/image_index
[Image Processor] Artifacts complete | indexed=0 | errors=0
{'records': 0, 'indexed': 0, 'errors': 0, 'destination': 'eu_legislation/batch_0260/image_index'}
[Image Processor] NIM endpoint: http://127.0.0.1:8000/v1
[Image Processor] Vision model: nvidia/nemotron-3-nano-omni-30b-a3b-reasoning
[Image Processor] Concurrency=64 | target_rps=30
[Image Processor] Loading embedding model: all-MiniLM-L6-v2
Warning: You are sending unauthenticated requests to the HF Hub. Please set a HF_TOKEN to enable higher rate limits and faster downloads.
Loading weights:   0%|          | 0/103 [00:00<?, ?it/s]Loading weights: 100%|██████████| 103/103 [00:00<00:00, 9487.08it/s]
[Image Processor] Embedding model ready.
[Image Processor] Loading image manifests from eu_legislation/batch_0261/image_store
[Image Processor] Eligible image assets loaded: 0
[Image Processor] Starting visual descriptions | images=0 | max_concurrency=64 | target_rps=30
[Image Processor] No eligible images found.
[Image Processor] Writing image artifacts | records=0 | destination=eu_legislation/batch_0261/image_index
[Image Processor] Artifacts complete | indexed=0 | errors=0
{'records': 0, 'indexed': 0, 'errors': 0, 'destination': 'eu_legislation/batch_0261/image_index'}
[Image Processor] NIM endpoint: http://127.0.0.1:8000/v1
[Image Processor] Vision model: nvidia/nemotron-3-nano-omni-30b-a3b-reasoning
[Image Processor] Concurrency=64 | target_rps=30
[Image Processor] Loading embedding model: all-MiniLM-L6-v2
Warning: You are sending unauthenticated requests to the HF Hub. Please set a HF_TOKEN to enable higher rate limits and faster downloads.
Loading weights:   0%|          | 0/103 [00:00<?, ?it/s]Loading weights: 100%|██████████| 103/103 [00:00<00:00, 8982.13it/s]
[Image Processor] Embedding model ready.
[Image Processor] Loading image manifests from eu_legislation/batch_0262/image_store
[Image Processor] Eligible image assets loaded: 2
[Image Processor] Starting visual descriptions | images=2 | max_concurrency=64 | target_rps=30
[Image Processor] Progress 1/2 (50.0%) | success=1 error=0 | avg=0.71 images/s | elapsed=0.0 min
[Image Processor] Progress 2/2 (100.0%) | success=2 error=0 | avg=1.18 images/s | elapsed=0.0 min
[Image Processor] Visual descriptions complete | images=2 | success=2 error=0 | avg=1.18 images/s | elapsed=0.0 min
[Image Processor] Writing image artifacts | records=2 | destination=eu_legislation/batch_0262/image_index
[Image Processor] Embedding 2 successful descriptions with all-MiniLM-L6-v2...
[Image Processor] FAISS index written | vectors=2 | dimension=384
[Image Processor] Artifacts complete | indexed=2 | errors=0
{'records': 2, 'indexed': 2, 'errors': 0, 'destination': 'eu_legislation/batch_0262/image_index'}
[Image Processor] NIM endpoint: http://127.0.0.1:8000/v1
[Image Processor] Vision model: nvidia/nemotron-3-nano-omni-30b-a3b-reasoning
[Image Processor] Concurrency=64 | target_rps=30
[Image Processor] Loading embedding model: all-MiniLM-L6-v2
Warning: You are sending unauthenticated requests to the HF Hub. Please set a HF_TOKEN to enable higher rate limits and faster downloads.
Loading weights:   0%|          | 0/103 [00:00<?, ?it/s]Loading weights: 100%|██████████| 103/103 [00:00<00:00, 9685.53it/s]
[Image Processor] Embedding model ready.
[Image Processor] Loading image manifests from eu_legislation/batch_0263/image_store
[Image Processor] Eligible image assets loaded: 12
[Image Processor] Starting visual descriptions | images=12 | max_concurrency=64 | target_rps=30
[Image Processor] Progress 1/12 (8.3%) | success=1 error=0 | avg=0.19 images/s | elapsed=0.1 min
[Image Processor] Progress 2/12 (16.7%) | success=2 error=0 | avg=0.28 images/s | elapsed=0.1 min
[Image Processor] Progress 3/12 (25.0%) | success=3 error=0 | avg=0.38 images/s | elapsed=0.1 min
[Image Processor] Progress 4/12 (33.3%) | success=4 error=0 | avg=0.49 images/s | elapsed=0.1 min
[Image Processor] Progress 5/12 (41.7%) | success=5 error=0 | avg=0.57 images/s | elapsed=0.1 min
[Image Processor] Progress 6/12 (50.0%) | success=6 error=0 | avg=0.64 images/s | elapsed=0.2 min
[Image Processor] Progress 7/12 (58.3%) | success=7 error=0 | avg=0.74 images/s | elapsed=0.2 min
[Image Processor] Progress 8/12 (66.7%) | success=8 error=0 | avg=0.82 images/s | elapsed=0.2 min
[Image Processor] Progress 9/12 (75.0%) | success=9 error=0 | avg=0.90 images/s | elapsed=0.2 min
[Image Processor] Progress 10/12 (83.3%) | success=10 error=0 | avg=0.98 images/s | elapsed=0.2 min
[Image Processor] Progress 12/12 (100.0%) | success=12 error=0 | avg=1.12 images/s | elapsed=0.2 min
[Image Processor] Visual descriptions complete | images=12 | success=12 error=0 | avg=1.12 images/s | elapsed=0.2 min
[Image Processor] Writing image artifacts | records=12 | destination=eu_legislation/batch_0263/image_index
[Image Processor] Embedding 12 successful descriptions with all-MiniLM-L6-v2...
[Image Processor] FAISS index written | vectors=12 | dimension=384
[Image Processor] Artifacts complete | indexed=12 | errors=0
{'records': 12, 'indexed': 12, 'errors': 0, 'destination': 'eu_legislation/batch_0263/image_index'}
[Image Processor] NIM endpoint: http://127.0.0.1:8000/v1
[Image Processor] Vision model: nvidia/nemotron-3-nano-omni-30b-a3b-reasoning
[Image Processor] Concurrency=64 | target_rps=30
[Image Processor] Loading embedding model: all-MiniLM-L6-v2
Warning: You are sending unauthenticated requests to the HF Hub. Please set a HF_TOKEN to enable higher rate limits and faster downloads.
Loading weights:   0%|          | 0/103 [00:00<?, ?it/s]Loading weights: 100%|██████████| 103/103 [00:00<00:00, 10244.32it/s]
[Image Processor] Embedding model ready.
[Image Processor] Loading image manifests from eu_legislation/batch_0264/image_store
[Image Processor] Eligible image assets loaded: 3
[Image Processor] Starting visual descriptions | images=3 | max_concurrency=64 | target_rps=30
[Image Processor] Progress 1/3 (33.3%) | success=1 error=0 | avg=0.74 images/s | elapsed=0.0 min
[Image Processor] Progress 2/3 (66.7%) | success=2 error=0 | avg=1.28 images/s | elapsed=0.0 min
[Image Processor] Progress 3/3 (100.0%) | success=3 error=0 | avg=1.69 images/s | elapsed=0.0 min
[Image Processor] Visual descriptions complete | images=3 | success=3 error=0 | avg=1.69 images/s | elapsed=0.0 min
[Image Processor] Writing image artifacts | records=3 | destination=eu_legislation/batch_0264/image_index
[Image Processor] Embedding 3 successful descriptions with all-MiniLM-L6-v2...
[Image Processor] FAISS index written | vectors=3 | dimension=384
[Image Processor] Artifacts complete | indexed=3 | errors=0
{'records': 3, 'indexed': 3, 'errors': 0, 'destination': 'eu_legislation/batch_0264/image_index'}
[Image Processor] NIM endpoint: http://127.0.0.1:8000/v1
[Image Processor] Vision model: nvidia/nemotron-3-nano-omni-30b-a3b-reasoning
[Image Processor] Concurrency=64 | target_rps=30
[Image Processor] Loading embedding model: all-MiniLM-L6-v2
Warning: You are sending unauthenticated requests to the HF Hub. Please set a HF_TOKEN to enable higher rate limits and faster downloads.
Loading weights:   0%|          | 0/103 [00:00<?, ?it/s]Loading weights: 100%|██████████| 103/103 [00:00<00:00, 9892.91it/s]
[Image Processor] Embedding model ready.
[Image Processor] Loading image manifests from eu_legislation/batch_0265/image_store
[Image Processor] Eligible image assets loaded: 1
[Image Processor] Starting visual descriptions | images=1 | max_concurrency=64 | target_rps=30
[Image Processor] Progress 1/1 (100.0%) | success=1 error=0 | avg=1.09 images/s | elapsed=0.0 min
[Image Processor] Visual descriptions complete | images=1 | success=1 error=0 | avg=1.09 images/s | elapsed=0.0 min
[Image Processor] Writing image artifacts | records=1 | destination=eu_legislation/batch_0265/image_index
[Image Processor] Embedding 1 successful descriptions with all-MiniLM-L6-v2...
[Image Processor] FAISS index written | vectors=1 | dimension=384
[Image Processor] Artifacts complete | indexed=1 | errors=0
{'records': 1, 'indexed': 1, 'errors': 0, 'destination': 'eu_legislation/batch_0265/image_index'}
[Image Processor] NIM endpoint: http://127.0.0.1:8000/v1
[Image Processor] Vision model: nvidia/nemotron-3-nano-omni-30b-a3b-reasoning
[Image Processor] Concurrency=64 | target_rps=30
[Image Processor] Loading embedding model: all-MiniLM-L6-v2
Warning: You are sending unauthenticated requests to the HF Hub. Please set a HF_TOKEN to enable higher rate limits and faster downloads.
Loading weights:   0%|          | 0/103 [00:00<?, ?it/s]Loading weights: 100%|██████████| 103/103 [00:00<00:00, 10019.56it/s]
[Image Processor] Embedding model ready.
[Image Processor] Loading image manifests from eu_legislation/batch_0266/image_store
[Image Processor] Eligible image assets loaded: 10
[Image Processor] Starting visual descriptions | images=10 | max_concurrency=64 | target_rps=30
[Image Processor] Progress 1/10 (10.0%) | success=1 error=0 | avg=0.18 images/s | elapsed=0.1 min
[Image Processor] Progress 2/10 (20.0%) | success=2 error=0 | avg=0.30 images/s | elapsed=0.1 min
[Image Processor] Progress 3/10 (30.0%) | success=3 error=0 | avg=0.38 images/s | elapsed=0.1 min
[Image Processor] Progress 4/10 (40.0%) | success=4 error=0 | avg=0.49 images/s | elapsed=0.1 min
[Image Processor] Progress 5/10 (50.0%) | success=5 error=0 | avg=0.62 images/s | elapsed=0.1 min
[Image Processor] Progress 6/10 (60.0%) | success=6 error=0 | avg=0.68 images/s | elapsed=0.1 min
[Image Processor] Progress 7/10 (70.0%) | success=7 error=0 | avg=0.77 images/s | elapsed=0.2 min
[Image Processor] Progress 8/10 (80.0%) | success=8 error=0 | avg=0.84 images/s | elapsed=0.2 min
[Image Processor] Progress 9/10 (90.0%) | success=9 error=0 | avg=0.93 images/s | elapsed=0.2 min
[Image Processor] Progress 10/10 (100.0%) | success=10 error=0 | avg=1.01 images/s | elapsed=0.2 min
[Image Processor] Visual descriptions complete | images=10 | success=10 error=0 | avg=1.01 images/s | elapsed=0.2 min
[Image Processor] Writing image artifacts | records=10 | destination=eu_legislation/batch_0266/image_index
[Image Processor] Embedding 10 successful descriptions with all-MiniLM-L6-v2...
[Image Processor] FAISS index written | vectors=10 | dimension=384
[Image Processor] Artifacts complete | indexed=10 | errors=0
{'records': 10, 'indexed': 10, 'errors': 0, 'destination': 'eu_legislation/batch_0266/image_index'}
[Image Processor] NIM endpoint: http://127.0.0.1:8000/v1
[Image Processor] Vision model: nvidia/nemotron-3-nano-omni-30b-a3b-reasoning
[Image Processor] Concurrency=64 | target_rps=30
[Image Processor] Loading embedding model: all-MiniLM-L6-v2
Warning: You are sending unauthenticated requests to the HF Hub. Please set a HF_TOKEN to enable higher rate limits and faster downloads.
Loading weights:   0%|          | 0/103 [00:00<?, ?it/s]Loading weights: 100%|██████████| 103/103 [00:00<00:00, 9488.54it/s]
[Image Processor] Embedding model ready.
[Image Processor] Loading image manifests from eu_legislation/batch_0267/image_store
[Image Processor] Eligible image assets loaded: 0
[Image Processor] Starting visual descriptions | images=0 | max_concurrency=64 | target_rps=30
[Image Processor] No eligible images found.
[Image Processor] Writing image artifacts | records=0 | destination=eu_legislation/batch_0267/image_index
[Image Processor] Artifacts complete | indexed=0 | errors=0
{'records': 0, 'indexed': 0, 'errors': 0, 'destination': 'eu_legislation/batch_0267/image_index'}
[Image Processor] NIM endpoint: http://127.0.0.1:8000/v1
[Image Processor] Vision model: nvidia/nemotron-3-nano-omni-30b-a3b-reasoning
[Image Processor] Concurrency=64 | target_rps=30
[Image Processor] Loading embedding model: all-MiniLM-L6-v2
Warning: You are sending unauthenticated requests to the HF Hub. Please set a HF_TOKEN to enable higher rate limits and faster downloads.
Loading weights:   0%|          | 0/103 [00:00<?, ?it/s]Loading weights: 100%|██████████| 103/103 [00:00<00:00, 9969.38it/s]
[Image Processor] Embedding model ready.
[Image Processor] Loading image manifests from eu_legislation/batch_0268/image_store
[Image Processor] Eligible image assets loaded: 0
[Image Processor] Starting visual descriptions | images=0 | max_concurrency=64 | target_rps=30
[Image Processor] No eligible images found.
[Image Processor] Writing image artifacts | records=0 | destination=eu_legislation/batch_0268/image_index
[Image Processor] Artifacts complete | indexed=0 | errors=0
{'records': 0, 'indexed': 0, 'errors': 0, 'destination': 'eu_legislation/batch_0268/image_index'}
[Image Processor] NIM endpoint: http://127.0.0.1:8000/v1
[Image Processor] Vision model: nvidia/nemotron-3-nano-omni-30b-a3b-reasoning
[Image Processor] Concurrency=64 | target_rps=30
[Image Processor] Loading embedding model: all-MiniLM-L6-v2
Warning: You are sending unauthenticated requests to the HF Hub. Please set a HF_TOKEN to enable higher rate limits and faster downloads.
Loading weights:   0%|          | 0/103 [00:00<?, ?it/s]Loading weights: 100%|██████████| 103/103 [00:00<00:00, 9778.70it/s]
[Image Processor] Embedding model ready.
[Image Processor] Loading image manifests from eu_legislation/batch_0269/image_store
[Image Processor] Eligible image assets loaded: 0
[Image Processor] Starting visual descriptions | images=0 | max_concurrency=64 | target_rps=30
[Image Processor] No eligible images found.
[Image Processor] Writing image artifacts | records=0 | destination=eu_legislation/batch_0269/image_index
[Image Processor] Artifacts complete | indexed=0 | errors=0
{'records': 0, 'indexed': 0, 'errors': 0, 'destination': 'eu_legislation/batch_0269/image_index'}
[Image Processor] NIM endpoint: http://127.0.0.1:8000/v1
[Image Processor] Vision model: nvidia/nemotron-3-nano-omni-30b-a3b-reasoning
[Image Processor] Concurrency=64 | target_rps=30
[Image Processor] Loading embedding model: all-MiniLM-L6-v2
Warning: You are sending unauthenticated requests to the HF Hub. Please set a HF_TOKEN to enable higher rate limits and faster downloads.
Loading weights:   0%|          | 0/103 [00:00<?, ?it/s]Loading weights: 100%|██████████| 103/103 [00:00<00:00, 9719.74it/s]
[Image Processor] Embedding model ready.
[Image Processor] Loading image manifests from eu_legislation/batch_0270/image_store
[Image Processor] Eligible image assets loaded: 0
[Image Processor] Starting visual descriptions | images=0 | max_concurrency=64 | target_rps=30
[Image Processor] No eligible images found.
[Image Processor] Writing image artifacts | records=0 | destination=eu_legislation/batch_0270/image_index
[Image Processor] Artifacts complete | indexed=0 | errors=0
{'records': 0, 'indexed': 0, 'errors': 0, 'destination': 'eu_legislation/batch_0270/image_index'}
[Image Processor] NIM endpoint: http://127.0.0.1:8000/v1
[Image Processor] Vision model: nvidia/nemotron-3-nano-omni-30b-a3b-reasoning
[Image Processor] Concurrency=64 | target_rps=30
[Image Processor] Loading embedding model: all-MiniLM-L6-v2
Warning: You are sending unauthenticated requests to the HF Hub. Please set a HF_TOKEN to enable higher rate limits and faster downloads.
Loading weights:   0%|          | 0/103 [00:00<?, ?it/s]Loading weights: 100%|██████████| 103/103 [00:00<00:00, 9616.97it/s]
[Image Processor] Embedding model ready.
[Image Processor] Loading image manifests from eu_legislation/batch_0271/image_store
[Image Processor] Eligible image assets loaded: 0
[Image Processor] Starting visual descriptions | images=0 | max_concurrency=64 | target_rps=30
[Image Processor] No eligible images found.
[Image Processor] Writing image artifacts | records=0 | destination=eu_legislation/batch_0271/image_index
[Image Processor] Artifacts complete | indexed=0 | errors=0
{'records': 0, 'indexed': 0, 'errors': 0, 'destination': 'eu_legislation/batch_0271/image_index'}
[Image Processor] NIM endpoint: http://127.0.0.1:8000/v1
[Image Processor] Vision model: nvidia/nemotron-3-nano-omni-30b-a3b-reasoning
[Image Processor] Concurrency=64 | target_rps=30
[Image Processor] Loading embedding model: all-MiniLM-L6-v2
Warning: You are sending unauthenticated requests to the HF Hub. Please set a HF_TOKEN to enable higher rate limits and faster downloads.
Loading weights:   0%|          | 0/103 [00:00<?, ?it/s]Loading weights: 100%|██████████| 103/103 [00:00<00:00, 10216.46it/s]
[Image Processor] Embedding model ready.
[Image Processor] Loading image manifests from eu_legislation/batch_0272/image_store
[Image Processor] Eligible image assets loaded: 0
[Image Processor] Starting visual descriptions | images=0 | max_concurrency=64 | target_rps=30
[Image Processor] No eligible images found.
[Image Processor] Writing image artifacts | records=0 | destination=eu_legislation/batch_0272/image_index
[Image Processor] Artifacts complete | indexed=0 | errors=0
{'records': 0, 'indexed': 0, 'errors': 0, 'destination': 'eu_legislation/batch_0272/image_index'}
[Image Processor] NIM endpoint: http://127.0.0.1:8000/v1
[Image Processor] Vision model: nvidia/nemotron-3-nano-omni-30b-a3b-reasoning
[Image Processor] Concurrency=64 | target_rps=30
[Image Processor] Loading embedding model: all-MiniLM-L6-v2
Warning: You are sending unauthenticated requests to the HF Hub. Please set a HF_TOKEN to enable higher rate limits and faster downloads.
Loading weights:   0%|          | 0/103 [00:00<?, ?it/s]Loading weights: 100%|██████████| 103/103 [00:00<00:00, 9800.66it/s]
[Image Processor] Embedding model ready.
[Image Processor] Loading image manifests from eu_legislation/batch_0273/image_store
[Image Processor] Eligible image assets loaded: 0
[Image Processor] Starting visual descriptions | images=0 | max_concurrency=64 | target_rps=30
[Image Processor] No eligible images found.
[Image Processor] Writing image artifacts | records=0 | destination=eu_legislation/batch_0273/image_index
[Image Processor] Artifacts complete | indexed=0 | errors=0
{'records': 0, 'indexed': 0, 'errors': 0, 'destination': 'eu_legislation/batch_0273/image_index'}
[Image Processor] NIM endpoint: http://127.0.0.1:8000/v1
[Image Processor] Vision model: nvidia/nemotron-3-nano-omni-30b-a3b-reasoning
[Image Processor] Concurrency=64 | target_rps=30
[Image Processor] Loading embedding model: all-MiniLM-L6-v2
Warning: You are sending unauthenticated requests to the HF Hub. Please set a HF_TOKEN to enable higher rate limits and faster downloads.
Loading weights:   0%|          | 0/103 [00:00<?, ?it/s]Loading weights: 100%|██████████| 103/103 [00:00<00:00, 10310.09it/s]
[Image Processor] Embedding model ready.
[Image Processor] Loading image manifests from eu_legislation/batch_0274/image_store
[Image Processor] Eligible image assets loaded: 4
[Image Processor] Starting visual descriptions | images=4 | max_concurrency=64 | target_rps=30
[Image Processor] Progress 1/4 (25.0%) | success=1 error=0 | avg=0.76 images/s | elapsed=0.0 min
[Image Processor] Progress 2/4 (50.0%) | success=2 error=0 | avg=1.46 images/s | elapsed=0.0 min
[Image Processor] Progress 3/4 (75.0%) | success=3 error=0 | avg=2.16 images/s | elapsed=0.0 min
[Image Processor] Progress 4/4 (100.0%) | success=4 error=0 | avg=2.57 images/s | elapsed=0.0 min
[Image Processor] Visual descriptions complete | images=4 | success=4 error=0 | avg=2.57 images/s | elapsed=0.0 min
[Image Processor] Writing image artifacts | records=4 | destination=eu_legislation/batch_0274/image_index
[Image Processor] Embedding 4 successful descriptions with all-MiniLM-L6-v2...
[Image Processor] FAISS index written | vectors=4 | dimension=384
[Image Processor] Artifacts complete | indexed=4 | errors=0
{'records': 4, 'indexed': 4, 'errors': 0, 'destination': 'eu_legislation/batch_0274/image_index'}
[Image Processor] NIM endpoint: http://127.0.0.1:8000/v1
[Image Processor] Vision model: nvidia/nemotron-3-nano-omni-30b-a3b-reasoning
[Image Processor] Concurrency=64 | target_rps=30
[Image Processor] Loading embedding model: all-MiniLM-L6-v2
Warning: You are sending unauthenticated requests to the HF Hub. Please set a HF_TOKEN to enable higher rate limits and faster downloads.
Loading weights:   0%|          | 0/103 [00:00<?, ?it/s]Loading weights: 100%|██████████| 103/103 [00:00<00:00, 9889.28it/s]
[Image Processor] Embedding model ready.
[Image Processor] Loading image manifests from eu_legislation/batch_0275/image_store
[Image Processor] Eligible image assets loaded: 0
[Image Processor] Starting visual descriptions | images=0 | max_concurrency=64 | target_rps=30
[Image Processor] No eligible images found.
[Image Processor] Writing image artifacts | records=0 | destination=eu_legislation/batch_0275/image_index
[Image Processor] Artifacts complete | indexed=0 | errors=0
{'records': 0, 'indexed': 0, 'errors': 0, 'destination': 'eu_legislation/batch_0275/image_index'}
[Image Processor] NIM endpoint: http://127.0.0.1:8000/v1
[Image Processor] Vision model: nvidia/nemotron-3-nano-omni-30b-a3b-reasoning
[Image Processor] Concurrency=64 | target_rps=30
[Image Processor] Loading embedding model: all-MiniLM-L6-v2
Warning: You are sending unauthenticated requests to the HF Hub. Please set a HF_TOKEN to enable higher rate limits and faster downloads.
Loading weights:   0%|          | 0/103 [00:00<?, ?it/s]Loading weights: 100%|██████████| 103/103 [00:00<00:00, 9121.52it/s]
[Image Processor] Embedding model ready.
[Image Processor] Loading image manifests from eu_legislation/batch_0276/image_store
[Image Processor] Eligible image assets loaded: 0
[Image Processor] Starting visual descriptions | images=0 | max_concurrency=64 | target_rps=30
[Image Processor] No eligible images found.
[Image Processor] Writing image artifacts | records=0 | destination=eu_legislation/batch_0276/image_index
[Image Processor] Artifacts complete | indexed=0 | errors=0
{'records': 0, 'indexed': 0, 'errors': 0, 'destination': 'eu_legislation/batch_0276/image_index'}
[Image Processor] NIM endpoint: http://127.0.0.1:8000/v1
[Image Processor] Vision model: nvidia/nemotron-3-nano-omni-30b-a3b-reasoning
[Image Processor] Concurrency=64 | target_rps=30
[Image Processor] Loading embedding model: all-MiniLM-L6-v2
Warning: You are sending unauthenticated requests to the HF Hub. Please set a HF_TOKEN to enable higher rate limits and faster downloads.
Loading weights:   0%|          | 0/103 [00:00<?, ?it/s]Loading weights: 100%|██████████| 103/103 [00:00<00:00, 9340.02it/s]
[Image Processor] Embedding model ready.
[Image Processor] Loading image manifests from eu_legislation/batch_0277/image_store
[Image Processor] Eligible image assets loaded: 1
[Image Processor] Starting visual descriptions | images=1 | max_concurrency=64 | target_rps=30
[Image Processor] Progress 1/1 (100.0%) | success=1 error=0 | avg=0.49 images/s | elapsed=0.0 min
[Image Processor] Visual descriptions complete | images=1 | success=1 error=0 | avg=0.49 images/s | elapsed=0.0 min
[Image Processor] Writing image artifacts | records=1 | destination=eu_legislation/batch_0277/image_index
[Image Processor] Embedding 1 successful descriptions with all-MiniLM-L6-v2...
[Image Processor] FAISS index written | vectors=1 | dimension=384
[Image Processor] Artifacts complete | indexed=1 | errors=0
{'records': 1, 'indexed': 1, 'errors': 0, 'destination': 'eu_legislation/batch_0277/image_index'}
[Image Processor] NIM endpoint: http://127.0.0.1:8000/v1
[Image Processor] Vision model: nvidia/nemotron-3-nano-omni-30b-a3b-reasoning
[Image Processor] Concurrency=64 | target_rps=30
[Image Processor] Loading embedding model: all-MiniLM-L6-v2
Warning: You are sending unauthenticated requests to the HF Hub. Please set a HF_TOKEN to enable higher rate limits and faster downloads.
Loading weights:   0%|          | 0/103 [00:00<?, ?it/s]Loading weights: 100%|██████████| 103/103 [00:00<00:00, 9729.81it/s]
[Image Processor] Embedding model ready.
[Image Processor] Loading image manifests from eu_legislation/batch_0278/image_store
[Image Processor] Eligible image assets loaded: 0
[Image Processor] Starting visual descriptions | images=0 | max_concurrency=64 | target_rps=30
[Image Processor] No eligible images found.
[Image Processor] Writing image artifacts | records=0 | destination=eu_legislation/batch_0278/image_index
[Image Processor] Artifacts complete | indexed=0 | errors=0
{'records': 0, 'indexed': 0, 'errors': 0, 'destination': 'eu_legislation/batch_0278/image_index'}
[Image Processor] NIM endpoint: http://127.0.0.1:8000/v1
[Image Processor] Vision model: nvidia/nemotron-3-nano-omni-30b-a3b-reasoning
[Image Processor] Concurrency=64 | target_rps=30
[Image Processor] Loading embedding model: all-MiniLM-L6-v2
Warning: You are sending unauthenticated requests to the HF Hub. Please set a HF_TOKEN to enable higher rate limits and faster downloads.
Loading weights:   0%|          | 0/103 [00:00<?, ?it/s]Loading weights: 100%|██████████| 103/103 [00:00<00:00, 10068.36it/s]
[Image Processor] Embedding model ready.
[Image Processor] Loading image manifests from eu_legislation/batch_0279/image_store
[Image Processor] Eligible image assets loaded: 0
[Image Processor] Starting visual descriptions | images=0 | max_concurrency=64 | target_rps=30
[Image Processor] No eligible images found.
[Image Processor] Writing image artifacts | records=0 | destination=eu_legislation/batch_0279/image_index
[Image Processor] Artifacts complete | indexed=0 | errors=0
{'records': 0, 'indexed': 0, 'errors': 0, 'destination': 'eu_legislation/batch_0279/image_index'}
[Image Processor] NIM endpoint: http://127.0.0.1:8000/v1
[Image Processor] Vision model: nvidia/nemotron-3-nano-omni-30b-a3b-reasoning
[Image Processor] Concurrency=64 | target_rps=30
[Image Processor] Loading embedding model: all-MiniLM-L6-v2
Warning: You are sending unauthenticated requests to the HF Hub. Please set a HF_TOKEN to enable higher rate limits and faster downloads.
Loading weights:   0%|          | 0/103 [00:00<?, ?it/s]Loading weights: 100%|██████████| 103/103 [00:00<00:00, 9494.80it/s]
[Image Processor] Embedding model ready.
[Image Processor] Loading image manifests from eu_legislation/batch_0280/image_store
[Image Processor] Eligible image assets loaded: 0
[Image Processor] Starting visual descriptions | images=0 | max_concurrency=64 | target_rps=30
[Image Processor] No eligible images found.
[Image Processor] Writing image artifacts | records=0 | destination=eu_legislation/batch_0280/image_index
[Image Processor] Artifacts complete | indexed=0 | errors=0
{'records': 0, 'indexed': 0, 'errors': 0, 'destination': 'eu_legislation/batch_0280/image_index'}
[Image Processor] NIM endpoint: http://127.0.0.1:8000/v1
[Image Processor] Vision model: nvidia/nemotron-3-nano-omni-30b-a3b-reasoning
[Image Processor] Concurrency=64 | target_rps=30
[Image Processor] Loading embedding model: all-MiniLM-L6-v2
Warning: You are sending unauthenticated requests to the HF Hub. Please set a HF_TOKEN to enable higher rate limits and faster downloads.
Loading weights:   0%|          | 0/103 [00:00<?, ?it/s]Loading weights: 100%|██████████| 103/103 [00:00<00:00, 9993.60it/s]
[Image Processor] Embedding model ready.
[Image Processor] Loading image manifests from eu_legislation/batch_0281/image_store
[Image Processor] Eligible image assets loaded: 0
[Image Processor] Starting visual descriptions | images=0 | max_concurrency=64 | target_rps=30
[Image Processor] No eligible images found.
[Image Processor] Writing image artifacts | records=0 | destination=eu_legislation/batch_0281/image_index
[Image Processor] Artifacts complete | indexed=0 | errors=0
{'records': 0, 'indexed': 0, 'errors': 0, 'destination': 'eu_legislation/batch_0281/image_index'}
[Image Processor] NIM endpoint: http://127.0.0.1:8000/v1
[Image Processor] Vision model: nvidia/nemotron-3-nano-omni-30b-a3b-reasoning
[Image Processor] Concurrency=64 | target_rps=30
[Image Processor] Loading embedding model: all-MiniLM-L6-v2
Warning: You are sending unauthenticated requests to the HF Hub. Please set a HF_TOKEN to enable higher rate limits and faster downloads.
Loading weights:   0%|          | 0/103 [00:00<?, ?it/s]Loading weights: 100%|██████████| 103/103 [00:00<00:00, 8930.32it/s]
[Image Processor] Embedding model ready.
[Image Processor] Loading image manifests from eu_legislation/batch_0282/image_store
[Image Processor] Eligible image assets loaded: 4
[Image Processor] Starting visual descriptions | images=4 | max_concurrency=64 | target_rps=30
[Image Processor] Progress 1/4 (25.0%) | success=1 error=0 | avg=0.84 images/s | elapsed=0.0 min
[Image Processor] Progress 2/4 (50.0%) | success=2 error=0 | avg=1.50 images/s | elapsed=0.0 min
[Image Processor] Progress 3/4 (75.0%) | success=3 error=0 | avg=2.22 images/s | elapsed=0.0 min
[Image Processor] Progress 4/4 (100.0%) | success=4 error=0 | avg=2.79 images/s | elapsed=0.0 min
[Image Processor] Visual descriptions complete | images=4 | success=4 error=0 | avg=2.79 images/s | elapsed=0.0 min
[Image Processor] Writing image artifacts | records=4 | destination=eu_legislation/batch_0282/image_index
[Image Processor] Embedding 4 successful descriptions with all-MiniLM-L6-v2...
[Image Processor] FAISS index written | vectors=4 | dimension=384
[Image Processor] Artifacts complete | indexed=4 | errors=0
{'records': 4, 'indexed': 4, 'errors': 0, 'destination': 'eu_legislation/batch_0282/image_index'}
[Image Processor] NIM endpoint: http://127.0.0.1:8000/v1
[Image Processor] Vision model: nvidia/nemotron-3-nano-omni-30b-a3b-reasoning
[Image Processor] Concurrency=64 | target_rps=30
[Image Processor] Loading embedding model: all-MiniLM-L6-v2
Warning: You are sending unauthenticated requests to the HF Hub. Please set a HF_TOKEN to enable higher rate limits and faster downloads.
Loading weights:   0%|          | 0/103 [00:00<?, ?it/s]Loading weights: 100%|██████████| 103/103 [00:00<00:00, 9886.11it/s]
[Image Processor] Embedding model ready.
[Image Processor] Loading image manifests from eu_legislation/batch_0283/image_store
[Image Processor] Eligible image assets loaded: 0
[Image Processor] Starting visual descriptions | images=0 | max_concurrency=64 | target_rps=30
[Image Processor] No eligible images found.
[Image Processor] Writing image artifacts | records=0 | destination=eu_legislation/batch_0283/image_index
[Image Processor] Artifacts complete | indexed=0 | errors=0
{'records': 0, 'indexed': 0, 'errors': 0, 'destination': 'eu_legislation/batch_0283/image_index'}
[Image Processor] NIM endpoint: http://127.0.0.1:8000/v1
[Image Processor] Vision model: nvidia/nemotron-3-nano-omni-30b-a3b-reasoning
[Image Processor] Concurrency=64 | target_rps=30
[Image Processor] Loading embedding model: all-MiniLM-L6-v2
Warning: You are sending unauthenticated requests to the HF Hub. Please set a HF_TOKEN to enable higher rate limits and faster downloads.
Loading weights:   0%|          | 0/103 [00:00<?, ?it/s]Loading weights: 100%|██████████| 103/103 [00:00<00:00, 9383.23it/s]
[Image Processor] Embedding model ready.
[Image Processor] Loading image manifests from eu_legislation/batch_0284/image_store
[Image Processor] Eligible image assets loaded: 0
[Image Processor] Starting visual descriptions | images=0 | max_concurrency=64 | target_rps=30
[Image Processor] No eligible images found.
[Image Processor] Writing image artifacts | records=0 | destination=eu_legislation/batch_0284/image_index
[Image Processor] Artifacts complete | indexed=0 | errors=0
{'records': 0, 'indexed': 0, 'errors': 0, 'destination': 'eu_legislation/batch_0284/image_index'}
[Image Processor] NIM endpoint: http://127.0.0.1:8000/v1
[Image Processor] Vision model: nvidia/nemotron-3-nano-omni-30b-a3b-reasoning
[Image Processor] Concurrency=64 | target_rps=30
[Image Processor] Loading embedding model: all-MiniLM-L6-v2
Warning: You are sending unauthenticated requests to the HF Hub. Please set a HF_TOKEN to enable higher rate limits and faster downloads.
Loading weights:   0%|          | 0/103 [00:00<?, ?it/s]Loading weights: 100%|██████████| 103/103 [00:00<00:00, 9550.00it/s]
[Image Processor] Embedding model ready.
[Image Processor] Loading image manifests from eu_legislation/batch_0285/image_store
[Image Processor] Eligible image assets loaded: 5
[Image Processor] Starting visual descriptions | images=5 | max_concurrency=64 | target_rps=30
[Image Processor] Progress 1/5 (20.0%) | success=1 error=0 | avg=0.20 images/s | elapsed=0.1 min
[Image Processor] Progress 2/5 (40.0%) | success=2 error=0 | avg=0.34 images/s | elapsed=0.1 min
[Image Processor] Progress 3/5 (60.0%) | success=3 error=0 | avg=0.45 images/s | elapsed=0.1 min
[Image Processor] Progress 4/5 (80.0%) | success=4 error=0 | avg=0.58 images/s | elapsed=0.1 min
[Image Processor] Progress 5/5 (100.0%) | success=5 error=0 | avg=0.70 images/s | elapsed=0.1 min
[Image Processor] Visual descriptions complete | images=5 | success=5 error=0 | avg=0.70 images/s | elapsed=0.1 min
[Image Processor] Writing image artifacts | records=5 | destination=eu_legislation/batch_0285/image_index
[Image Processor] Embedding 5 successful descriptions with all-MiniLM-L6-v2...
[Image Processor] FAISS index written | vectors=5 | dimension=384
[Image Processor] Artifacts complete | indexed=5 | errors=0
{'records': 5, 'indexed': 5, 'errors': 0, 'destination': 'eu_legislation/batch_0285/image_index'}
[Image Processor] NIM endpoint: http://127.0.0.1:8000/v1
[Image Processor] Vision model: nvidia/nemotron-3-nano-omni-30b-a3b-reasoning
[Image Processor] Concurrency=64 | target_rps=30
[Image Processor] Loading embedding model: all-MiniLM-L6-v2
Warning: You are sending unauthenticated requests to the HF Hub. Please set a HF_TOKEN to enable higher rate limits and faster downloads.
Loading weights:   0%|          | 0/103 [00:00<?, ?it/s]Loading weights: 100%|██████████| 103/103 [00:00<00:00, 9207.44it/s]
[Image Processor] Embedding model ready.
[Image Processor] Loading image manifests from eu_legislation/batch_0286/image_store
[Image Processor] Eligible image assets loaded: 1
[Image Processor] Starting visual descriptions | images=1 | max_concurrency=64 | target_rps=30
[Image Processor] Progress 1/1 (100.0%) | success=1 error=0 | avg=0.28 images/s | elapsed=0.1 min
[Image Processor] Visual descriptions complete | images=1 | success=1 error=0 | avg=0.28 images/s | elapsed=0.1 min
[Image Processor] Writing image artifacts | records=1 | destination=eu_legislation/batch_0286/image_index
[Image Processor] Embedding 1 successful descriptions with all-MiniLM-L6-v2...
[Image Processor] FAISS index written | vectors=1 | dimension=384
[Image Processor] Artifacts complete | indexed=1 | errors=0
{'records': 1, 'indexed': 1, 'errors': 0, 'destination': 'eu_legislation/batch_0286/image_index'}
[Image Processor] NIM endpoint: http://127.0.0.1:8000/v1
[Image Processor] Vision model: nvidia/nemotron-3-nano-omni-30b-a3b-reasoning
[Image Processor] Concurrency=64 | target_rps=30
[Image Processor] Loading embedding model: all-MiniLM-L6-v2
Warning: You are sending unauthenticated requests to the HF Hub. Please set a HF_TOKEN to enable higher rate limits and faster downloads.
Loading weights:   0%|          | 0/103 [00:00<?, ?it/s]Loading weights: 100%|██████████| 103/103 [00:00<00:00, 9070.00it/s]
[Image Processor] Embedding model ready.
[Image Processor] Loading image manifests from eu_legislation/batch_0287/image_store
[Image Processor] Eligible image assets loaded: 0
[Image Processor] Starting visual descriptions | images=0 | max_concurrency=64 | target_rps=30
[Image Processor] No eligible images found.
[Image Processor] Writing image artifacts | records=0 | destination=eu_legislation/batch_0287/image_index
[Image Processor] Artifacts complete | indexed=0 | errors=0
{'records': 0, 'indexed': 0, 'errors': 0, 'destination': 'eu_legislation/batch_0287/image_index'}
[Image Processor] NIM endpoint: http://127.0.0.1:8000/v1
[Image Processor] Vision model: nvidia/nemotron-3-nano-omni-30b-a3b-reasoning
[Image Processor] Concurrency=64 | target_rps=30
[Image Processor] Loading embedding model: all-MiniLM-L6-v2
Warning: You are sending unauthenticated requests to the HF Hub. Please set a HF_TOKEN to enable higher rate limits and faster downloads.
Loading weights:   0%|          | 0/103 [00:00<?, ?it/s]Loading weights: 100%|██████████| 103/103 [00:00<00:00, 10581.82it/s]
[Image Processor] Embedding model ready.
[Image Processor] Loading image manifests from eu_legislation/batch_0288/image_store
[Image Processor] Eligible image assets loaded: 0
[Image Processor] Starting visual descriptions | images=0 | max_concurrency=64 | target_rps=30
[Image Processor] No eligible images found.
[Image Processor] Writing image artifacts | records=0 | destination=eu_legislation/batch_0288/image_index
[Image Processor] Artifacts complete | indexed=0 | errors=0
{'records': 0, 'indexed': 0, 'errors': 0, 'destination': 'eu_legislation/batch_0288/image_index'}
[Image Processor] NIM endpoint: http://127.0.0.1:8000/v1
[Image Processor] Vision model: nvidia/nemotron-3-nano-omni-30b-a3b-reasoning
[Image Processor] Concurrency=64 | target_rps=30
[Image Processor] Loading embedding model: all-MiniLM-L6-v2
Warning: You are sending unauthenticated requests to the HF Hub. Please set a HF_TOKEN to enable higher rate limits and faster downloads.
Loading weights:   0%|          | 0/103 [00:00<?, ?it/s]Loading weights: 100%|██████████| 103/103 [00:00<00:00, 9942.77it/s]
[Image Processor] Embedding model ready.
[Image Processor] Loading image manifests from eu_legislation/batch_0289/image_store
[Image Processor] Eligible image assets loaded: 0
[Image Processor] Starting visual descriptions | images=0 | max_concurrency=64 | target_rps=30
[Image Processor] No eligible images found.
[Image Processor] Writing image artifacts | records=0 | destination=eu_legislation/batch_0289/image_index
[Image Processor] Artifacts complete | indexed=0 | errors=0
{'records': 0, 'indexed': 0, 'errors': 0, 'destination': 'eu_legislation/batch_0289/image_index'}
[Image Processor] NIM endpoint: http://127.0.0.1:8000/v1
[Image Processor] Vision model: nvidia/nemotron-3-nano-omni-30b-a3b-reasoning
[Image Processor] Concurrency=64 | target_rps=30
[Image Processor] Loading embedding model: all-MiniLM-L6-v2
Warning: You are sending unauthenticated requests to the HF Hub. Please set a HF_TOKEN to enable higher rate limits and faster downloads.
Loading weights:   0%|          | 0/103 [00:00<?, ?it/s]Loading weights: 100%|██████████| 103/103 [00:00<00:00, 10199.58it/s]
[Image Processor] Embedding model ready.
[Image Processor] Loading image manifests from eu_legislation/batch_0290/image_store
[Image Processor] Eligible image assets loaded: 0
[Image Processor] Starting visual descriptions | images=0 | max_concurrency=64 | target_rps=30
[Image Processor] No eligible images found.
[Image Processor] Writing image artifacts | records=0 | destination=eu_legislation/batch_0290/image_index
[Image Processor] Artifacts complete | indexed=0 | errors=0
{'records': 0, 'indexed': 0, 'errors': 0, 'destination': 'eu_legislation/batch_0290/image_index'}
[Image Processor] NIM endpoint: http://127.0.0.1:8000/v1
[Image Processor] Vision model: nvidia/nemotron-3-nano-omni-30b-a3b-reasoning
[Image Processor] Concurrency=64 | target_rps=30
[Image Processor] Loading embedding model: all-MiniLM-L6-v2
Warning: You are sending unauthenticated requests to the HF Hub. Please set a HF_TOKEN to enable higher rate limits and faster downloads.
Loading weights:   0%|          | 0/103 [00:00<?, ?it/s]Loading weights: 100%|██████████| 103/103 [00:00<00:00, 10038.18it/s]
[Image Processor] Embedding model ready.
[Image Processor] Loading image manifests from eu_legislation/batch_0291/image_store
[Image Processor] Eligible image assets loaded: 0
[Image Processor] Starting visual descriptions | images=0 | max_concurrency=64 | target_rps=30
[Image Processor] No eligible images found.
[Image Processor] Writing image artifacts | records=0 | destination=eu_legislation/batch_0291/image_index
[Image Processor] Artifacts complete | indexed=0 | errors=0
{'records': 0, 'indexed': 0, 'errors': 0, 'destination': 'eu_legislation/batch_0291/image_index'}
[Image Processor] NIM endpoint: http://127.0.0.1:8000/v1
[Image Processor] Vision model: nvidia/nemotron-3-nano-omni-30b-a3b-reasoning
[Image Processor] Concurrency=64 | target_rps=30
[Image Processor] Loading embedding model: all-MiniLM-L6-v2
Warning: You are sending unauthenticated requests to the HF Hub. Please set a HF_TOKEN to enable higher rate limits and faster downloads.
Loading weights:   0%|          | 0/103 [00:00<?, ?it/s]Loading weights: 100%|██████████| 103/103 [00:00<00:00, 9608.20it/s]
[Image Processor] Embedding model ready.
[Image Processor] Loading image manifests from eu_legislation/batch_0292/image_store
[Image Processor] Eligible image assets loaded: 0
[Image Processor] Starting visual descriptions | images=0 | max_concurrency=64 | target_rps=30
[Image Processor] No eligible images found.
[Image Processor] Writing image artifacts | records=0 | destination=eu_legislation/batch_0292/image_index
[Image Processor] Artifacts complete | indexed=0 | errors=0
{'records': 0, 'indexed': 0, 'errors': 0, 'destination': 'eu_legislation/batch_0292/image_index'}
[Image Processor] NIM endpoint: http://127.0.0.1:8000/v1
[Image Processor] Vision model: nvidia/nemotron-3-nano-omni-30b-a3b-reasoning
[Image Processor] Concurrency=64 | target_rps=30
[Image Processor] Loading embedding model: all-MiniLM-L6-v2
Warning: You are sending unauthenticated requests to the HF Hub. Please set a HF_TOKEN to enable higher rate limits and faster downloads.
Loading weights:   0%|          | 0/103 [00:00<?, ?it/s]Loading weights: 100%|██████████| 103/103 [00:00<00:00, 9993.14it/s]
[Image Processor] Embedding model ready.
[Image Processor] Loading image manifests from eu_legislation/batch_0293/image_store
[Image Processor] Eligible image assets loaded: 4
[Image Processor] Starting visual descriptions | images=4 | max_concurrency=64 | target_rps=30
[Image Processor] Progress 1/4 (25.0%) | success=1 error=0 | avg=0.25 images/s | elapsed=0.1 min
[Image Processor] Progress 2/4 (50.0%) | success=2 error=0 | avg=0.42 images/s | elapsed=0.1 min
[Image Processor] Progress 3/4 (75.0%) | success=3 error=0 | avg=0.61 images/s | elapsed=0.1 min
[Image Processor] Progress 4/4 (100.0%) | success=4 error=0 | avg=0.81 images/s | elapsed=0.1 min
[Image Processor] Visual descriptions complete | images=4 | success=4 error=0 | avg=0.81 images/s | elapsed=0.1 min
[Image Processor] Writing image artifacts | records=4 | destination=eu_legislation/batch_0293/image_index
[Image Processor] Embedding 4 successful descriptions with all-MiniLM-L6-v2...
[Image Processor] FAISS index written | vectors=4 | dimension=384
[Image Processor] Artifacts complete | indexed=4 | errors=0
{'records': 4, 'indexed': 4, 'errors': 0, 'destination': 'eu_legislation/batch_0293/image_index'}
[Image Processor] NIM endpoint: http://127.0.0.1:8000/v1
[Image Processor] Vision model: nvidia/nemotron-3-nano-omni-30b-a3b-reasoning
[Image Processor] Concurrency=64 | target_rps=30
[Image Processor] Loading embedding model: all-MiniLM-L6-v2
Warning: You are sending unauthenticated requests to the HF Hub. Please set a HF_TOKEN to enable higher rate limits and faster downloads.
Loading weights:   0%|          | 0/103 [00:00<?, ?it/s]Loading weights: 100%|██████████| 103/103 [00:00<00:00, 9853.42it/s]
[Image Processor] Embedding model ready.
[Image Processor] Loading image manifests from eu_legislation/batch_0294/image_store
[Image Processor] Eligible image assets loaded: 0
[Image Processor] Starting visual descriptions | images=0 | max_concurrency=64 | target_rps=30
[Image Processor] No eligible images found.
[Image Processor] Writing image artifacts | records=0 | destination=eu_legislation/batch_0294/image_index
[Image Processor] Artifacts complete | indexed=0 | errors=0
{'records': 0, 'indexed': 0, 'errors': 0, 'destination': 'eu_legislation/batch_0294/image_index'}
[Image Processor] NIM endpoint: http://127.0.0.1:8000/v1
[Image Processor] Vision model: nvidia/nemotron-3-nano-omni-30b-a3b-reasoning
[Image Processor] Concurrency=64 | target_rps=30
[Image Processor] Loading embedding model: all-MiniLM-L6-v2
Warning: You are sending unauthenticated requests to the HF Hub. Please set a HF_TOKEN to enable higher rate limits and faster downloads.
Loading weights:   0%|          | 0/103 [00:00<?, ?it/s]Loading weights: 100%|██████████| 103/103 [00:00<00:00, 9682.92it/s]
[Image Processor] Embedding model ready.
[Image Processor] Loading image manifests from eu_legislation/batch_0295/image_store
[Image Processor] Eligible image assets loaded: 0
[Image Processor] Starting visual descriptions | images=0 | max_concurrency=64 | target_rps=30
[Image Processor] No eligible images found.
[Image Processor] Writing image artifacts | records=0 | destination=eu_legislation/batch_0295/image_index
[Image Processor] Artifacts complete | indexed=0 | errors=0
{'records': 0, 'indexed': 0, 'errors': 0, 'destination': 'eu_legislation/batch_0295/image_index'}
[Image Processor] NIM endpoint: http://127.0.0.1:8000/v1
[Image Processor] Vision model: nvidia/nemotron-3-nano-omni-30b-a3b-reasoning
[Image Processor] Concurrency=64 | target_rps=30
[Image Processor] Loading embedding model: all-MiniLM-L6-v2
Warning: You are sending unauthenticated requests to the HF Hub. Please set a HF_TOKEN to enable higher rate limits and faster downloads.
Loading weights:   0%|          | 0/103 [00:00<?, ?it/s]Loading weights: 100%|██████████| 103/103 [00:00<00:00, 9468.37it/s]
[Image Processor] Embedding model ready.
[Image Processor] Loading image manifests from eu_legislation/batch_0296/image_store
[Image Processor] Eligible image assets loaded: 0
[Image Processor] Starting visual descriptions | images=0 | max_concurrency=64 | target_rps=30
[Image Processor] No eligible images found.
[Image Processor] Writing image artifacts | records=0 | destination=eu_legislation/batch_0296/image_index
[Image Processor] Artifacts complete | indexed=0 | errors=0
{'records': 0, 'indexed': 0, 'errors': 0, 'destination': 'eu_legislation/batch_0296/image_index'}
[Image Processor] NIM endpoint: http://127.0.0.1:8000/v1
[Image Processor] Vision model: nvidia/nemotron-3-nano-omni-30b-a3b-reasoning
[Image Processor] Concurrency=64 | target_rps=30
[Image Processor] Loading embedding model: all-MiniLM-L6-v2
Warning: You are sending unauthenticated requests to the HF Hub. Please set a HF_TOKEN to enable higher rate limits and faster downloads.
Loading weights:   0%|          | 0/103 [00:00<?, ?it/s]Loading weights: 100%|██████████| 103/103 [00:00<00:00, 10230.25it/s]
[Image Processor] Embedding model ready.
[Image Processor] Loading image manifests from eu_legislation/batch_0297/image_store
[Image Processor] Eligible image assets loaded: 0
[Image Processor] Starting visual descriptions | images=0 | max_concurrency=64 | target_rps=30
[Image Processor] No eligible images found.
[Image Processor] Writing image artifacts | records=0 | destination=eu_legislation/batch_0297/image_index
[Image Processor] Artifacts complete | indexed=0 | errors=0
{'records': 0, 'indexed': 0, 'errors': 0, 'destination': 'eu_legislation/batch_0297/image_index'}
[Image Processor] NIM endpoint: http://127.0.0.1:8000/v1
[Image Processor] Vision model: nvidia/nemotron-3-nano-omni-30b-a3b-reasoning
[Image Processor] Concurrency=64 | target_rps=30
[Image Processor] Loading embedding model: all-MiniLM-L6-v2
Warning: You are sending unauthenticated requests to the HF Hub. Please set a HF_TOKEN to enable higher rate limits and faster downloads.
Loading weights:   0%|          | 0/103 [00:00<?, ?it/s]Loading weights: 100%|██████████| 103/103 [00:00<00:00, 9701.19it/s]
[Image Processor] Embedding model ready.
[Image Processor] Loading image manifests from eu_legislation/batch_0298/image_store
[Image Processor] Eligible image assets loaded: 0
[Image Processor] Starting visual descriptions | images=0 | max_concurrency=64 | target_rps=30
[Image Processor] No eligible images found.
[Image Processor] Writing image artifacts | records=0 | destination=eu_legislation/batch_0298/image_index
[Image Processor] Artifacts complete | indexed=0 | errors=0
{'records': 0, 'indexed': 0, 'errors': 0, 'destination': 'eu_legislation/batch_0298/image_index'}
[Image Processor] NIM endpoint: http://127.0.0.1:8000/v1
[Image Processor] Vision model: nvidia/nemotron-3-nano-omni-30b-a3b-reasoning
[Image Processor] Concurrency=64 | target_rps=30
[Image Processor] Loading embedding model: all-MiniLM-L6-v2
Warning: You are sending unauthenticated requests to the HF Hub. Please set a HF_TOKEN to enable higher rate limits and faster downloads.
Loading weights:   0%|          | 0/103 [00:00<?, ?it/s]Loading weights: 100%|██████████| 103/103 [00:00<00:00, 9684.23it/s]
[Image Processor] Embedding model ready.
[Image Processor] Loading image manifests from eu_legislation/batch_0299/image_store
[Image Processor] Eligible image assets loaded: 0
[Image Processor] Starting visual descriptions | images=0 | max_concurrency=64 | target_rps=30
[Image Processor] No eligible images found.
[Image Processor] Writing image artifacts | records=0 | destination=eu_legislation/batch_0299/image_index
[Image Processor] Artifacts complete | indexed=0 | errors=0
{'records': 0, 'indexed': 0, 'errors': 0, 'destination': 'eu_legislation/batch_0299/image_index'}
[Image Processor] NIM endpoint: http://127.0.0.1:8000/v1
[Image Processor] Vision model: nvidia/nemotron-3-nano-omni-30b-a3b-reasoning
[Image Processor] Concurrency=64 | target_rps=30
[Image Processor] Loading embedding model: all-MiniLM-L6-v2
Warning: You are sending unauthenticated requests to the HF Hub. Please set a HF_TOKEN to enable higher rate limits and faster downloads.
Loading weights:   0%|          | 0/103 [00:00<?, ?it/s]Loading weights: 100%|██████████| 103/103 [00:00<00:00, 9628.54it/s]
[Image Processor] Embedding model ready.
[Image Processor] Loading image manifests from eu_legislation/batch_0300/image_store
[Image Processor] Eligible image assets loaded: 0
[Image Processor] Starting visual descriptions | images=0 | max_concurrency=64 | target_rps=30
[Image Processor] No eligible images found.
[Image Processor] Writing image artifacts | records=0 | destination=eu_legislation/batch_0300/image_index
[Image Processor] Artifacts complete | indexed=0 | errors=0
{'records': 0, 'indexed': 0, 'errors': 0, 'destination': 'eu_legislation/batch_0300/image_index'}
[Image Processor] NIM endpoint: http://127.0.0.1:8000/v1
[Image Processor] Vision model: nvidia/nemotron-3-nano-omni-30b-a3b-reasoning
[Image Processor] Concurrency=64 | target_rps=30
[Image Processor] Loading embedding model: all-MiniLM-L6-v2
Warning: You are sending unauthenticated requests to the HF Hub. Please set a HF_TOKEN to enable higher rate limits and faster downloads.
Loading weights:   0%|          | 0/103 [00:00<?, ?it/s]Loading weights: 100%|██████████| 103/103 [00:00<00:00, 9562.89it/s]
[Image Processor] Embedding model ready.
[Image Processor] Loading image manifests from eu_legislation/batch_0301/image_store
[Image Processor] Eligible image assets loaded: 1
[Image Processor] Starting visual descriptions | images=1 | max_concurrency=64 | target_rps=30
[Image Processor] Progress 1/1 (100.0%) | success=1 error=0 | avg=0.71 images/s | elapsed=0.0 min
[Image Processor] Visual descriptions complete | images=1 | success=1 error=0 | avg=0.71 images/s | elapsed=0.0 min
[Image Processor] Writing image artifacts | records=1 | destination=eu_legislation/batch_0301/image_index
[Image Processor] Embedding 1 successful descriptions with all-MiniLM-L6-v2...
[Image Processor] FAISS index written | vectors=1 | dimension=384
[Image Processor] Artifacts complete | indexed=1 | errors=0
{'records': 1, 'indexed': 1, 'errors': 0, 'destination': 'eu_legislation/batch_0301/image_index'}
[Image Processor] NIM endpoint: http://127.0.0.1:8000/v1
[Image Processor] Vision model: nvidia/nemotron-3-nano-omni-30b-a3b-reasoning
[Image Processor] Concurrency=64 | target_rps=30
[Image Processor] Loading embedding model: all-MiniLM-L6-v2
Warning: You are sending unauthenticated requests to the HF Hub. Please set a HF_TOKEN to enable higher rate limits and faster downloads.
Loading weights:   0%|          | 0/103 [00:00<?, ?it/s]Loading weights: 100%|██████████| 103/103 [00:00<00:00, 8908.04it/s]
[Image Processor] Embedding model ready.
[Image Processor] Loading image manifests from eu_legislation/batch_0302/image_store
[Image Processor] Eligible image assets loaded: 0
[Image Processor] Starting visual descriptions | images=0 | max_concurrency=64 | target_rps=30
[Image Processor] No eligible images found.
[Image Processor] Writing image artifacts | records=0 | destination=eu_legislation/batch_0302/image_index
[Image Processor] Artifacts complete | indexed=0 | errors=0
{'records': 0, 'indexed': 0, 'errors': 0, 'destination': 'eu_legislation/batch_0302/image_index'}
[Image Processor] NIM endpoint: http://127.0.0.1:8000/v1
[Image Processor] Vision model: nvidia/nemotron-3-nano-omni-30b-a3b-reasoning
[Image Processor] Concurrency=64 | target_rps=30
[Image Processor] Loading embedding model: all-MiniLM-L6-v2
Warning: You are sending unauthenticated requests to the HF Hub. Please set a HF_TOKEN to enable higher rate limits and faster downloads.
Loading weights:   0%|          | 0/103 [00:00<?, ?it/s]Loading weights: 100%|██████████| 103/103 [00:00<00:00, 9009.66it/s]
[Image Processor] Embedding model ready.
[Image Processor] Loading image manifests from eu_legislation/batch_0303/image_store
[Image Processor] Eligible image assets loaded: 0
[Image Processor] Starting visual descriptions | images=0 | max_concurrency=64 | target_rps=30
[Image Processor] No eligible images found.
[Image Processor] Writing image artifacts | records=0 | destination=eu_legislation/batch_0303/image_index
[Image Processor] Artifacts complete | indexed=0 | errors=0
{'records': 0, 'indexed': 0, 'errors': 0, 'destination': 'eu_legislation/batch_0303/image_index'}
[Image Processor] NIM endpoint: http://127.0.0.1:8000/v1
[Image Processor] Vision model: nvidia/nemotron-3-nano-omni-30b-a3b-reasoning
[Image Processor] Concurrency=64 | target_rps=30
[Image Processor] Loading embedding model: all-MiniLM-L6-v2
Warning: You are sending unauthenticated requests to the HF Hub. Please set a HF_TOKEN to enable higher rate limits and faster downloads.
Loading weights:   0%|          | 0/103 [00:00<?, ?it/s]Loading weights: 100%|██████████| 103/103 [00:00<00:00, 10181.31it/s]
[Image Processor] Embedding model ready.
[Image Processor] Loading image manifests from eu_legislation/batch_0304/image_store
[Image Processor] Eligible image assets loaded: 0
[Image Processor] Starting visual descriptions | images=0 | max_concurrency=64 | target_rps=30
[Image Processor] No eligible images found.
[Image Processor] Writing image artifacts | records=0 | destination=eu_legislation/batch_0304/image_index
[Image Processor] Artifacts complete | indexed=0 | errors=0
{'records': 0, 'indexed': 0, 'errors': 0, 'destination': 'eu_legislation/batch_0304/image_index'}
[Image Processor] NIM endpoint: http://127.0.0.1:8000/v1
[Image Processor] Vision model: nvidia/nemotron-3-nano-omni-30b-a3b-reasoning
[Image Processor] Concurrency=64 | target_rps=30
[Image Processor] Loading embedding model: all-MiniLM-L6-v2
Warning: You are sending unauthenticated requests to the HF Hub. Please set a HF_TOKEN to enable higher rate limits and faster downloads.
Loading weights:   0%|          | 0/103 [00:00<?, ?it/s]Loading weights: 100%|██████████| 103/103 [00:00<00:00, 9492.71it/s]
[Image Processor] Embedding model ready.
[Image Processor] Loading image manifests from eu_legislation/batch_0305/image_store
[Image Processor] Eligible image assets loaded: 0
[Image Processor] Starting visual descriptions | images=0 | max_concurrency=64 | target_rps=30
[Image Processor] No eligible images found.
[Image Processor] Writing image artifacts | records=0 | destination=eu_legislation/batch_0305/image_index
[Image Processor] Artifacts complete | indexed=0 | errors=0
{'records': 0, 'indexed': 0, 'errors': 0, 'destination': 'eu_legislation/batch_0305/image_index'}
[Image Processor] NIM endpoint: http://127.0.0.1:8000/v1
[Image Processor] Vision model: nvidia/nemotron-3-nano-omni-30b-a3b-reasoning
[Image Processor] Concurrency=64 | target_rps=30
[Image Processor] Loading embedding model: all-MiniLM-L6-v2
Warning: You are sending unauthenticated requests to the HF Hub. Please set a HF_TOKEN to enable higher rate limits and faster downloads.
Loading weights:   0%|          | 0/103 [00:00<?, ?it/s]Loading weights: 100%|██████████| 103/103 [00:00<00:00, 9801.11it/s]
[Image Processor] Embedding model ready.
[Image Processor] Loading image manifests from eu_legislation/batch_0306/image_store
[Image Processor] Eligible image assets loaded: 0
[Image Processor] Starting visual descriptions | images=0 | max_concurrency=64 | target_rps=30
[Image Processor] No eligible images found.
[Image Processor] Writing image artifacts | records=0 | destination=eu_legislation/batch_0306/image_index
[Image Processor] Artifacts complete | indexed=0 | errors=0
{'records': 0, 'indexed': 0, 'errors': 0, 'destination': 'eu_legislation/batch_0306/image_index'}
[Image Processor] NIM endpoint: http://127.0.0.1:8000/v1
[Image Processor] Vision model: nvidia/nemotron-3-nano-omni-30b-a3b-reasoning
[Image Processor] Concurrency=64 | target_rps=30
[Image Processor] Loading embedding model: all-MiniLM-L6-v2
Warning: You are sending unauthenticated requests to the HF Hub. Please set a HF_TOKEN to enable higher rate limits and faster downloads.
Loading weights:   0%|          | 0/103 [00:00<?, ?it/s]Loading weights: 100%|██████████| 103/103 [00:00<00:00, 9852.75it/s]
[Image Processor] Embedding model ready.
[Image Processor] Loading image manifests from eu_legislation/batch_0307/image_store
[Image Processor] Eligible image assets loaded: 0
[Image Processor] Starting visual descriptions | images=0 | max_concurrency=64 | target_rps=30
[Image Processor] No eligible images found.
[Image Processor] Writing image artifacts | records=0 | destination=eu_legislation/batch_0307/image_index
[Image Processor] Artifacts complete | indexed=0 | errors=0
{'records': 0, 'indexed': 0, 'errors': 0, 'destination': 'eu_legislation/batch_0307/image_index'}
[Image Processor] NIM endpoint: http://127.0.0.1:8000/v1
[Image Processor] Vision model: nvidia/nemotron-3-nano-omni-30b-a3b-reasoning
[Image Processor] Concurrency=64 | target_rps=30
[Image Processor] Loading embedding model: all-MiniLM-L6-v2
Warning: You are sending unauthenticated requests to the HF Hub. Please set a HF_TOKEN to enable higher rate limits and faster downloads.
Loading weights:   0%|          | 0/103 [00:00<?, ?it/s]Loading weights: 100%|██████████| 103/103 [00:00<00:00, 10747.13it/s]
[Image Processor] Embedding model ready.
[Image Processor] Loading image manifests from eu_legislation/batch_0308/image_store
[Image Processor] Eligible image assets loaded: 0
[Image Processor] Starting visual descriptions | images=0 | max_concurrency=64 | target_rps=30
[Image Processor] No eligible images found.
[Image Processor] Writing image artifacts | records=0 | destination=eu_legislation/batch_0308/image_index
[Image Processor] Artifacts complete | indexed=0 | errors=0
{'records': 0, 'indexed': 0, 'errors': 0, 'destination': 'eu_legislation/batch_0308/image_index'}
[Image Processor] NIM endpoint: http://127.0.0.1:8000/v1
[Image Processor] Vision model: nvidia/nemotron-3-nano-omni-30b-a3b-reasoning
[Image Processor] Concurrency=64 | target_rps=30
[Image Processor] Loading embedding model: all-MiniLM-L6-v2
Warning: You are sending unauthenticated requests to the HF Hub. Please set a HF_TOKEN to enable higher rate limits and faster downloads.
Loading weights:   0%|          | 0/103 [00:00<?, ?it/s]Loading weights: 100%|██████████| 103/103 [00:00<00:00, 9286.22it/s]
[Image Processor] Embedding model ready.
[Image Processor] Loading image manifests from eu_legislation/batch_0309/image_store
[Image Processor] Eligible image assets loaded: 1
[Image Processor] Starting visual descriptions | images=1 | max_concurrency=64 | target_rps=30
[Image Processor] Progress 1/1 (100.0%) | success=1 error=0 | avg=1.03 images/s | elapsed=0.0 min
[Image Processor] Visual descriptions complete | images=1 | success=1 error=0 | avg=1.03 images/s | elapsed=0.0 min
[Image Processor] Writing image artifacts | records=1 | destination=eu_legislation/batch_0309/image_index
[Image Processor] Embedding 1 successful descriptions with all-MiniLM-L6-v2...
[Image Processor] FAISS index written | vectors=1 | dimension=384
[Image Processor] Artifacts complete | indexed=1 | errors=0
{'records': 1, 'indexed': 1, 'errors': 0, 'destination': 'eu_legislation/batch_0309/image_index'}
[Image Processor] NIM endpoint: http://127.0.0.1:8000/v1
[Image Processor] Vision model: nvidia/nemotron-3-nano-omni-30b-a3b-reasoning
[Image Processor] Concurrency=64 | target_rps=30
[Image Processor] Loading embedding model: all-MiniLM-L6-v2
Warning: You are sending unauthenticated requests to the HF Hub. Please set a HF_TOKEN to enable higher rate limits and faster downloads.
Loading weights:   0%|          | 0/103 [00:00<?, ?it/s]Loading weights: 100%|██████████| 103/103 [00:00<00:00, 9035.29it/s]
[Image Processor] Embedding model ready.
[Image Processor] Loading image manifests from eu_legislation/batch_0310/image_store
[Image Processor] Eligible image assets loaded: 0
[Image Processor] Starting visual descriptions | images=0 | max_concurrency=64 | target_rps=30
[Image Processor] No eligible images found.
[Image Processor] Writing image artifacts | records=0 | destination=eu_legislation/batch_0310/image_index
[Image Processor] Artifacts complete | indexed=0 | errors=0
{'records': 0, 'indexed': 0, 'errors': 0, 'destination': 'eu_legislation/batch_0310/image_index'}
[Image Processor] NIM endpoint: http://127.0.0.1:8000/v1
[Image Processor] Vision model: nvidia/nemotron-3-nano-omni-30b-a3b-reasoning
[Image Processor] Concurrency=64 | target_rps=30
[Image Processor] Loading embedding model: all-MiniLM-L6-v2
Warning: You are sending unauthenticated requests to the HF Hub. Please set a HF_TOKEN to enable higher rate limits and faster downloads.
Loading weights:   0%|          | 0/103 [00:00<?, ?it/s]Loading weights: 100%|██████████| 103/103 [00:00<00:00, 10463.66it/s]
[Image Processor] Embedding model ready.
[Image Processor] Loading image manifests from eu_legislation/batch_0311/image_store
[Image Processor] Eligible image assets loaded: 0
[Image Processor] Starting visual descriptions | images=0 | max_concurrency=64 | target_rps=30
[Image Processor] No eligible images found.
[Image Processor] Writing image artifacts | records=0 | destination=eu_legislation/batch_0311/image_index
[Image Processor] Artifacts complete | indexed=0 | errors=0
{'records': 0, 'indexed': 0, 'errors': 0, 'destination': 'eu_legislation/batch_0311/image_index'}
[Image Processor] NIM endpoint: http://127.0.0.1:8000/v1
[Image Processor] Vision model: nvidia/nemotron-3-nano-omni-30b-a3b-reasoning
[Image Processor] Concurrency=64 | target_rps=30
[Image Processor] Loading embedding model: all-MiniLM-L6-v2
Warning: You are sending unauthenticated requests to the HF Hub. Please set a HF_TOKEN to enable higher rate limits and faster downloads.
Loading weights:   0%|          | 0/103 [00:00<?, ?it/s]Loading weights: 100%|██████████| 103/103 [00:00<00:00, 10314.03it/s]
[Image Processor] Embedding model ready.
[Image Processor] Loading image manifests from eu_legislation/batch_0312/image_store
[Image Processor] Eligible image assets loaded: 0
[Image Processor] Starting visual descriptions | images=0 | max_concurrency=64 | target_rps=30
[Image Processor] No eligible images found.
[Image Processor] Writing image artifacts | records=0 | destination=eu_legislation/batch_0312/image_index
[Image Processor] Artifacts complete | indexed=0 | errors=0
{'records': 0, 'indexed': 0, 'errors': 0, 'destination': 'eu_legislation/batch_0312/image_index'}
[Image Processor] NIM endpoint: http://127.0.0.1:8000/v1
[Image Processor] Vision model: nvidia/nemotron-3-nano-omni-30b-a3b-reasoning
[Image Processor] Concurrency=64 | target_rps=30
[Image Processor] Loading embedding model: all-MiniLM-L6-v2
Warning: You are sending unauthenticated requests to the HF Hub. Please set a HF_TOKEN to enable higher rate limits and faster downloads.
Loading weights:   0%|          | 0/103 [00:00<?, ?it/s]Loading weights: 100%|██████████| 103/103 [00:00<00:00, 10267.70it/s]
[Image Processor] Embedding model ready.
[Image Processor] Loading image manifests from eu_legislation/batch_0313/image_store
[Image Processor] Eligible image assets loaded: 0
[Image Processor] Starting visual descriptions | images=0 | max_concurrency=64 | target_rps=30
[Image Processor] No eligible images found.
[Image Processor] Writing image artifacts | records=0 | destination=eu_legislation/batch_0313/image_index
[Image Processor] Artifacts complete | indexed=0 | errors=0
{'records': 0, 'indexed': 0, 'errors': 0, 'destination': 'eu_legislation/batch_0313/image_index'}
[Image Processor] NIM endpoint: http://127.0.0.1:8000/v1
[Image Processor] Vision model: nvidia/nemotron-3-nano-omni-30b-a3b-reasoning
[Image Processor] Concurrency=64 | target_rps=30
[Image Processor] Loading embedding model: all-MiniLM-L6-v2
Warning: You are sending unauthenticated requests to the HF Hub. Please set a HF_TOKEN to enable higher rate limits and faster downloads.
Loading weights:   0%|          | 0/103 [00:00<?, ?it/s]Loading weights: 100%|██████████| 103/103 [00:00<00:00, 9621.03it/s]
[Image Processor] Embedding model ready.
[Image Processor] Loading image manifests from eu_legislation/batch_0314/image_store
[Image Processor] Eligible image assets loaded: 0
[Image Processor] Starting visual descriptions | images=0 | max_concurrency=64 | target_rps=30
[Image Processor] No eligible images found.
[Image Processor] Writing image artifacts | records=0 | destination=eu_legislation/batch_0314/image_index
[Image Processor] Artifacts complete | indexed=0 | errors=0
{'records': 0, 'indexed': 0, 'errors': 0, 'destination': 'eu_legislation/batch_0314/image_index'}
[Image Processor] NIM endpoint: http://127.0.0.1:8000/v1
[Image Processor] Vision model: nvidia/nemotron-3-nano-omni-30b-a3b-reasoning
[Image Processor] Concurrency=64 | target_rps=30
[Image Processor] Loading embedding model: all-MiniLM-L6-v2
Warning: You are sending unauthenticated requests to the HF Hub. Please set a HF_TOKEN to enable higher rate limits and faster downloads.
Loading weights:   0%|          | 0/103 [00:00<?, ?it/s]Loading weights: 100%|██████████| 103/103 [00:00<00:00, 9621.25it/s]
[Image Processor] Embedding model ready.
[Image Processor] Loading image manifests from eu_legislation/batch_0315/image_store
[Image Processor] Eligible image assets loaded: 0
[Image Processor] Starting visual descriptions | images=0 | max_concurrency=64 | target_rps=30
[Image Processor] No eligible images found.
[Image Processor] Writing image artifacts | records=0 | destination=eu_legislation/batch_0315/image_index
[Image Processor] Artifacts complete | indexed=0 | errors=0
{'records': 0, 'indexed': 0, 'errors': 0, 'destination': 'eu_legislation/batch_0315/image_index'}
[Image Processor] NIM endpoint: http://127.0.0.1:8000/v1
[Image Processor] Vision model: nvidia/nemotron-3-nano-omni-30b-a3b-reasoning
[Image Processor] Concurrency=64 | target_rps=30
[Image Processor] Loading embedding model: all-MiniLM-L6-v2
Warning: You are sending unauthenticated requests to the HF Hub. Please set a HF_TOKEN to enable higher rate limits and faster downloads.
Loading weights:   0%|          | 0/103 [00:00<?, ?it/s]Loading weights: 100%|██████████| 103/103 [00:00<00:00, 9553.59it/s]
[Image Processor] Embedding model ready.
[Image Processor] Loading image manifests from eu_legislation/batch_0316/image_store
[Image Processor] Eligible image assets loaded: 0
[Image Processor] Starting visual descriptions | images=0 | max_concurrency=64 | target_rps=30
[Image Processor] No eligible images found.
[Image Processor] Writing image artifacts | records=0 | destination=eu_legislation/batch_0316/image_index
[Image Processor] Artifacts complete | indexed=0 | errors=0
{'records': 0, 'indexed': 0, 'errors': 0, 'destination': 'eu_legislation/batch_0316/image_index'}
[Image Processor] NIM endpoint: http://127.0.0.1:8000/v1
[Image Processor] Vision model: nvidia/nemotron-3-nano-omni-30b-a3b-reasoning
[Image Processor] Concurrency=64 | target_rps=30
[Image Processor] Loading embedding model: all-MiniLM-L6-v2
Warning: You are sending unauthenticated requests to the HF Hub. Please set a HF_TOKEN to enable higher rate limits and faster downloads.
Loading weights:   0%|          | 0/103 [00:00<?, ?it/s]Loading weights: 100%|██████████| 103/103 [00:00<00:00, 9730.69it/s]
[Image Processor] Embedding model ready.
[Image Processor] Loading image manifests from eu_legislation/batch_0317/image_store
[Image Processor] Eligible image assets loaded: 0
[Image Processor] Starting visual descriptions | images=0 | max_concurrency=64 | target_rps=30
[Image Processor] No eligible images found.
[Image Processor] Writing image artifacts | records=0 | destination=eu_legislation/batch_0317/image_index
[Image Processor] Artifacts complete | indexed=0 | errors=0
{'records': 0, 'indexed': 0, 'errors': 0, 'destination': 'eu_legislation/batch_0317/image_index'}
[Image Processor] NIM endpoint: http://127.0.0.1:8000/v1
[Image Processor] Vision model: nvidia/nemotron-3-nano-omni-30b-a3b-reasoning
[Image Processor] Concurrency=64 | target_rps=30
[Image Processor] Loading embedding model: all-MiniLM-L6-v2
Warning: You are sending unauthenticated requests to the HF Hub. Please set a HF_TOKEN to enable higher rate limits and faster downloads.
Loading weights:   0%|          | 0/103 [00:00<?, ?it/s]Loading weights: 100%|██████████| 103/103 [00:00<00:00, 9909.24it/s]
[Image Processor] Embedding model ready.
[Image Processor] Loading image manifests from eu_legislation/batch_0318/image_store
[Image Processor] Eligible image assets loaded: 0
[Image Processor] Starting visual descriptions | images=0 | max_concurrency=64 | target_rps=30
[Image Processor] No eligible images found.
[Image Processor] Writing image artifacts | records=0 | destination=eu_legislation/batch_0318/image_index
[Image Processor] Artifacts complete | indexed=0 | errors=0
{'records': 0, 'indexed': 0, 'errors': 0, 'destination': 'eu_legislation/batch_0318/image_index'}
[Image Processor] NIM endpoint: http://127.0.0.1:8000/v1
[Image Processor] Vision model: nvidia/nemotron-3-nano-omni-30b-a3b-reasoning
[Image Processor] Concurrency=64 | target_rps=30
[Image Processor] Loading embedding model: all-MiniLM-L6-v2
Warning: You are sending unauthenticated requests to the HF Hub. Please set a HF_TOKEN to enable higher rate limits and faster downloads.
Loading weights:   0%|          | 0/103 [00:00<?, ?it/s]Loading weights: 100%|██████████| 103/103 [00:00<00:00, 9767.21it/s]
[Image Processor] Embedding model ready.
[Image Processor] Loading image manifests from eu_legislation/batch_0319/image_store
[Image Processor] Eligible image assets loaded: 0
[Image Processor] Starting visual descriptions | images=0 | max_concurrency=64 | target_rps=30
[Image Processor] No eligible images found.
[Image Processor] Writing image artifacts | records=0 | destination=eu_legislation/batch_0319/image_index
[Image Processor] Artifacts complete | indexed=0 | errors=0
{'records': 0, 'indexed': 0, 'errors': 0, 'destination': 'eu_legislation/batch_0319/image_index'}
[Image Processor] NIM endpoint: http://127.0.0.1:8000/v1
[Image Processor] Vision model: nvidia/nemotron-3-nano-omni-30b-a3b-reasoning
[Image Processor] Concurrency=64 | target_rps=30
[Image Processor] Loading embedding model: all-MiniLM-L6-v2
Warning: You are sending unauthenticated requests to the HF Hub. Please set a HF_TOKEN to enable higher rate limits and faster downloads.
Loading weights:   0%|          | 0/103 [00:00<?, ?it/s]Loading weights: 100%|██████████| 103/103 [00:00<00:00, 10107.23it/s]
[Image Processor] Embedding model ready.
[Image Processor] Loading image manifests from eu_legislation/batch_0320/image_store
[Image Processor] Eligible image assets loaded: 0
[Image Processor] Starting visual descriptions | images=0 | max_concurrency=64 | target_rps=30
[Image Processor] No eligible images found.
[Image Processor] Writing image artifacts | records=0 | destination=eu_legislation/batch_0320/image_index
[Image Processor] Artifacts complete | indexed=0 | errors=0
{'records': 0, 'indexed': 0, 'errors': 0, 'destination': 'eu_legislation/batch_0320/image_index'}
[Image Processor] NIM endpoint: http://127.0.0.1:8000/v1
[Image Processor] Vision model: nvidia/nemotron-3-nano-omni-30b-a3b-reasoning
[Image Processor] Concurrency=64 | target_rps=30
[Image Processor] Loading embedding model: all-MiniLM-L6-v2
Warning: You are sending unauthenticated requests to the HF Hub. Please set a HF_TOKEN to enable higher rate limits and faster downloads.
Loading weights:   0%|          | 0/103 [00:00<?, ?it/s]Loading weights: 100%|██████████| 103/103 [00:00<00:00, 9612.69it/s]
[Image Processor] Embedding model ready.
[Image Processor] Loading image manifests from eu_legislation/batch_0321/image_store
[Image Processor] Eligible image assets loaded: 0
[Image Processor] Starting visual descriptions | images=0 | max_concurrency=64 | target_rps=30
[Image Processor] No eligible images found.
[Image Processor] Writing image artifacts | records=0 | destination=eu_legislation/batch_0321/image_index
[Image Processor] Artifacts complete | indexed=0 | errors=0
{'records': 0, 'indexed': 0, 'errors': 0, 'destination': 'eu_legislation/batch_0321/image_index'}
[Image Processor] NIM endpoint: http://127.0.0.1:8000/v1
[Image Processor] Vision model: nvidia/nemotron-3-nano-omni-30b-a3b-reasoning
[Image Processor] Concurrency=64 | target_rps=30
[Image Processor] Loading embedding model: all-MiniLM-L6-v2
Warning: You are sending unauthenticated requests to the HF Hub. Please set a HF_TOKEN to enable higher rate limits and faster downloads.
Loading weights:   0%|          | 0/103 [00:00<?, ?it/s]Loading weights: 100%|██████████| 103/103 [00:00<00:00, 9870.30it/s]
[Image Processor] Embedding model ready.
[Image Processor] Loading image manifests from eu_legislation/batch_0322/image_store
[Image Processor] Eligible image assets loaded: 0
[Image Processor] Starting visual descriptions | images=0 | max_concurrency=64 | target_rps=30
[Image Processor] No eligible images found.
[Image Processor] Writing image artifacts | records=0 | destination=eu_legislation/batch_0322/image_index
[Image Processor] Artifacts complete | indexed=0 | errors=0
{'records': 0, 'indexed': 0, 'errors': 0, 'destination': 'eu_legislation/batch_0322/image_index'}
[Image Processor] NIM endpoint: http://127.0.0.1:8000/v1
[Image Processor] Vision model: nvidia/nemotron-3-nano-omni-30b-a3b-reasoning
[Image Processor] Concurrency=64 | target_rps=30
[Image Processor] Loading embedding model: all-MiniLM-L6-v2
Warning: You are sending unauthenticated requests to the HF Hub. Please set a HF_TOKEN to enable higher rate limits and faster downloads.
Loading weights:   0%|          | 0/103 [00:00<?, ?it/s]Loading weights: 100%|██████████| 103/103 [00:00<00:00, 9735.07it/s]
[Image Processor] Embedding model ready.
[Image Processor] Loading image manifests from eu_legislation/batch_0323/image_store
[Image Processor] Eligible image assets loaded: 0
[Image Processor] Starting visual descriptions | images=0 | max_concurrency=64 | target_rps=30
[Image Processor] No eligible images found.
[Image Processor] Writing image artifacts | records=0 | destination=eu_legislation/batch_0323/image_index
[Image Processor] Artifacts complete | indexed=0 | errors=0
{'records': 0, 'indexed': 0, 'errors': 0, 'destination': 'eu_legislation/batch_0323/image_index'}
[Image Processor] NIM endpoint: http://127.0.0.1:8000/v1
[Image Processor] Vision model: nvidia/nemotron-3-nano-omni-30b-a3b-reasoning
[Image Processor] Concurrency=64 | target_rps=30
[Image Processor] Loading embedding model: all-MiniLM-L6-v2
Warning: You are sending unauthenticated requests to the HF Hub. Please set a HF_TOKEN to enable higher rate limits and faster downloads.
Loading weights:   0%|          | 0/103 [00:00<?, ?it/s]Loading weights: 100%|██████████| 103/103 [00:00<00:00, 9180.25it/s]
[Image Processor] Embedding model ready.
[Image Processor] Loading image manifests from eu_legislation/batch_0324/image_store
[Image Processor] Eligible image assets loaded: 0
[Image Processor] Starting visual descriptions | images=0 | max_concurrency=64 | target_rps=30
[Image Processor] No eligible images found.
[Image Processor] Writing image artifacts | records=0 | destination=eu_legislation/batch_0324/image_index
[Image Processor] Artifacts complete | indexed=0 | errors=0
{'records': 0, 'indexed': 0, 'errors': 0, 'destination': 'eu_legislation/batch_0324/image_index'}
[Image Processor] NIM endpoint: http://127.0.0.1:8000/v1
[Image Processor] Vision model: nvidia/nemotron-3-nano-omni-30b-a3b-reasoning
[Image Processor] Concurrency=64 | target_rps=30
[Image Processor] Loading embedding model: all-MiniLM-L6-v2
Warning: You are sending unauthenticated requests to the HF Hub. Please set a HF_TOKEN to enable higher rate limits and faster downloads.
Loading weights:   0%|          | 0/103 [00:00<?, ?it/s]Loading weights: 100%|██████████| 103/103 [00:00<00:00, 9629.61it/s]
[Image Processor] Embedding model ready.
[Image Processor] Loading image manifests from eu_legislation/batch_0325/image_store
[Image Processor] Eligible image assets loaded: 0
[Image Processor] Starting visual descriptions | images=0 | max_concurrency=64 | target_rps=30
[Image Processor] No eligible images found.
[Image Processor] Writing image artifacts | records=0 | destination=eu_legislation/batch_0325/image_index
[Image Processor] Artifacts complete | indexed=0 | errors=0
{'records': 0, 'indexed': 0, 'errors': 0, 'destination': 'eu_legislation/batch_0325/image_index'}
[Image Processor] NIM endpoint: http://127.0.0.1:8000/v1
[Image Processor] Vision model: nvidia/nemotron-3-nano-omni-30b-a3b-reasoning
[Image Processor] Concurrency=64 | target_rps=30
[Image Processor] Loading embedding model: all-MiniLM-L6-v2
Warning: You are sending unauthenticated requests to the HF Hub. Please set a HF_TOKEN to enable higher rate limits and faster downloads.
Loading weights:   0%|          | 0/103 [00:00<?, ?it/s]Loading weights: 100%|██████████| 103/103 [00:00<00:00, 9221.99it/s]
[Image Processor] Embedding model ready.
[Image Processor] Loading image manifests from eu_legislation/batch_0326/image_store
[Image Processor] Eligible image assets loaded: 0
[Image Processor] Starting visual descriptions | images=0 | max_concurrency=64 | target_rps=30
[Image Processor] No eligible images found.
[Image Processor] Writing image artifacts | records=0 | destination=eu_legislation/batch_0326/image_index
[Image Processor] Artifacts complete | indexed=0 | errors=0
{'records': 0, 'indexed': 0, 'errors': 0, 'destination': 'eu_legislation/batch_0326/image_index'}
[Image Processor] NIM endpoint: http://127.0.0.1:8000/v1
[Image Processor] Vision model: nvidia/nemotron-3-nano-omni-30b-a3b-reasoning
[Image Processor] Concurrency=64 | target_rps=30
[Image Processor] Loading embedding model: all-MiniLM-L6-v2
Warning: You are sending unauthenticated requests to the HF Hub. Please set a HF_TOKEN to enable higher rate limits and faster downloads.
Loading weights:   0%|          | 0/103 [00:00<?, ?it/s]Loading weights: 100%|██████████| 103/103 [00:00<00:00, 10370.23it/s]
[Image Processor] Embedding model ready.
[Image Processor] Loading image manifests from eu_legislation/batch_0327/image_store
[Image Processor] Eligible image assets loaded: 0
[Image Processor] Starting visual descriptions | images=0 | max_concurrency=64 | target_rps=30
[Image Processor] No eligible images found.
[Image Processor] Writing image artifacts | records=0 | destination=eu_legislation/batch_0327/image_index
[Image Processor] Artifacts complete | indexed=0 | errors=0
{'records': 0, 'indexed': 0, 'errors': 0, 'destination': 'eu_legislation/batch_0327/image_index'}
[Image Processor] NIM endpoint: http://127.0.0.1:8000/v1
[Image Processor] Vision model: nvidia/nemotron-3-nano-omni-30b-a3b-reasoning
[Image Processor] Concurrency=64 | target_rps=30
[Image Processor] Loading embedding model: all-MiniLM-L6-v2
Warning: You are sending unauthenticated requests to the HF Hub. Please set a HF_TOKEN to enable higher rate limits and faster downloads.
Loading weights:   0%|          | 0/103 [00:00<?, ?it/s]Loading weights: 100%|██████████| 103/103 [00:00<00:00, 9354.99it/s]
[Image Processor] Embedding model ready.
[Image Processor] Loading image manifests from eu_legislation/batch_0328/image_store
[Image Processor] Eligible image assets loaded: 0
[Image Processor] Starting visual descriptions | images=0 | max_concurrency=64 | target_rps=30
[Image Processor] No eligible images found.
[Image Processor] Writing image artifacts | records=0 | destination=eu_legislation/batch_0328/image_index
[Image Processor] Artifacts complete | indexed=0 | errors=0
{'records': 0, 'indexed': 0, 'errors': 0, 'destination': 'eu_legislation/batch_0328/image_index'}
[Image Processor] NIM endpoint: http://127.0.0.1:8000/v1
[Image Processor] Vision model: nvidia/nemotron-3-nano-omni-30b-a3b-reasoning
[Image Processor] Concurrency=64 | target_rps=30
[Image Processor] Loading embedding model: all-MiniLM-L6-v2
Warning: You are sending unauthenticated requests to the HF Hub. Please set a HF_TOKEN to enable higher rate limits and faster downloads.
Loading weights:   0%|          | 0/103 [00:00<?, ?it/s]Loading weights: 100%|██████████| 103/103 [00:00<00:00, 9554.65it/s]
[Image Processor] Embedding model ready.
[Image Processor] Loading image manifests from eu_legislation/batch_0329/image_store
[Image Processor] Eligible image assets loaded: 0
[Image Processor] Starting visual descriptions | images=0 | max_concurrency=64 | target_rps=30
[Image Processor] No eligible images found.
[Image Processor] Writing image artifacts | records=0 | destination=eu_legislation/batch_0329/image_index
[Image Processor] Artifacts complete | indexed=0 | errors=0
{'records': 0, 'indexed': 0, 'errors': 0, 'destination': 'eu_legislation/batch_0329/image_index'}
[Image Processor] NIM endpoint: http://127.0.0.1:8000/v1
[Image Processor] Vision model: nvidia/nemotron-3-nano-omni-30b-a3b-reasoning
[Image Processor] Concurrency=64 | target_rps=30
[Image Processor] Loading embedding model: all-MiniLM-L6-v2
Warning: You are sending unauthenticated requests to the HF Hub. Please set a HF_TOKEN to enable higher rate limits and faster downloads.
Loading weights:   0%|          | 0/103 [00:00<?, ?it/s]Loading weights: 100%|██████████| 103/103 [00:00<00:00, 8852.01it/s]
[Image Processor] Embedding model ready.
[Image Processor] Loading image manifests from eu_legislation/batch_0330/image_store
[Image Processor] Eligible image assets loaded: 0
[Image Processor] Starting visual descriptions | images=0 | max_concurrency=64 | target_rps=30
[Image Processor] No eligible images found.
[Image Processor] Writing image artifacts | records=0 | destination=eu_legislation/batch_0330/image_index
[Image Processor] Artifacts complete | indexed=0 | errors=0
{'records': 0, 'indexed': 0, 'errors': 0, 'destination': 'eu_legislation/batch_0330/image_index'}
[Image Processor] NIM endpoint: http://127.0.0.1:8000/v1
[Image Processor] Vision model: nvidia/nemotron-3-nano-omni-30b-a3b-reasoning
[Image Processor] Concurrency=64 | target_rps=30
[Image Processor] Loading embedding model: all-MiniLM-L6-v2
Warning: You are sending unauthenticated requests to the HF Hub. Please set a HF_TOKEN to enable higher rate limits and faster downloads.
Loading weights:   0%|          | 0/103 [00:00<?, ?it/s]Loading weights: 100%|██████████| 103/103 [00:00<00:00, 10033.05it/s]
[Image Processor] Embedding model ready.
[Image Processor] Loading image manifests from eu_legislation/batch_0331/image_store
[Image Processor] Eligible image assets loaded: 0
[Image Processor] Starting visual descriptions | images=0 | max_concurrency=64 | target_rps=30
[Image Processor] No eligible images found.
[Image Processor] Writing image artifacts | records=0 | destination=eu_legislation/batch_0331/image_index
[Image Processor] Artifacts complete | indexed=0 | errors=0
{'records': 0, 'indexed': 0, 'errors': 0, 'destination': 'eu_legislation/batch_0331/image_index'}
[Image Processor] NIM endpoint: http://127.0.0.1:8000/v1
[Image Processor] Vision model: nvidia/nemotron-3-nano-omni-30b-a3b-reasoning
[Image Processor] Concurrency=64 | target_rps=30
[Image Processor] Loading embedding model: all-MiniLM-L6-v2
Warning: You are sending unauthenticated requests to the HF Hub. Please set a HF_TOKEN to enable higher rate limits and faster downloads.
Loading weights:   0%|          | 0/103 [00:00<?, ?it/s]Loading weights: 100%|██████████| 103/103 [00:00<00:00, 9831.44it/s]
[Image Processor] Embedding model ready.
[Image Processor] Loading image manifests from eu_legislation/batch_0332/image_store
[Image Processor] Eligible image assets loaded: 0
[Image Processor] Starting visual descriptions | images=0 | max_concurrency=64 | target_rps=30
[Image Processor] No eligible images found.
[Image Processor] Writing image artifacts | records=0 | destination=eu_legislation/batch_0332/image_index
[Image Processor] Artifacts complete | indexed=0 | errors=0
{'records': 0, 'indexed': 0, 'errors': 0, 'destination': 'eu_legislation/batch_0332/image_index'}
[Image Processor] NIM endpoint: http://127.0.0.1:8000/v1
[Image Processor] Vision model: nvidia/nemotron-3-nano-omni-30b-a3b-reasoning
[Image Processor] Concurrency=64 | target_rps=30
[Image Processor] Loading embedding model: all-MiniLM-L6-v2
Warning: You are sending unauthenticated requests to the HF Hub. Please set a HF_TOKEN to enable higher rate limits and faster downloads.
Loading weights:   0%|          | 0/103 [00:00<?, ?it/s]Loading weights: 100%|██████████| 103/103 [00:00<00:00, 10231.46it/s]
[Image Processor] Embedding model ready.
[Image Processor] Loading image manifests from eu_legislation/batch_0333/image_store
[Image Processor] Eligible image assets loaded: 0
[Image Processor] Starting visual descriptions | images=0 | max_concurrency=64 | target_rps=30
[Image Processor] No eligible images found.
[Image Processor] Writing image artifacts | records=0 | destination=eu_legislation/batch_0333/image_index
[Image Processor] Artifacts complete | indexed=0 | errors=0
{'records': 0, 'indexed': 0, 'errors': 0, 'destination': 'eu_legislation/batch_0333/image_index'}
[Image Processor] NIM endpoint: http://127.0.0.1:8000/v1
[Image Processor] Vision model: nvidia/nemotron-3-nano-omni-30b-a3b-reasoning
[Image Processor] Concurrency=64 | target_rps=30
[Image Processor] Loading embedding model: all-MiniLM-L6-v2
Warning: You are sending unauthenticated requests to the HF Hub. Please set a HF_TOKEN to enable higher rate limits and faster downloads.
Loading weights:   0%|          | 0/103 [00:00<?, ?it/s]Loading weights: 100%|██████████| 103/103 [00:00<00:00, 9380.58it/s]
[Image Processor] Embedding model ready.
[Image Processor] Loading image manifests from eu_legislation/batch_0334/image_store
[Image Processor] Eligible image assets loaded: 0
[Image Processor] Starting visual descriptions | images=0 | max_concurrency=64 | target_rps=30
[Image Processor] No eligible images found.
[Image Processor] Writing image artifacts | records=0 | destination=eu_legislation/batch_0334/image_index
[Image Processor] Artifacts complete | indexed=0 | errors=0
{'records': 0, 'indexed': 0, 'errors': 0, 'destination': 'eu_legislation/batch_0334/image_index'}
[Image Processor] NIM endpoint: http://127.0.0.1:8000/v1
[Image Processor] Vision model: nvidia/nemotron-3-nano-omni-30b-a3b-reasoning
[Image Processor] Concurrency=64 | target_rps=30
[Image Processor] Loading embedding model: all-MiniLM-L6-v2
Warning: You are sending unauthenticated requests to the HF Hub. Please set a HF_TOKEN to enable higher rate limits and faster downloads.
Loading weights:   0%|          | 0/103 [00:00<?, ?it/s]Loading weights: 100%|██████████| 103/103 [00:00<00:00, 8941.23it/s]
[Image Processor] Embedding model ready.
[Image Processor] Loading image manifests from eu_legislation/batch_0335/image_store
[Image Processor] Eligible image assets loaded: 1
[Image Processor] Starting visual descriptions | images=1 | max_concurrency=64 | target_rps=30
[Image Processor] Progress 1/1 (100.0%) | success=1 error=0 | avg=0.21 images/s | elapsed=0.1 min
[Image Processor] Visual descriptions complete | images=1 | success=1 error=0 | avg=0.21 images/s | elapsed=0.1 min
[Image Processor] Writing image artifacts | records=1 | destination=eu_legislation/batch_0335/image_index
[Image Processor] Embedding 1 successful descriptions with all-MiniLM-L6-v2...
[Image Processor] FAISS index written | vectors=1 | dimension=384
[Image Processor] Artifacts complete | indexed=1 | errors=0
{'records': 1, 'indexed': 1, 'errors': 0, 'destination': 'eu_legislation/batch_0335/image_index'}
[Image Processor] NIM endpoint: http://127.0.0.1:8000/v1
[Image Processor] Vision model: nvidia/nemotron-3-nano-omni-30b-a3b-reasoning
[Image Processor] Concurrency=64 | target_rps=30
[Image Processor] Loading embedding model: all-MiniLM-L6-v2
Warning: You are sending unauthenticated requests to the HF Hub. Please set a HF_TOKEN to enable higher rate limits and faster downloads.
Loading weights:   0%|          | 0/103 [00:00<?, ?it/s]Loading weights: 100%|██████████| 103/103 [00:00<00:00, 9360.26it/s]
[Image Processor] Embedding model ready.
[Image Processor] Loading image manifests from eu_legislation/batch_0336/image_store
[Image Processor] Eligible image assets loaded: 0
[Image Processor] Starting visual descriptions | images=0 | max_concurrency=64 | target_rps=30
[Image Processor] No eligible images found.
[Image Processor] Writing image artifacts | records=0 | destination=eu_legislation/batch_0336/image_index
[Image Processor] Artifacts complete | indexed=0 | errors=0
{'records': 0, 'indexed': 0, 'errors': 0, 'destination': 'eu_legislation/batch_0336/image_index'}
[Image Processor] NIM endpoint: http://127.0.0.1:8000/v1
[Image Processor] Vision model: nvidia/nemotron-3-nano-omni-30b-a3b-reasoning
[Image Processor] Concurrency=64 | target_rps=30
[Image Processor] Loading embedding model: all-MiniLM-L6-v2
Warning: You are sending unauthenticated requests to the HF Hub. Please set a HF_TOKEN to enable higher rate limits and faster downloads.
Loading weights:   0%|          | 0/103 [00:00<?, ?it/s]Loading weights: 100%|██████████| 103/103 [00:00<00:00, 9099.04it/s]
[Image Processor] Embedding model ready.
[Image Processor] Loading image manifests from eu_legislation/batch_0337/image_store
[Image Processor] Eligible image assets loaded: 0
[Image Processor] Starting visual descriptions | images=0 | max_concurrency=64 | target_rps=30
[Image Processor] No eligible images found.
[Image Processor] Writing image artifacts | records=0 | destination=eu_legislation/batch_0337/image_index
[Image Processor] Artifacts complete | indexed=0 | errors=0
{'records': 0, 'indexed': 0, 'errors': 0, 'destination': 'eu_legislation/batch_0337/image_index'}
[Image Processor] NIM endpoint: http://127.0.0.1:8000/v1
[Image Processor] Vision model: nvidia/nemotron-3-nano-omni-30b-a3b-reasoning
[Image Processor] Concurrency=64 | target_rps=30
[Image Processor] Loading embedding model: all-MiniLM-L6-v2
Warning: You are sending unauthenticated requests to the HF Hub. Please set a HF_TOKEN to enable higher rate limits and faster downloads.
Loading weights:   0%|          | 0/103 [00:00<?, ?it/s]Loading weights: 100%|██████████| 103/103 [00:00<00:00, 10299.03it/s]
[Image Processor] Embedding model ready.
[Image Processor] Loading image manifests from eu_legislation/batch_0338/image_store
[Image Processor] Eligible image assets loaded: 0
[Image Processor] Starting visual descriptions | images=0 | max_concurrency=64 | target_rps=30
[Image Processor] No eligible images found.
[Image Processor] Writing image artifacts | records=0 | destination=eu_legislation/batch_0338/image_index
[Image Processor] Artifacts complete | indexed=0 | errors=0
{'records': 0, 'indexed': 0, 'errors': 0, 'destination': 'eu_legislation/batch_0338/image_index'}
[Image Processor] NIM endpoint: http://127.0.0.1:8000/v1
[Image Processor] Vision model: nvidia/nemotron-3-nano-omni-30b-a3b-reasoning
[Image Processor] Concurrency=64 | target_rps=30
[Image Processor] Loading embedding model: all-MiniLM-L6-v2
Warning: You are sending unauthenticated requests to the HF Hub. Please set a HF_TOKEN to enable higher rate limits and faster downloads.
Loading weights:   0%|          | 0/103 [00:00<?, ?it/s]Loading weights: 100%|██████████| 103/103 [00:00<00:00, 9302.81it/s]
[Image Processor] Embedding model ready.
[Image Processor] Loading image manifests from eu_legislation/batch_0339/image_store
[Image Processor] Eligible image assets loaded: 0
[Image Processor] Starting visual descriptions | images=0 | max_concurrency=64 | target_rps=30
[Image Processor] No eligible images found.
[Image Processor] Writing image artifacts | records=0 | destination=eu_legislation/batch_0339/image_index
[Image Processor] Artifacts complete | indexed=0 | errors=0
{'records': 0, 'indexed': 0, 'errors': 0, 'destination': 'eu_legislation/batch_0339/image_index'}
[Image Processor] NIM endpoint: http://127.0.0.1:8000/v1
[Image Processor] Vision model: nvidia/nemotron-3-nano-omni-30b-a3b-reasoning
[Image Processor] Concurrency=64 | target_rps=30
[Image Processor] Loading embedding model: all-MiniLM-L6-v2
Warning: You are sending unauthenticated requests to the HF Hub. Please set a HF_TOKEN to enable higher rate limits and faster downloads.
Loading weights:   0%|          | 0/103 [00:00<?, ?it/s]Loading weights: 100%|██████████| 103/103 [00:00<00:00, 9674.47it/s]
[Image Processor] Embedding model ready.
[Image Processor] Loading image manifests from eu_legislation/batch_0340/image_store
[Image Processor] Eligible image assets loaded: 0
[Image Processor] Starting visual descriptions | images=0 | max_concurrency=64 | target_rps=30
[Image Processor] No eligible images found.
[Image Processor] Writing image artifacts | records=0 | destination=eu_legislation/batch_0340/image_index
[Image Processor] Artifacts complete | indexed=0 | errors=0
{'records': 0, 'indexed': 0, 'errors': 0, 'destination': 'eu_legislation/batch_0340/image_index'}
[Image Processor] NIM endpoint: http://127.0.0.1:8000/v1
[Image Processor] Vision model: nvidia/nemotron-3-nano-omni-30b-a3b-reasoning
[Image Processor] Concurrency=64 | target_rps=30
[Image Processor] Loading embedding model: all-MiniLM-L6-v2
Warning: You are sending unauthenticated requests to the HF Hub. Please set a HF_TOKEN to enable higher rate limits and faster downloads.
Loading weights:   0%|          | 0/103 [00:00<?, ?it/s]Loading weights: 100%|██████████| 103/103 [00:00<00:00, 8937.34it/s]
[Image Processor] Embedding model ready.
[Image Processor] Loading image manifests from eu_legislation/batch_0341/image_store
[Image Processor] Eligible image assets loaded: 0
[Image Processor] Starting visual descriptions | images=0 | max_concurrency=64 | target_rps=30
[Image Processor] No eligible images found.
[Image Processor] Writing image artifacts | records=0 | destination=eu_legislation/batch_0341/image_index
[Image Processor] Artifacts complete | indexed=0 | errors=0
{'records': 0, 'indexed': 0, 'errors': 0, 'destination': 'eu_legislation/batch_0341/image_index'}
[Image Processor] NIM endpoint: http://127.0.0.1:8000/v1
[Image Processor] Vision model: nvidia/nemotron-3-nano-omni-30b-a3b-reasoning
[Image Processor] Concurrency=64 | target_rps=30
[Image Processor] Loading embedding model: all-MiniLM-L6-v2
Warning: You are sending unauthenticated requests to the HF Hub. Please set a HF_TOKEN to enable higher rate limits and faster downloads.
Loading weights:   0%|          | 0/103 [00:00<?, ?it/s]Loading weights: 100%|██████████| 103/103 [00:00<00:00, 9202.15it/s]
[Image Processor] Embedding model ready.
[Image Processor] Loading image manifests from eu_legislation/batch_0342/image_store
[Image Processor] Eligible image assets loaded: 2
[Image Processor] Starting visual descriptions | images=2 | max_concurrency=64 | target_rps=30
[Image Processor] Progress 1/2 (50.0%) | success=1 error=0 | avg=0.25 images/s | elapsed=0.1 min
[Image Processor] Progress 2/2 (100.0%) | success=2 error=0 | avg=0.48 images/s | elapsed=0.1 min
[Image Processor] Visual descriptions complete | images=2 | success=2 error=0 | avg=0.48 images/s | elapsed=0.1 min
[Image Processor] Writing image artifacts | records=2 | destination=eu_legislation/batch_0342/image_index
[Image Processor] Embedding 2 successful descriptions with all-MiniLM-L6-v2...
[Image Processor] FAISS index written | vectors=2 | dimension=384
[Image Processor] Artifacts complete | indexed=2 | errors=0
{'records': 2, 'indexed': 2, 'errors': 0, 'destination': 'eu_legislation/batch_0342/image_index'}
[Image Processor] NIM endpoint: http://127.0.0.1:8000/v1
[Image Processor] Vision model: nvidia/nemotron-3-nano-omni-30b-a3b-reasoning
[Image Processor] Concurrency=64 | target_rps=30
[Image Processor] Loading embedding model: all-MiniLM-L6-v2
Warning: You are sending unauthenticated requests to the HF Hub. Please set a HF_TOKEN to enable higher rate limits and faster downloads.
Loading weights:   0%|          | 0/103 [00:00<?, ?it/s]Loading weights: 100%|██████████| 103/103 [00:00<00:00, 9086.98it/s]
[Image Processor] Embedding model ready.
[Image Processor] Loading image manifests from eu_legislation/batch_0343/image_store
[Image Processor] Eligible image assets loaded: 0
[Image Processor] Starting visual descriptions | images=0 | max_concurrency=64 | target_rps=30
[Image Processor] No eligible images found.
[Image Processor] Writing image artifacts | records=0 | destination=eu_legislation/batch_0343/image_index
[Image Processor] Artifacts complete | indexed=0 | errors=0
{'records': 0, 'indexed': 0, 'errors': 0, 'destination': 'eu_legislation/batch_0343/image_index'}
[Image Processor] NIM endpoint: http://127.0.0.1:8000/v1
[Image Processor] Vision model: nvidia/nemotron-3-nano-omni-30b-a3b-reasoning
[Image Processor] Concurrency=64 | target_rps=30
[Image Processor] Loading embedding model: all-MiniLM-L6-v2
Warning: You are sending unauthenticated requests to the HF Hub. Please set a HF_TOKEN to enable higher rate limits and faster downloads.
Loading weights:   0%|          | 0/103 [00:00<?, ?it/s]Loading weights: 100%|██████████| 103/103 [00:00<00:00, 8971.49it/s]
[Image Processor] Embedding model ready.
[Image Processor] Loading image manifests from eu_legislation/batch_0344/image_store
[Image Processor] Eligible image assets loaded: 0
[Image Processor] Starting visual descriptions | images=0 | max_concurrency=64 | target_rps=30
[Image Processor] No eligible images found.
[Image Processor] Writing image artifacts | records=0 | destination=eu_legislation/batch_0344/image_index
[Image Processor] Artifacts complete | indexed=0 | errors=0
{'records': 0, 'indexed': 0, 'errors': 0, 'destination': 'eu_legislation/batch_0344/image_index'}
[Image Processor] NIM endpoint: http://127.0.0.1:8000/v1
[Image Processor] Vision model: nvidia/nemotron-3-nano-omni-30b-a3b-reasoning
[Image Processor] Concurrency=64 | target_rps=30
[Image Processor] Loading embedding model: all-MiniLM-L6-v2
Warning: You are sending unauthenticated requests to the HF Hub. Please set a HF_TOKEN to enable higher rate limits and faster downloads.
Loading weights:   0%|          | 0/103 [00:00<?, ?it/s]Loading weights: 100%|██████████| 103/103 [00:00<00:00, 10195.73it/s]
[Image Processor] Embedding model ready.
[Image Processor] Loading image manifests from eu_legislation/batch_0345/image_store
[Image Processor] Eligible image assets loaded: 0
[Image Processor] Starting visual descriptions | images=0 | max_concurrency=64 | target_rps=30
[Image Processor] No eligible images found.
[Image Processor] Writing image artifacts | records=0 | destination=eu_legislation/batch_0345/image_index
[Image Processor] Artifacts complete | indexed=0 | errors=0
{'records': 0, 'indexed': 0, 'errors': 0, 'destination': 'eu_legislation/batch_0345/image_index'}
[Image Processor] NIM endpoint: http://127.0.0.1:8000/v1
[Image Processor] Vision model: nvidia/nemotron-3-nano-omni-30b-a3b-reasoning
[Image Processor] Concurrency=64 | target_rps=30
[Image Processor] Loading embedding model: all-MiniLM-L6-v2
Warning: You are sending unauthenticated requests to the HF Hub. Please set a HF_TOKEN to enable higher rate limits and faster downloads.
Loading weights:   0%|          | 0/103 [00:00<?, ?it/s]Loading weights: 100%|██████████| 103/103 [00:00<00:00, 10169.09it/s]
[Image Processor] Embedding model ready.
[Image Processor] Loading image manifests from eu_legislation/batch_0346/image_store
[Image Processor] Eligible image assets loaded: 0
[Image Processor] Starting visual descriptions | images=0 | max_concurrency=64 | target_rps=30
[Image Processor] No eligible images found.
[Image Processor] Writing image artifacts | records=0 | destination=eu_legislation/batch_0346/image_index
[Image Processor] Artifacts complete | indexed=0 | errors=0
{'records': 0, 'indexed': 0, 'errors': 0, 'destination': 'eu_legislation/batch_0346/image_index'}
[Image Processor] NIM endpoint: http://127.0.0.1:8000/v1
[Image Processor] Vision model: nvidia/nemotron-3-nano-omni-30b-a3b-reasoning
[Image Processor] Concurrency=64 | target_rps=30
[Image Processor] Loading embedding model: all-MiniLM-L6-v2
Warning: You are sending unauthenticated requests to the HF Hub. Please set a HF_TOKEN to enable higher rate limits and faster downloads.
Loading weights:   0%|          | 0/103 [00:00<?, ?it/s]Loading weights: 100%|██████████| 103/103 [00:00<00:00, 10164.30it/s]
[Image Processor] Embedding model ready.
[Image Processor] Loading image manifests from eu_legislation/batch_0347/image_store
[Image Processor] Eligible image assets loaded: 0
[Image Processor] Starting visual descriptions | images=0 | max_concurrency=64 | target_rps=30
[Image Processor] No eligible images found.
[Image Processor] Writing image artifacts | records=0 | destination=eu_legislation/batch_0347/image_index
[Image Processor] Artifacts complete | indexed=0 | errors=0
{'records': 0, 'indexed': 0, 'errors': 0, 'destination': 'eu_legislation/batch_0347/image_index'}
[Image Processor] NIM endpoint: http://127.0.0.1:8000/v1
[Image Processor] Vision model: nvidia/nemotron-3-nano-omni-30b-a3b-reasoning
[Image Processor] Concurrency=64 | target_rps=30
[Image Processor] Loading embedding model: all-MiniLM-L6-v2
Warning: You are sending unauthenticated requests to the HF Hub. Please set a HF_TOKEN to enable higher rate limits and faster downloads.
Loading weights:   0%|          | 0/103 [00:00<?, ?it/s]Loading weights: 100%|██████████| 103/103 [00:00<00:00, 9551.90it/s]
[Image Processor] Embedding model ready.
[Image Processor] Loading image manifests from eu_legislation/batch_0348/image_store
[Image Processor] Eligible image assets loaded: 1
[Image Processor] Starting visual descriptions | images=1 | max_concurrency=64 | target_rps=30
[Image Processor] Progress 1/1 (100.0%) | success=1 error=0 | avg=0.60 images/s | elapsed=0.0 min
[Image Processor] Visual descriptions complete | images=1 | success=1 error=0 | avg=0.60 images/s | elapsed=0.0 min
[Image Processor] Writing image artifacts | records=1 | destination=eu_legislation/batch_0348/image_index
[Image Processor] Embedding 1 successful descriptions with all-MiniLM-L6-v2...
[Image Processor] FAISS index written | vectors=1 | dimension=384
[Image Processor] Artifacts complete | indexed=1 | errors=0
{'records': 1, 'indexed': 1, 'errors': 0, 'destination': 'eu_legislation/batch_0348/image_index'}
[Image Processor] NIM endpoint: http://127.0.0.1:8000/v1
[Image Processor] Vision model: nvidia/nemotron-3-nano-omni-30b-a3b-reasoning
[Image Processor] Concurrency=64 | target_rps=30
[Image Processor] Loading embedding model: all-MiniLM-L6-v2
Warning: You are sending unauthenticated requests to the HF Hub. Please set a HF_TOKEN to enable higher rate limits and faster downloads.
Loading weights:   0%|          | 0/103 [00:00<?, ?it/s]Loading weights: 100%|██████████| 103/103 [00:00<00:00, 10160.24it/s]
[Image Processor] Embedding model ready.
[Image Processor] Loading image manifests from eu_legislation/batch_0349/image_store
[Image Processor] Eligible image assets loaded: 0
[Image Processor] Starting visual descriptions | images=0 | max_concurrency=64 | target_rps=30
[Image Processor] No eligible images found.
[Image Processor] Writing image artifacts | records=0 | destination=eu_legislation/batch_0349/image_index
[Image Processor] Artifacts complete | indexed=0 | errors=0
{'records': 0, 'indexed': 0, 'errors': 0, 'destination': 'eu_legislation/batch_0349/image_index'}
[Image Processor] NIM endpoint: http://127.0.0.1:8000/v1
[Image Processor] Vision model: nvidia/nemotron-3-nano-omni-30b-a3b-reasoning
[Image Processor] Concurrency=64 | target_rps=30
[Image Processor] Loading embedding model: all-MiniLM-L6-v2
Warning: You are sending unauthenticated requests to the HF Hub. Please set a HF_TOKEN to enable higher rate limits and faster downloads.
Loading weights:   0%|          | 0/103 [00:00<?, ?it/s]Loading weights: 100%|██████████| 103/103 [00:00<00:00, 10022.58it/s]
[Image Processor] Embedding model ready.
[Image Processor] Loading image manifests from eu_legislation/batch_0350/image_store
[Image Processor] Eligible image assets loaded: 0
[Image Processor] Starting visual descriptions | images=0 | max_concurrency=64 | target_rps=30
[Image Processor] No eligible images found.
[Image Processor] Writing image artifacts | records=0 | destination=eu_legislation/batch_0350/image_index
[Image Processor] Artifacts complete | indexed=0 | errors=0
{'records': 0, 'indexed': 0, 'errors': 0, 'destination': 'eu_legislation/batch_0350/image_index'}
[Image Processor] NIM endpoint: http://127.0.0.1:8000/v1
[Image Processor] Vision model: nvidia/nemotron-3-nano-omni-30b-a3b-reasoning
[Image Processor] Concurrency=64 | target_rps=30
[Image Processor] Loading embedding model: all-MiniLM-L6-v2
Warning: You are sending unauthenticated requests to the HF Hub. Please set a HF_TOKEN to enable higher rate limits and faster downloads.
Loading weights:   0%|          | 0/103 [00:00<?, ?it/s]Loading weights: 100%|██████████| 103/103 [00:00<00:00, 8836.62it/s]
[Image Processor] Embedding model ready.
[Image Processor] Loading image manifests from eu_legislation/batch_0351/image_store
[Image Processor] Eligible image assets loaded: 0
[Image Processor] Starting visual descriptions | images=0 | max_concurrency=64 | target_rps=30
[Image Processor] No eligible images found.
[Image Processor] Writing image artifacts | records=0 | destination=eu_legislation/batch_0351/image_index
[Image Processor] Artifacts complete | indexed=0 | errors=0
{'records': 0, 'indexed': 0, 'errors': 0, 'destination': 'eu_legislation/batch_0351/image_index'}
[Image Processor] NIM endpoint: http://127.0.0.1:8000/v1
[Image Processor] Vision model: nvidia/nemotron-3-nano-omni-30b-a3b-reasoning
[Image Processor] Concurrency=64 | target_rps=30
[Image Processor] Loading embedding model: all-MiniLM-L6-v2
Warning: You are sending unauthenticated requests to the HF Hub. Please set a HF_TOKEN to enable higher rate limits and faster downloads.
Loading weights:   0%|          | 0/103 [00:00<?, ?it/s]Loading weights: 100%|██████████| 103/103 [00:00<00:00, 9489.58it/s]
[Image Processor] Embedding model ready.
[Image Processor] Loading image manifests from eu_legislation/batch_0352/image_store
[Image Processor] Eligible image assets loaded: 0
[Image Processor] Starting visual descriptions | images=0 | max_concurrency=64 | target_rps=30
[Image Processor] No eligible images found.
[Image Processor] Writing image artifacts | records=0 | destination=eu_legislation/batch_0352/image_index
[Image Processor] Artifacts complete | indexed=0 | errors=0
{'records': 0, 'indexed': 0, 'errors': 0, 'destination': 'eu_legislation/batch_0352/image_index'}
[Image Processor] NIM endpoint: http://127.0.0.1:8000/v1
[Image Processor] Vision model: nvidia/nemotron-3-nano-omni-30b-a3b-reasoning
[Image Processor] Concurrency=64 | target_rps=30
[Image Processor] Loading embedding model: all-MiniLM-L6-v2
Warning: You are sending unauthenticated requests to the HF Hub. Please set a HF_TOKEN to enable higher rate limits and faster downloads.
Loading weights:   0%|          | 0/103 [00:00<?, ?it/s]Loading weights: 100%|██████████| 103/103 [00:00<00:00, 9266.69it/s]
[Image Processor] Embedding model ready.
[Image Processor] Loading image manifests from eu_legislation/batch_0353/image_store
[Image Processor] Eligible image assets loaded: 0
[Image Processor] Starting visual descriptions | images=0 | max_concurrency=64 | target_rps=30
[Image Processor] No eligible images found.
[Image Processor] Writing image artifacts | records=0 | destination=eu_legislation/batch_0353/image_index
[Image Processor] Artifacts complete | indexed=0 | errors=0
{'records': 0, 'indexed': 0, 'errors': 0, 'destination': 'eu_legislation/batch_0353/image_index'}
[Image Processor] NIM endpoint: http://127.0.0.1:8000/v1
[Image Processor] Vision model: nvidia/nemotron-3-nano-omni-30b-a3b-reasoning
[Image Processor] Concurrency=64 | target_rps=30
[Image Processor] Loading embedding model: all-MiniLM-L6-v2
Warning: You are sending unauthenticated requests to the HF Hub. Please set a HF_TOKEN to enable higher rate limits and faster downloads.
Loading weights:   0%|          | 0/103 [00:00<?, ?it/s]Loading weights: 100%|██████████| 103/103 [00:00<00:00, 9834.58it/s]
[Image Processor] Embedding model ready.
[Image Processor] Loading image manifests from eu_legislation/batch_0354/image_store
[Image Processor] Eligible image assets loaded: 0
[Image Processor] Starting visual descriptions | images=0 | max_concurrency=64 | target_rps=30
[Image Processor] No eligible images found.
[Image Processor] Writing image artifacts | records=0 | destination=eu_legislation/batch_0354/image_index
[Image Processor] Artifacts complete | indexed=0 | errors=0
{'records': 0, 'indexed': 0, 'errors': 0, 'destination': 'eu_legislation/batch_0354/image_index'}
[Image Processor] NIM endpoint: http://127.0.0.1:8000/v1
[Image Processor] Vision model: nvidia/nemotron-3-nano-omni-30b-a3b-reasoning
[Image Processor] Concurrency=64 | target_rps=30
[Image Processor] Loading embedding model: all-MiniLM-L6-v2
Warning: You are sending unauthenticated requests to the HF Hub. Please set a HF_TOKEN to enable higher rate limits and faster downloads.
Loading weights:   0%|          | 0/103 [00:00<?, ?it/s]Loading weights: 100%|██████████| 103/103 [00:00<00:00, 10539.48it/s]
[Image Processor] Embedding model ready.
[Image Processor] Loading image manifests from eu_legislation/batch_0355/image_store
[Image Processor] Eligible image assets loaded: 0
[Image Processor] Starting visual descriptions | images=0 | max_concurrency=64 | target_rps=30
[Image Processor] No eligible images found.
[Image Processor] Writing image artifacts | records=0 | destination=eu_legislation/batch_0355/image_index
[Image Processor] Artifacts complete | indexed=0 | errors=0
{'records': 0, 'indexed': 0, 'errors': 0, 'destination': 'eu_legislation/batch_0355/image_index'}
[Image Processor] NIM endpoint: http://127.0.0.1:8000/v1
[Image Processor] Vision model: nvidia/nemotron-3-nano-omni-30b-a3b-reasoning
[Image Processor] Concurrency=64 | target_rps=30
[Image Processor] Loading embedding model: all-MiniLM-L6-v2
Warning: You are sending unauthenticated requests to the HF Hub. Please set a HF_TOKEN to enable higher rate limits and faster downloads.
Loading weights:   0%|          | 0/103 [00:00<?, ?it/s]Loading weights: 100%|██████████| 103/103 [00:00<00:00, 9251.41it/s]
[Image Processor] Embedding model ready.
[Image Processor] Loading image manifests from eu_legislation/batch_0356/image_store
[Image Processor] Eligible image assets loaded: 0
[Image Processor] Starting visual descriptions | images=0 | max_concurrency=64 | target_rps=30
[Image Processor] No eligible images found.
[Image Processor] Writing image artifacts | records=0 | destination=eu_legislation/batch_0356/image_index
[Image Processor] Artifacts complete | indexed=0 | errors=0
{'records': 0, 'indexed': 0, 'errors': 0, 'destination': 'eu_legislation/batch_0356/image_index'}
[Image Processor] NIM endpoint: http://127.0.0.1:8000/v1
[Image Processor] Vision model: nvidia/nemotron-3-nano-omni-30b-a3b-reasoning
[Image Processor] Concurrency=64 | target_rps=30
[Image Processor] Loading embedding model: all-MiniLM-L6-v2
Warning: You are sending unauthenticated requests to the HF Hub. Please set a HF_TOKEN to enable higher rate limits and faster downloads.
Loading weights:   0%|          | 0/103 [00:00<?, ?it/s]Loading weights: 100%|██████████| 103/103 [00:00<00:00, 9973.99it/s]
[Image Processor] Embedding model ready.
[Image Processor] Loading image manifests from eu_legislation/batch_0357/image_store
[Image Processor] Eligible image assets loaded: 0
[Image Processor] Starting visual descriptions | images=0 | max_concurrency=64 | target_rps=30
[Image Processor] No eligible images found.
[Image Processor] Writing image artifacts | records=0 | destination=eu_legislation/batch_0357/image_index
[Image Processor] Artifacts complete | indexed=0 | errors=0
{'records': 0, 'indexed': 0, 'errors': 0, 'destination': 'eu_legislation/batch_0357/image_index'}
[Image Processor] NIM endpoint: http://127.0.0.1:8000/v1
[Image Processor] Vision model: nvidia/nemotron-3-nano-omni-30b-a3b-reasoning
[Image Processor] Concurrency=64 | target_rps=30
[Image Processor] Loading embedding model: all-MiniLM-L6-v2
Warning: You are sending unauthenticated requests to the HF Hub. Please set a HF_TOKEN to enable higher rate limits and faster downloads.
Loading weights:   0%|          | 0/103 [00:00<?, ?it/s]Loading weights: 100%|██████████| 103/103 [00:00<00:00, 10264.28it/s]
[Image Processor] Embedding model ready.
[Image Processor] Loading image manifests from eu_legislation/batch_0358/image_store
[Image Processor] Eligible image assets loaded: 0
[Image Processor] Starting visual descriptions | images=0 | max_concurrency=64 | target_rps=30
[Image Processor] No eligible images found.
[Image Processor] Writing image artifacts | records=0 | destination=eu_legislation/batch_0358/image_index
[Image Processor] Artifacts complete | indexed=0 | errors=0
{'records': 0, 'indexed': 0, 'errors': 0, 'destination': 'eu_legislation/batch_0358/image_index'}
[Image Processor] NIM endpoint: http://127.0.0.1:8000/v1
[Image Processor] Vision model: nvidia/nemotron-3-nano-omni-30b-a3b-reasoning
[Image Processor] Concurrency=64 | target_rps=30
[Image Processor] Loading embedding model: all-MiniLM-L6-v2
Warning: You are sending unauthenticated requests to the HF Hub. Please set a HF_TOKEN to enable higher rate limits and faster downloads.
Loading weights:   0%|          | 0/103 [00:00<?, ?it/s]Loading weights: 100%|██████████| 103/103 [00:00<00:00, 9340.22it/s]
[Image Processor] Embedding model ready.
[Image Processor] Loading image manifests from eu_legislation/batch_0359/image_store
[Image Processor] Eligible image assets loaded: 0
[Image Processor] Starting visual descriptions | images=0 | max_concurrency=64 | target_rps=30
[Image Processor] No eligible images found.
[Image Processor] Writing image artifacts | records=0 | destination=eu_legislation/batch_0359/image_index
[Image Processor] Artifacts complete | indexed=0 | errors=0
{'records': 0, 'indexed': 0, 'errors': 0, 'destination': 'eu_legislation/batch_0359/image_index'}
[Image Processor] NIM endpoint: http://127.0.0.1:8000/v1
[Image Processor] Vision model: nvidia/nemotron-3-nano-omni-30b-a3b-reasoning
[Image Processor] Concurrency=64 | target_rps=30
[Image Processor] Loading embedding model: all-MiniLM-L6-v2
Warning: You are sending unauthenticated requests to the HF Hub. Please set a HF_TOKEN to enable higher rate limits and faster downloads.
Loading weights:   0%|          | 0/103 [00:00<?, ?it/s]Loading weights: 100%|██████████| 103/103 [00:00<00:00, 10397.68it/s]
[Image Processor] Embedding model ready.
[Image Processor] Loading image manifests from eu_legislation/batch_0360/image_store
[Image Processor] Eligible image assets loaded: 0
[Image Processor] Starting visual descriptions | images=0 | max_concurrency=64 | target_rps=30
[Image Processor] No eligible images found.
[Image Processor] Writing image artifacts | records=0 | destination=eu_legislation/batch_0360/image_index
[Image Processor] Artifacts complete | indexed=0 | errors=0
{'records': 0, 'indexed': 0, 'errors': 0, 'destination': 'eu_legislation/batch_0360/image_index'}
[Image Processor] NIM endpoint: http://127.0.0.1:8000/v1
[Image Processor] Vision model: nvidia/nemotron-3-nano-omni-30b-a3b-reasoning
[Image Processor] Concurrency=64 | target_rps=30
[Image Processor] Loading embedding model: all-MiniLM-L6-v2
Warning: You are sending unauthenticated requests to the HF Hub. Please set a HF_TOKEN to enable higher rate limits and faster downloads.
Loading weights:   0%|          | 0/103 [00:00<?, ?it/s]Loading weights: 100%|██████████| 103/103 [00:00<00:00, 10176.99it/s]
[Image Processor] Embedding model ready.
[Image Processor] Loading image manifests from eu_legislation/batch_0361/image_store
[Image Processor] Eligible image assets loaded: 0
[Image Processor] Starting visual descriptions | images=0 | max_concurrency=64 | target_rps=30
[Image Processor] No eligible images found.
[Image Processor] Writing image artifacts | records=0 | destination=eu_legislation/batch_0361/image_index
[Image Processor] Artifacts complete | indexed=0 | errors=0
{'records': 0, 'indexed': 0, 'errors': 0, 'destination': 'eu_legislation/batch_0361/image_index'}
[Image Processor] NIM endpoint: http://127.0.0.1:8000/v1
[Image Processor] Vision model: nvidia/nemotron-3-nano-omni-30b-a3b-reasoning
[Image Processor] Concurrency=64 | target_rps=30
[Image Processor] Loading embedding model: all-MiniLM-L6-v2
Warning: You are sending unauthenticated requests to the HF Hub. Please set a HF_TOKEN to enable higher rate limits and faster downloads.
Loading weights:   0%|          | 0/103 [00:00<?, ?it/s]Loading weights: 100%|██████████| 103/103 [00:00<00:00, 9725.65it/s]
[Image Processor] Embedding model ready.
[Image Processor] Loading image manifests from eu_legislation/batch_0362/image_store
[Image Processor] Eligible image assets loaded: 0
[Image Processor] Starting visual descriptions | images=0 | max_concurrency=64 | target_rps=30
[Image Processor] No eligible images found.
[Image Processor] Writing image artifacts | records=0 | destination=eu_legislation/batch_0362/image_index
[Image Processor] Artifacts complete | indexed=0 | errors=0
{'records': 0, 'indexed': 0, 'errors': 0, 'destination': 'eu_legislation/batch_0362/image_index'}
[Image Processor] NIM endpoint: http://127.0.0.1:8000/v1
[Image Processor] Vision model: nvidia/nemotron-3-nano-omni-30b-a3b-reasoning
[Image Processor] Concurrency=64 | target_rps=30
[Image Processor] Loading embedding model: all-MiniLM-L6-v2
Warning: You are sending unauthenticated requests to the HF Hub. Please set a HF_TOKEN to enable higher rate limits and faster downloads.
Loading weights:   0%|          | 0/103 [00:00<?, ?it/s]Loading weights: 100%|██████████| 103/103 [00:00<00:00, 9265.70it/s]
[Image Processor] Embedding model ready.
[Image Processor] Loading image manifests from eu_legislation/batch_0363/image_store
[Image Processor] Eligible image assets loaded: 0
[Image Processor] Starting visual descriptions | images=0 | max_concurrency=64 | target_rps=30
[Image Processor] No eligible images found.
[Image Processor] Writing image artifacts | records=0 | destination=eu_legislation/batch_0363/image_index
[Image Processor] Artifacts complete | indexed=0 | errors=0
{'records': 0, 'indexed': 0, 'errors': 0, 'destination': 'eu_legislation/batch_0363/image_index'}
[Image Processor] NIM endpoint: http://127.0.0.1:8000/v1
[Image Processor] Vision model: nvidia/nemotron-3-nano-omni-30b-a3b-reasoning
[Image Processor] Concurrency=64 | target_rps=30
[Image Processor] Loading embedding model: all-MiniLM-L6-v2
Warning: You are sending unauthenticated requests to the HF Hub. Please set a HF_TOKEN to enable higher rate limits and faster downloads.
Loading weights:   0%|          | 0/103 [00:00<?, ?it/s]Loading weights: 100%|██████████| 103/103 [00:00<00:00, 9855.67it/s]
[Image Processor] Embedding model ready.
[Image Processor] Loading image manifests from eu_legislation/batch_0364/image_store
[Image Processor] Eligible image assets loaded: 0
[Image Processor] Starting visual descriptions | images=0 | max_concurrency=64 | target_rps=30
[Image Processor] No eligible images found.
[Image Processor] Writing image artifacts | records=0 | destination=eu_legislation/batch_0364/image_index
[Image Processor] Artifacts complete | indexed=0 | errors=0
{'records': 0, 'indexed': 0, 'errors': 0, 'destination': 'eu_legislation/batch_0364/image_index'}
[Image Processor] NIM endpoint: http://127.0.0.1:8000/v1
[Image Processor] Vision model: nvidia/nemotron-3-nano-omni-30b-a3b-reasoning
[Image Processor] Concurrency=64 | target_rps=30
[Image Processor] Loading embedding model: all-MiniLM-L6-v2
Warning: You are sending unauthenticated requests to the HF Hub. Please set a HF_TOKEN to enable higher rate limits and faster downloads.
Loading weights:   0%|          | 0/103 [00:00<?, ?it/s]Loading weights: 100%|██████████| 103/103 [00:00<00:00, 9587.94it/s]
[Image Processor] Embedding model ready.
[Image Processor] Loading image manifests from eu_legislation/batch_0365/image_store
[Image Processor] Eligible image assets loaded: 0
[Image Processor] Starting visual descriptions | images=0 | max_concurrency=64 | target_rps=30
[Image Processor] No eligible images found.
[Image Processor] Writing image artifacts | records=0 | destination=eu_legislation/batch_0365/image_index
[Image Processor] Artifacts complete | indexed=0 | errors=0
{'records': 0, 'indexed': 0, 'errors': 0, 'destination': 'eu_legislation/batch_0365/image_index'}
[Image Processor] NIM endpoint: http://127.0.0.1:8000/v1
[Image Processor] Vision model: nvidia/nemotron-3-nano-omni-30b-a3b-reasoning
[Image Processor] Concurrency=64 | target_rps=30
[Image Processor] Loading embedding model: all-MiniLM-L6-v2
Warning: You are sending unauthenticated requests to the HF Hub. Please set a HF_TOKEN to enable higher rate limits and faster downloads.
Loading weights:   0%|          | 0/103 [00:00<?, ?it/s]Loading weights: 100%|██████████| 103/103 [00:00<00:00, 9769.42it/s]
[Image Processor] Embedding model ready.
[Image Processor] Loading image manifests from eu_legislation/batch_0366/image_store
[Image Processor] Eligible image assets loaded: 0
[Image Processor] Starting visual descriptions | images=0 | max_concurrency=64 | target_rps=30
[Image Processor] No eligible images found.
[Image Processor] Writing image artifacts | records=0 | destination=eu_legislation/batch_0366/image_index
[Image Processor] Artifacts complete | indexed=0 | errors=0
{'records': 0, 'indexed': 0, 'errors': 0, 'destination': 'eu_legislation/batch_0366/image_index'}
[Image Processor] NIM endpoint: http://127.0.0.1:8000/v1
[Image Processor] Vision model: nvidia/nemotron-3-nano-omni-30b-a3b-reasoning
[Image Processor] Concurrency=64 | target_rps=30
[Image Processor] Loading embedding model: all-MiniLM-L6-v2
Warning: You are sending unauthenticated requests to the HF Hub. Please set a HF_TOKEN to enable higher rate limits and faster downloads.
Loading weights:   0%|          | 0/103 [00:00<?, ?it/s]Loading weights: 100%|██████████| 103/103 [00:00<00:00, 9475.22it/s]
[Image Processor] Embedding model ready.
[Image Processor] Loading image manifests from eu_legislation/batch_0367/image_store
[Image Processor] Eligible image assets loaded: 0
[Image Processor] Starting visual descriptions | images=0 | max_concurrency=64 | target_rps=30
[Image Processor] No eligible images found.
[Image Processor] Writing image artifacts | records=0 | destination=eu_legislation/batch_0367/image_index
[Image Processor] Artifacts complete | indexed=0 | errors=0
{'records': 0, 'indexed': 0, 'errors': 0, 'destination': 'eu_legislation/batch_0367/image_index'}
[Image Processor] NIM endpoint: http://127.0.0.1:8000/v1
[Image Processor] Vision model: nvidia/nemotron-3-nano-omni-30b-a3b-reasoning
[Image Processor] Concurrency=64 | target_rps=30
[Image Processor] Loading embedding model: all-MiniLM-L6-v2
Warning: You are sending unauthenticated requests to the HF Hub. Please set a HF_TOKEN to enable higher rate limits and faster downloads.
Loading weights:   0%|          | 0/103 [00:00<?, ?it/s]Loading weights: 100%|██████████| 103/103 [00:00<00:00, 9631.12it/s]
[Image Processor] Embedding model ready.
[Image Processor] Loading image manifests from eu_legislation/batch_0368/image_store
[Image Processor] Eligible image assets loaded: 0
[Image Processor] Starting visual descriptions | images=0 | max_concurrency=64 | target_rps=30
[Image Processor] No eligible images found.
[Image Processor] Writing image artifacts | records=0 | destination=eu_legislation/batch_0368/image_index
[Image Processor] Artifacts complete | indexed=0 | errors=0
{'records': 0, 'indexed': 0, 'errors': 0, 'destination': 'eu_legislation/batch_0368/image_index'}
[Image Processor] NIM endpoint: http://127.0.0.1:8000/v1
[Image Processor] Vision model: nvidia/nemotron-3-nano-omni-30b-a3b-reasoning
[Image Processor] Concurrency=64 | target_rps=30
[Image Processor] Loading embedding model: all-MiniLM-L6-v2
Warning: You are sending unauthenticated requests to the HF Hub. Please set a HF_TOKEN to enable higher rate limits and faster downloads.
Loading weights:   0%|          | 0/103 [00:00<?, ?it/s]Loading weights: 100%|██████████| 103/103 [00:00<00:00, 9680.97it/s]
[Image Processor] Embedding model ready.
[Image Processor] Loading image manifests from eu_legislation/batch_0369/image_store
[Image Processor] Eligible image assets loaded: 0
[Image Processor] Starting visual descriptions | images=0 | max_concurrency=64 | target_rps=30
[Image Processor] No eligible images found.
[Image Processor] Writing image artifacts | records=0 | destination=eu_legislation/batch_0369/image_index
[Image Processor] Artifacts complete | indexed=0 | errors=0
{'records': 0, 'indexed': 0, 'errors': 0, 'destination': 'eu_legislation/batch_0369/image_index'}
[Image Processor] NIM endpoint: http://127.0.0.1:8000/v1
[Image Processor] Vision model: nvidia/nemotron-3-nano-omni-30b-a3b-reasoning
[Image Processor] Concurrency=64 | target_rps=30
[Image Processor] Loading embedding model: all-MiniLM-L6-v2
Warning: You are sending unauthenticated requests to the HF Hub. Please set a HF_TOKEN to enable higher rate limits and faster downloads.
Loading weights:   0%|          | 0/103 [00:00<?, ?it/s]Loading weights: 100%|██████████| 103/103 [00:00<00:00, 12384.28it/s]
[Image Processor] Embedding model ready.
[Image Processor] Loading image manifests from eu_legislation/batch_0370/image_store
[Image Processor] Eligible image assets loaded: 0
[Image Processor] Starting visual descriptions | images=0 | max_concurrency=64 | target_rps=30
[Image Processor] No eligible images found.
[Image Processor] Writing image artifacts | records=0 | destination=eu_legislation/batch_0370/image_index
[Image Processor] Artifacts complete | indexed=0 | errors=0
{'records': 0, 'indexed': 0, 'errors': 0, 'destination': 'eu_legislation/batch_0370/image_index'}
[Image Processor] NIM endpoint: http://127.0.0.1:8000/v1
[Image Processor] Vision model: nvidia/nemotron-3-nano-omni-30b-a3b-reasoning
[Image Processor] Concurrency=64 | target_rps=30
[Image Processor] Loading embedding model: all-MiniLM-L6-v2
Warning: You are sending unauthenticated requests to the HF Hub. Please set a HF_TOKEN to enable higher rate limits and faster downloads.
Loading weights:   0%|          | 0/103 [00:00<?, ?it/s]Loading weights: 100%|██████████| 103/103 [00:00<00:00, 9769.86it/s]
[Image Processor] Embedding model ready.
[Image Processor] Loading image manifests from eu_legislation/batch_0371/image_store
[Image Processor] Eligible image assets loaded: 0
[Image Processor] Starting visual descriptions | images=0 | max_concurrency=64 | target_rps=30
[Image Processor] No eligible images found.
[Image Processor] Writing image artifacts | records=0 | destination=eu_legislation/batch_0371/image_index
[Image Processor] Artifacts complete | indexed=0 | errors=0
{'records': 0, 'indexed': 0, 'errors': 0, 'destination': 'eu_legislation/batch_0371/image_index'}
[Image Processor] NIM endpoint: http://127.0.0.1:8000/v1
[Image Processor] Vision model: nvidia/nemotron-3-nano-omni-30b-a3b-reasoning
[Image Processor] Concurrency=64 | target_rps=30
[Image Processor] Loading embedding model: all-MiniLM-L6-v2
Warning: You are sending unauthenticated requests to the HF Hub. Please set a HF_TOKEN to enable higher rate limits and faster downloads.
Loading weights:   0%|          | 0/103 [00:00<?, ?it/s]Loading weights: 100%|██████████| 103/103 [00:00<00:00, 10146.87it/s]
[Image Processor] Embedding model ready.
[Image Processor] Loading image manifests from eu_legislation/batch_0372/image_store
[Image Processor] Eligible image assets loaded: 0
[Image Processor] Starting visual descriptions | images=0 | max_concurrency=64 | target_rps=30
[Image Processor] No eligible images found.
[Image Processor] Writing image artifacts | records=0 | destination=eu_legislation/batch_0372/image_index
[Image Processor] Artifacts complete | indexed=0 | errors=0
{'records': 0, 'indexed': 0, 'errors': 0, 'destination': 'eu_legislation/batch_0372/image_index'}
[Image Processor] NIM endpoint: http://127.0.0.1:8000/v1
[Image Processor] Vision model: nvidia/nemotron-3-nano-omni-30b-a3b-reasoning
[Image Processor] Concurrency=64 | target_rps=30
[Image Processor] Loading embedding model: all-MiniLM-L6-v2
Warning: You are sending unauthenticated requests to the HF Hub. Please set a HF_TOKEN to enable higher rate limits and faster downloads.
Loading weights:   0%|          | 0/103 [00:00<?, ?it/s]Loading weights: 100%|██████████| 103/103 [00:00<00:00, 10335.74it/s]
[Image Processor] Embedding model ready.
[Image Processor] Loading image manifests from eu_legislation/batch_0373/image_store
[Image Processor] Eligible image assets loaded: 0
[Image Processor] Starting visual descriptions | images=0 | max_concurrency=64 | target_rps=30
[Image Processor] No eligible images found.
[Image Processor] Writing image artifacts | records=0 | destination=eu_legislation/batch_0373/image_index
[Image Processor] Artifacts complete | indexed=0 | errors=0
{'records': 0, 'indexed': 0, 'errors': 0, 'destination': 'eu_legislation/batch_0373/image_index'}
[Image Processor] NIM endpoint: http://127.0.0.1:8000/v1
[Image Processor] Vision model: nvidia/nemotron-3-nano-omni-30b-a3b-reasoning
[Image Processor] Concurrency=64 | target_rps=30
[Image Processor] Loading embedding model: all-MiniLM-L6-v2
Warning: You are sending unauthenticated requests to the HF Hub. Please set a HF_TOKEN to enable higher rate limits and faster downloads.
Loading weights:   0%|          | 0/103 [00:00<?, ?it/s]Loading weights: 100%|██████████| 103/103 [00:00<00:00, 9400.99it/s]
[Image Processor] Embedding model ready.
[Image Processor] Loading image manifests from eu_legislation/batch_0374/image_store
[Image Processor] Eligible image assets loaded: 0
[Image Processor] Starting visual descriptions | images=0 | max_concurrency=64 | target_rps=30
[Image Processor] No eligible images found.
[Image Processor] Writing image artifacts | records=0 | destination=eu_legislation/batch_0374/image_index
[Image Processor] Artifacts complete | indexed=0 | errors=0
{'records': 0, 'indexed': 0, 'errors': 0, 'destination': 'eu_legislation/batch_0374/image_index'}
[Image Processor] NIM endpoint: http://127.0.0.1:8000/v1
[Image Processor] Vision model: nvidia/nemotron-3-nano-omni-30b-a3b-reasoning
[Image Processor] Concurrency=64 | target_rps=30
[Image Processor] Loading embedding model: all-MiniLM-L6-v2
Warning: You are sending unauthenticated requests to the HF Hub. Please set a HF_TOKEN to enable higher rate limits and faster downloads.
Loading weights:   0%|          | 0/103 [00:00<?, ?it/s]Loading weights: 100%|██████████| 103/103 [00:00<00:00, 9427.25it/s]
[Image Processor] Embedding model ready.
[Image Processor] Loading image manifests from eu_legislation/batch_0375/image_store
[Image Processor] Eligible image assets loaded: 0
[Image Processor] Starting visual descriptions | images=0 | max_concurrency=64 | target_rps=30
[Image Processor] No eligible images found.
[Image Processor] Writing image artifacts | records=0 | destination=eu_legislation/batch_0375/image_index
[Image Processor] Artifacts complete | indexed=0 | errors=0
{'records': 0, 'indexed': 0, 'errors': 0, 'destination': 'eu_legislation/batch_0375/image_index'}
[Image Processor] NIM endpoint: http://127.0.0.1:8000/v1
[Image Processor] Vision model: nvidia/nemotron-3-nano-omni-30b-a3b-reasoning
[Image Processor] Concurrency=64 | target_rps=30
[Image Processor] Loading embedding model: all-MiniLM-L6-v2
Warning: You are sending unauthenticated requests to the HF Hub. Please set a HF_TOKEN to enable higher rate limits and faster downloads.
Loading weights:   0%|          | 0/103 [00:00<?, ?it/s]Loading weights: 100%|██████████| 103/103 [00:00<00:00, 9414.31it/s]
[Image Processor] Embedding model ready.
[Image Processor] Loading image manifests from eu_legislation/batch_0376/image_store
[Image Processor] Eligible image assets loaded: 0
[Image Processor] Starting visual descriptions | images=0 | max_concurrency=64 | target_rps=30
[Image Processor] No eligible images found.
[Image Processor] Writing image artifacts | records=0 | destination=eu_legislation/batch_0376/image_index
[Image Processor] Artifacts complete | indexed=0 | errors=0
{'records': 0, 'indexed': 0, 'errors': 0, 'destination': 'eu_legislation/batch_0376/image_index'}
[Image Processor] NIM endpoint: http://127.0.0.1:8000/v1
[Image Processor] Vision model: nvidia/nemotron-3-nano-omni-30b-a3b-reasoning
[Image Processor] Concurrency=64 | target_rps=30
[Image Processor] Loading embedding model: all-MiniLM-L6-v2
Warning: You are sending unauthenticated requests to the HF Hub. Please set a HF_TOKEN to enable higher rate limits and faster downloads.
Loading weights:   0%|          | 0/103 [00:00<?, ?it/s]Loading weights: 100%|██████████| 103/103 [00:00<00:00, 9241.72it/s]
[Image Processor] Embedding model ready.
[Image Processor] Loading image manifests from eu_legislation/batch_0377/image_store
[Image Processor] Eligible image assets loaded: 0
[Image Processor] Starting visual descriptions | images=0 | max_concurrency=64 | target_rps=30
[Image Processor] No eligible images found.
[Image Processor] Writing image artifacts | records=0 | destination=eu_legislation/batch_0377/image_index
[Image Processor] Artifacts complete | indexed=0 | errors=0
{'records': 0, 'indexed': 0, 'errors': 0, 'destination': 'eu_legislation/batch_0377/image_index'}
[Image Processor] NIM endpoint: http://127.0.0.1:8000/v1
[Image Processor] Vision model: nvidia/nemotron-3-nano-omni-30b-a3b-reasoning
[Image Processor] Concurrency=64 | target_rps=30
[Image Processor] Loading embedding model: all-MiniLM-L6-v2
Warning: You are sending unauthenticated requests to the HF Hub. Please set a HF_TOKEN to enable higher rate limits and faster downloads.
Loading weights:   0%|          | 0/103 [00:00<?, ?it/s]Loading weights: 100%|██████████| 103/103 [00:00<00:00, 9947.58it/s]
[Image Processor] Embedding model ready.
[Image Processor] Loading image manifests from eu_legislation/batch_0378/image_store
[Image Processor] Eligible image assets loaded: 0
[Image Processor] Starting visual descriptions | images=0 | max_concurrency=64 | target_rps=30
[Image Processor] No eligible images found.
[Image Processor] Writing image artifacts | records=0 | destination=eu_legislation/batch_0378/image_index
[Image Processor] Artifacts complete | indexed=0 | errors=0
{'records': 0, 'indexed': 0, 'errors': 0, 'destination': 'eu_legislation/batch_0378/image_index'}
[Image Processor] NIM endpoint: http://127.0.0.1:8000/v1
[Image Processor] Vision model: nvidia/nemotron-3-nano-omni-30b-a3b-reasoning
[Image Processor] Concurrency=64 | target_rps=30
[Image Processor] Loading embedding model: all-MiniLM-L6-v2
Warning: You are sending unauthenticated requests to the HF Hub. Please set a HF_TOKEN to enable higher rate limits and faster downloads.
Loading weights:   0%|          | 0/103 [00:00<?, ?it/s]Loading weights: 100%|██████████| 103/103 [00:00<00:00, 9606.27it/s]
[Image Processor] Embedding model ready.
[Image Processor] Loading image manifests from eu_legislation/batch_0379/image_store
[Image Processor] Eligible image assets loaded: 0
[Image Processor] Starting visual descriptions | images=0 | max_concurrency=64 | target_rps=30
[Image Processor] No eligible images found.
[Image Processor] Writing image artifacts | records=0 | destination=eu_legislation/batch_0379/image_index
[Image Processor] Artifacts complete | indexed=0 | errors=0
{'records': 0, 'indexed': 0, 'errors': 0, 'destination': 'eu_legislation/batch_0379/image_index'}
[Image Processor] NIM endpoint: http://127.0.0.1:8000/v1
[Image Processor] Vision model: nvidia/nemotron-3-nano-omni-30b-a3b-reasoning
[Image Processor] Concurrency=64 | target_rps=30
[Image Processor] Loading embedding model: all-MiniLM-L6-v2
Warning: You are sending unauthenticated requests to the HF Hub. Please set a HF_TOKEN to enable higher rate limits and faster downloads.
Loading weights:   0%|          | 0/103 [00:00<?, ?it/s]Loading weights: 100%|██████████| 103/103 [00:00<00:00, 8778.80it/s]
[Image Processor] Embedding model ready.
[Image Processor] Loading image manifests from eu_legislation/batch_0380/image_store
[Image Processor] Eligible image assets loaded: 0
[Image Processor] Starting visual descriptions | images=0 | max_concurrency=64 | target_rps=30
[Image Processor] No eligible images found.
[Image Processor] Writing image artifacts | records=0 | destination=eu_legislation/batch_0380/image_index
[Image Processor] Artifacts complete | indexed=0 | errors=0
{'records': 0, 'indexed': 0, 'errors': 0, 'destination': 'eu_legislation/batch_0380/image_index'}
[Image Processor] NIM endpoint: http://127.0.0.1:8000/v1
[Image Processor] Vision model: nvidia/nemotron-3-nano-omni-30b-a3b-reasoning
[Image Processor] Concurrency=64 | target_rps=30
[Image Processor] Loading embedding model: all-MiniLM-L6-v2
Warning: You are sending unauthenticated requests to the HF Hub. Please set a HF_TOKEN to enable higher rate limits and faster downloads.
Loading weights:   0%|          | 0/103 [00:00<?, ?it/s]Loading weights: 100%|██████████| 103/103 [00:00<00:00, 10101.09it/s]
[Image Processor] Embedding model ready.
[Image Processor] Loading image manifests from eu_legislation/batch_0381/image_store
[Image Processor] Eligible image assets loaded: 0
[Image Processor] Starting visual descriptions | images=0 | max_concurrency=64 | target_rps=30
[Image Processor] No eligible images found.
[Image Processor] Writing image artifacts | records=0 | destination=eu_legislation/batch_0381/image_index
[Image Processor] Artifacts complete | indexed=0 | errors=0
{'records': 0, 'indexed': 0, 'errors': 0, 'destination': 'eu_legislation/batch_0381/image_index'}
[Image Processor] NIM endpoint: http://127.0.0.1:8000/v1
[Image Processor] Vision model: nvidia/nemotron-3-nano-omni-30b-a3b-reasoning
[Image Processor] Concurrency=64 | target_rps=30
[Image Processor] Loading embedding model: all-MiniLM-L6-v2
Warning: You are sending unauthenticated requests to the HF Hub. Please set a HF_TOKEN to enable higher rate limits and faster downloads.
Loading weights:   0%|          | 0/103 [00:00<?, ?it/s]Loading weights: 100%|██████████| 103/103 [00:00<00:00, 10115.75it/s]
[Image Processor] Embedding model ready.
[Image Processor] Loading image manifests from eu_legislation/batch_0382/image_store
[Image Processor] Eligible image assets loaded: 0
[Image Processor] Starting visual descriptions | images=0 | max_concurrency=64 | target_rps=30
[Image Processor] No eligible images found.
[Image Processor] Writing image artifacts | records=0 | destination=eu_legislation/batch_0382/image_index
[Image Processor] Artifacts complete | indexed=0 | errors=0
{'records': 0, 'indexed': 0, 'errors': 0, 'destination': 'eu_legislation/batch_0382/image_index'}
[Image Processor] NIM endpoint: http://127.0.0.1:8000/v1
[Image Processor] Vision model: nvidia/nemotron-3-nano-omni-30b-a3b-reasoning
[Image Processor] Concurrency=64 | target_rps=30
[Image Processor] Loading embedding model: all-MiniLM-L6-v2
Warning: You are sending unauthenticated requests to the HF Hub. Please set a HF_TOKEN to enable higher rate limits and faster downloads.
Loading weights:   0%|          | 0/103 [00:00<?, ?it/s]Loading weights: 100%|██████████| 103/103 [00:00<00:00, 9919.03it/s]
[Image Processor] Embedding model ready.
[Image Processor] Loading image manifests from eu_legislation/batch_0383/image_store
[Image Processor] Eligible image assets loaded: 0
[Image Processor] Starting visual descriptions | images=0 | max_concurrency=64 | target_rps=30
[Image Processor] No eligible images found.
[Image Processor] Writing image artifacts | records=0 | destination=eu_legislation/batch_0383/image_index
[Image Processor] Artifacts complete | indexed=0 | errors=0
{'records': 0, 'indexed': 0, 'errors': 0, 'destination': 'eu_legislation/batch_0383/image_index'}
[Image Processor] NIM endpoint: http://127.0.0.1:8000/v1
[Image Processor] Vision model: nvidia/nemotron-3-nano-omni-30b-a3b-reasoning
[Image Processor] Concurrency=64 | target_rps=30
[Image Processor] Loading embedding model: all-MiniLM-L6-v2
Warning: You are sending unauthenticated requests to the HF Hub. Please set a HF_TOKEN to enable higher rate limits and faster downloads.
Loading weights:   0%|          | 0/103 [00:00<?, ?it/s]Loading weights: 100%|██████████| 103/103 [00:00<00:00, 10685.20it/s]
[Image Processor] Embedding model ready.
[Image Processor] Loading image manifests from eu_legislation/batch_0384/image_store
[Image Processor] Eligible image assets loaded: 0
[Image Processor] Starting visual descriptions | images=0 | max_concurrency=64 | target_rps=30
[Image Processor] No eligible images found.
[Image Processor] Writing image artifacts | records=0 | destination=eu_legislation/batch_0384/image_index
[Image Processor] Artifacts complete | indexed=0 | errors=0
{'records': 0, 'indexed': 0, 'errors': 0, 'destination': 'eu_legislation/batch_0384/image_index'}
[Image Processor] NIM endpoint: http://127.0.0.1:8000/v1
[Image Processor] Vision model: nvidia/nemotron-3-nano-omni-30b-a3b-reasoning
[Image Processor] Concurrency=64 | target_rps=30
[Image Processor] Loading embedding model: all-MiniLM-L6-v2
Warning: You are sending unauthenticated requests to the HF Hub. Please set a HF_TOKEN to enable higher rate limits and faster downloads.
Loading weights:   0%|          | 0/103 [00:00<?, ?it/s]Loading weights: 100%|██████████| 103/103 [00:00<00:00, 9356.81it/s]
[Image Processor] Embedding model ready.
[Image Processor] Loading image manifests from eu_legislation/batch_0385/image_store
[Image Processor] Eligible image assets loaded: 0
[Image Processor] Starting visual descriptions | images=0 | max_concurrency=64 | target_rps=30
[Image Processor] No eligible images found.
[Image Processor] Writing image artifacts | records=0 | destination=eu_legislation/batch_0385/image_index
[Image Processor] Artifacts complete | indexed=0 | errors=0
{'records': 0, 'indexed': 0, 'errors': 0, 'destination': 'eu_legislation/batch_0385/image_index'}
[Image Processor] NIM endpoint: http://127.0.0.1:8000/v1
[Image Processor] Vision model: nvidia/nemotron-3-nano-omni-30b-a3b-reasoning
[Image Processor] Concurrency=64 | target_rps=30
[Image Processor] Loading embedding model: all-MiniLM-L6-v2
Warning: You are sending unauthenticated requests to the HF Hub. Please set a HF_TOKEN to enable higher rate limits and faster downloads.
Loading weights:   0%|          | 0/103 [00:00<?, ?it/s]Loading weights: 100%|██████████| 103/103 [00:00<00:00, 9742.54it/s]
[Image Processor] Embedding model ready.
[Image Processor] Loading image manifests from eu_legislation/batch_0386/image_store
[Image Processor] Eligible image assets loaded: 0
[Image Processor] Starting visual descriptions | images=0 | max_concurrency=64 | target_rps=30
[Image Processor] No eligible images found.
[Image Processor] Writing image artifacts | records=0 | destination=eu_legislation/batch_0386/image_index
[Image Processor] Artifacts complete | indexed=0 | errors=0
{'records': 0, 'indexed': 0, 'errors': 0, 'destination': 'eu_legislation/batch_0386/image_index'}
[Image Processor] NIM endpoint: http://127.0.0.1:8000/v1
[Image Processor] Vision model: nvidia/nemotron-3-nano-omni-30b-a3b-reasoning
[Image Processor] Concurrency=64 | target_rps=30
[Image Processor] Loading embedding model: all-MiniLM-L6-v2
Warning: You are sending unauthenticated requests to the HF Hub. Please set a HF_TOKEN to enable higher rate limits and faster downloads.
Loading weights:   0%|          | 0/103 [00:00<?, ?it/s]Loading weights: 100%|██████████| 103/103 [00:00<00:00, 9496.47it/s]
[Image Processor] Embedding model ready.
[Image Processor] Loading image manifests from eu_legislation/batch_0387/image_store
[Image Processor] Eligible image assets loaded: 0
[Image Processor] Starting visual descriptions | images=0 | max_concurrency=64 | target_rps=30
[Image Processor] No eligible images found.
[Image Processor] Writing image artifacts | records=0 | destination=eu_legislation/batch_0387/image_index
[Image Processor] Artifacts complete | indexed=0 | errors=0
{'records': 0, 'indexed': 0, 'errors': 0, 'destination': 'eu_legislation/batch_0387/image_index'}
[Image Processor] NIM endpoint: http://127.0.0.1:8000/v1
[Image Processor] Vision model: nvidia/nemotron-3-nano-omni-30b-a3b-reasoning
[Image Processor] Concurrency=64 | target_rps=30
[Image Processor] Loading embedding model: all-MiniLM-L6-v2
Warning: You are sending unauthenticated requests to the HF Hub. Please set a HF_TOKEN to enable higher rate limits and faster downloads.
Loading weights:   0%|          | 0/103 [00:00<?, ?it/s]Loading weights: 100%|██████████| 103/103 [00:00<00:00, 10165.74it/s]
[Image Processor] Embedding model ready.
[Image Processor] Loading image manifests from eu_legislation/batch_0388/image_store
[Image Processor] Eligible image assets loaded: 0
[Image Processor] Starting visual descriptions | images=0 | max_concurrency=64 | target_rps=30
[Image Processor] No eligible images found.
[Image Processor] Writing image artifacts | records=0 | destination=eu_legislation/batch_0388/image_index
[Image Processor] Artifacts complete | indexed=0 | errors=0
{'records': 0, 'indexed': 0, 'errors': 0, 'destination': 'eu_legislation/batch_0388/image_index'}
[Image Processor] NIM endpoint: http://127.0.0.1:8000/v1
[Image Processor] Vision model: nvidia/nemotron-3-nano-omni-30b-a3b-reasoning
[Image Processor] Concurrency=64 | target_rps=30
[Image Processor] Loading embedding model: all-MiniLM-L6-v2
Warning: You are sending unauthenticated requests to the HF Hub. Please set a HF_TOKEN to enable higher rate limits and faster downloads.
Loading weights:   0%|          | 0/103 [00:00<?, ?it/s]Loading weights: 100%|██████████| 103/103 [00:00<00:00, 10763.20it/s]
[Image Processor] Embedding model ready.
[Image Processor] Loading image manifests from eu_legislation/batch_0389/image_store
[Image Processor] Eligible image assets loaded: 0
[Image Processor] Starting visual descriptions | images=0 | max_concurrency=64 | target_rps=30
[Image Processor] No eligible images found.
[Image Processor] Writing image artifacts | records=0 | destination=eu_legislation/batch_0389/image_index
[Image Processor] Artifacts complete | indexed=0 | errors=0
{'records': 0, 'indexed': 0, 'errors': 0, 'destination': 'eu_legislation/batch_0389/image_index'}
[Image Processor] NIM endpoint: http://127.0.0.1:8000/v1
[Image Processor] Vision model: nvidia/nemotron-3-nano-omni-30b-a3b-reasoning
[Image Processor] Concurrency=64 | target_rps=30
[Image Processor] Loading embedding model: all-MiniLM-L6-v2
Warning: You are sending unauthenticated requests to the HF Hub. Please set a HF_TOKEN to enable higher rate limits and faster downloads.
Loading weights:   0%|          | 0/103 [00:00<?, ?it/s]Loading weights: 100%|██████████| 103/103 [00:00<00:00, 10191.16it/s]
[Image Processor] Embedding model ready.
[Image Processor] Loading image manifests from eu_legislation/batch_0390/image_store
[Image Processor] Eligible image assets loaded: 0
[Image Processor] Starting visual descriptions | images=0 | max_concurrency=64 | target_rps=30
[Image Processor] No eligible images found.
[Image Processor] Writing image artifacts | records=0 | destination=eu_legislation/batch_0390/image_index
[Image Processor] Artifacts complete | indexed=0 | errors=0
{'records': 0, 'indexed': 0, 'errors': 0, 'destination': 'eu_legislation/batch_0390/image_index'}
[Image Processor] NIM endpoint: http://127.0.0.1:8000/v1
[Image Processor] Vision model: nvidia/nemotron-3-nano-omni-30b-a3b-reasoning
[Image Processor] Concurrency=64 | target_rps=30
[Image Processor] Loading embedding model: all-MiniLM-L6-v2
Warning: You are sending unauthenticated requests to the HF Hub. Please set a HF_TOKEN to enable higher rate limits and faster downloads.
Loading weights:   0%|          | 0/103 [00:00<?, ?it/s]Loading weights: 100%|██████████| 103/103 [00:00<00:00, 9264.71it/s]
[Image Processor] Embedding model ready.
[Image Processor] Loading image manifests from eu_legislation/batch_0391/image_store
[Image Processor] Eligible image assets loaded: 0
[Image Processor] Starting visual descriptions | images=0 | max_concurrency=64 | target_rps=30
[Image Processor] No eligible images found.
[Image Processor] Writing image artifacts | records=0 | destination=eu_legislation/batch_0391/image_index
[Image Processor] Artifacts complete | indexed=0 | errors=0
{'records': 0, 'indexed': 0, 'errors': 0, 'destination': 'eu_legislation/batch_0391/image_index'}
[Image Processor] NIM endpoint: http://127.0.0.1:8000/v1
[Image Processor] Vision model: nvidia/nemotron-3-nano-omni-30b-a3b-reasoning
[Image Processor] Concurrency=64 | target_rps=30
[Image Processor] Loading embedding model: all-MiniLM-L6-v2
Warning: You are sending unauthenticated requests to the HF Hub. Please set a HF_TOKEN to enable higher rate limits and faster downloads.
Loading weights:   0%|          | 0/103 [00:00<?, ?it/s]Loading weights: 100%|██████████| 103/103 [00:00<00:00, 10652.79it/s]
[Image Processor] Embedding model ready.
[Image Processor] Loading image manifests from eu_legislation/batch_0392/image_store
[Image Processor] Eligible image assets loaded: 0
[Image Processor] Starting visual descriptions | images=0 | max_concurrency=64 | target_rps=30
[Image Processor] No eligible images found.
[Image Processor] Writing image artifacts | records=0 | destination=eu_legislation/batch_0392/image_index
[Image Processor] Artifacts complete | indexed=0 | errors=0
{'records': 0, 'indexed': 0, 'errors': 0, 'destination': 'eu_legislation/batch_0392/image_index'}
[Image Processor] NIM endpoint: http://127.0.0.1:8000/v1
[Image Processor] Vision model: nvidia/nemotron-3-nano-omni-30b-a3b-reasoning
[Image Processor] Concurrency=64 | target_rps=30
[Image Processor] Loading embedding model: all-MiniLM-L6-v2
Warning: You are sending unauthenticated requests to the HF Hub. Please set a HF_TOKEN to enable higher rate limits and faster downloads.
Loading weights:   0%|          | 0/103 [00:00<?, ?it/s]Loading weights: 100%|██████████| 103/103 [00:00<00:00, 10204.16it/s]
[Image Processor] Embedding model ready.
[Image Processor] Loading image manifests from eu_legislation/batch_0393/image_store
[Image Processor] Eligible image assets loaded: 0
[Image Processor] Starting visual descriptions | images=0 | max_concurrency=64 | target_rps=30
[Image Processor] No eligible images found.
[Image Processor] Writing image artifacts | records=0 | destination=eu_legislation/batch_0393/image_index
[Image Processor] Artifacts complete | indexed=0 | errors=0
{'records': 0, 'indexed': 0, 'errors': 0, 'destination': 'eu_legislation/batch_0393/image_index'}
[Image Processor] NIM endpoint: http://127.0.0.1:8000/v1
[Image Processor] Vision model: nvidia/nemotron-3-nano-omni-30b-a3b-reasoning
[Image Processor] Concurrency=64 | target_rps=30
[Image Processor] Loading embedding model: all-MiniLM-L6-v2
Warning: You are sending unauthenticated requests to the HF Hub. Please set a HF_TOKEN to enable higher rate limits and faster downloads.
Loading weights:   0%|          | 0/103 [00:00<?, ?it/s]Loading weights: 100%|██████████| 103/103 [00:00<00:00, 9648.32it/s]
[Image Processor] Embedding model ready.
[Image Processor] Loading image manifests from eu_legislation/batch_0394/image_store
[Image Processor] Eligible image assets loaded: 0
[Image Processor] Starting visual descriptions | images=0 | max_concurrency=64 | target_rps=30
[Image Processor] No eligible images found.
[Image Processor] Writing image artifacts | records=0 | destination=eu_legislation/batch_0394/image_index
[Image Processor] Artifacts complete | indexed=0 | errors=0
{'records': 0, 'indexed': 0, 'errors': 0, 'destination': 'eu_legislation/batch_0394/image_index'}
[Image Processor] NIM endpoint: http://127.0.0.1:8000/v1
[Image Processor] Vision model: nvidia/nemotron-3-nano-omni-30b-a3b-reasoning
[Image Processor] Concurrency=64 | target_rps=30
[Image Processor] Loading embedding model: all-MiniLM-L6-v2
Warning: You are sending unauthenticated requests to the HF Hub. Please set a HF_TOKEN to enable higher rate limits and faster downloads.
Loading weights:   0%|          | 0/103 [00:00<?, ?it/s]Loading weights: 100%|██████████| 103/103 [00:00<00:00, 9495.42it/s]
[Image Processor] Embedding model ready.
[Image Processor] Loading image manifests from eu_legislation/batch_0395/image_store
[Image Processor] Eligible image assets loaded: 0
[Image Processor] Starting visual descriptions | images=0 | max_concurrency=64 | target_rps=30
[Image Processor] No eligible images found.
[Image Processor] Writing image artifacts | records=0 | destination=eu_legislation/batch_0395/image_index
[Image Processor] Artifacts complete | indexed=0 | errors=0
{'records': 0, 'indexed': 0, 'errors': 0, 'destination': 'eu_legislation/batch_0395/image_index'}
[Image Processor] NIM endpoint: http://127.0.0.1:8000/v1
[Image Processor] Vision model: nvidia/nemotron-3-nano-omni-30b-a3b-reasoning
[Image Processor] Concurrency=64 | target_rps=30
[Image Processor] Loading embedding model: all-MiniLM-L6-v2
Warning: You are sending unauthenticated requests to the HF Hub. Please set a HF_TOKEN to enable higher rate limits and faster downloads.
Loading weights:   0%|          | 0/103 [00:00<?, ?it/s]Loading weights: 100%|██████████| 103/103 [00:00<00:00, 9443.95it/s]
[Image Processor] Embedding model ready.
[Image Processor] Loading image manifests from eu_legislation/batch_0396/image_store
[Image Processor] Eligible image assets loaded: 0
[Image Processor] Starting visual descriptions | images=0 | max_concurrency=64 | target_rps=30
[Image Processor] No eligible images found.
[Image Processor] Writing image artifacts | records=0 | destination=eu_legislation/batch_0396/image_index
[Image Processor] Artifacts complete | indexed=0 | errors=0
{'records': 0, 'indexed': 0, 'errors': 0, 'destination': 'eu_legislation/batch_0396/image_index'}
[Image Processor] NIM endpoint: http://127.0.0.1:8000/v1
[Image Processor] Vision model: nvidia/nemotron-3-nano-omni-30b-a3b-reasoning
[Image Processor] Concurrency=64 | target_rps=30
[Image Processor] Loading embedding model: all-MiniLM-L6-v2
Warning: You are sending unauthenticated requests to the HF Hub. Please set a HF_TOKEN to enable higher rate limits and faster downloads.
Loading weights:   0%|          | 0/103 [00:00<?, ?it/s]Loading weights: 100%|██████████| 103/103 [00:00<00:00, 9183.18it/s]
[Image Processor] Embedding model ready.
[Image Processor] Loading image manifests from eu_legislation/batch_0397/image_store
[Image Processor] Eligible image assets loaded: 0
[Image Processor] Starting visual descriptions | images=0 | max_concurrency=64 | target_rps=30
[Image Processor] No eligible images found.
[Image Processor] Writing image artifacts | records=0 | destination=eu_legislation/batch_0397/image_index
[Image Processor] Artifacts complete | indexed=0 | errors=0
{'records': 0, 'indexed': 0, 'errors': 0, 'destination': 'eu_legislation/batch_0397/image_index'}
[Image Processor] NIM endpoint: http://127.0.0.1:8000/v1
[Image Processor] Vision model: nvidia/nemotron-3-nano-omni-30b-a3b-reasoning
[Image Processor] Concurrency=64 | target_rps=30
[Image Processor] Loading embedding model: all-MiniLM-L6-v2
Warning: You are sending unauthenticated requests to the HF Hub. Please set a HF_TOKEN to enable higher rate limits and faster downloads.
Loading weights:   0%|          | 0/103 [00:00<?, ?it/s]Loading weights: 100%|██████████| 103/103 [00:00<00:00, 10046.82it/s]
[Image Processor] Embedding model ready.
[Image Processor] Loading image manifests from eu_legislation/batch_0398/image_store
[Image Processor] Eligible image assets loaded: 0
[Image Processor] Starting visual descriptions | images=0 | max_concurrency=64 | target_rps=30
[Image Processor] No eligible images found.
[Image Processor] Writing image artifacts | records=0 | destination=eu_legislation/batch_0398/image_index
[Image Processor] Artifacts complete | indexed=0 | errors=0
{'records': 0, 'indexed': 0, 'errors': 0, 'destination': 'eu_legislation/batch_0398/image_index'}
[Image Processor] NIM endpoint: http://127.0.0.1:8000/v1
[Image Processor] Vision model: nvidia/nemotron-3-nano-omni-30b-a3b-reasoning
[Image Processor] Concurrency=64 | target_rps=30
[Image Processor] Loading embedding model: all-MiniLM-L6-v2
Warning: You are sending unauthenticated requests to the HF Hub. Please set a HF_TOKEN to enable higher rate limits and faster downloads.
Loading weights:   0%|          | 0/103 [00:00<?, ?it/s]Loading weights: 100%|██████████| 103/103 [00:00<00:00, 10231.71it/s]
[Image Processor] Embedding model ready.
[Image Processor] Loading image manifests from eu_legislation/batch_0399/image_store
[Image Processor] Eligible image assets loaded: 0
[Image Processor] Starting visual descriptions | images=0 | max_concurrency=64 | target_rps=30
[Image Processor] No eligible images found.
[Image Processor] Writing image artifacts | records=0 | destination=eu_legislation/batch_0399/image_index
[Image Processor] Artifacts complete | indexed=0 | errors=0
{'records': 0, 'indexed': 0, 'errors': 0, 'destination': 'eu_legislation/batch_0399/image_index'}
[Image Processor] NIM endpoint: http://127.0.0.1:8000/v1
[Image Processor] Vision model: nvidia/nemotron-3-nano-omni-30b-a3b-reasoning
[Image Processor] Concurrency=64 | target_rps=30
[Image Processor] Loading embedding model: all-MiniLM-L6-v2
Warning: You are sending unauthenticated requests to the HF Hub. Please set a HF_TOKEN to enable higher rate limits and faster downloads.
Loading weights:   0%|          | 0/103 [00:00<?, ?it/s]Loading weights: 100%|██████████| 103/103 [00:00<00:00, 9350.74it/s]
[Image Processor] Embedding model ready.
[Image Processor] Loading image manifests from eu_legislation/batch_0400/image_store
[Image Processor] Eligible image assets loaded: 0
[Image Processor] Starting visual descriptions | images=0 | max_concurrency=64 | target_rps=30
[Image Processor] No eligible images found.
[Image Processor] Writing image artifacts | records=0 | destination=eu_legislation/batch_0400/image_index
[Image Processor] Artifacts complete | indexed=0 | errors=0
{'records': 0, 'indexed': 0, 'errors': 0, 'destination': 'eu_legislation/batch_0400/image_index'}
[Image Processor] NIM endpoint: http://127.0.0.1:8000/v1
[Image Processor] Vision model: nvidia/nemotron-3-nano-omni-30b-a3b-reasoning
[Image Processor] Concurrency=64 | target_rps=30
[Image Processor] Loading embedding model: all-MiniLM-L6-v2
Warning: You are sending unauthenticated requests to the HF Hub. Please set a HF_TOKEN to enable higher rate limits and faster downloads.
Loading weights:   0%|          | 0/103 [00:00<?, ?it/s]Loading weights: 100%|██████████| 103/103 [00:00<00:00, 9257.56it/s]
[Image Processor] Embedding model ready.
[Image Processor] Loading image manifests from eu_legislation/batch_0401/image_store
[Image Processor] Eligible image assets loaded: 0
[Image Processor] Starting visual descriptions | images=0 | max_concurrency=64 | target_rps=30
[Image Processor] No eligible images found.
[Image Processor] Writing image artifacts | records=0 | destination=eu_legislation/batch_0401/image_index
[Image Processor] Artifacts complete | indexed=0 | errors=0
{'records': 0, 'indexed': 0, 'errors': 0, 'destination': 'eu_legislation/batch_0401/image_index'}
[Image Processor] NIM endpoint: http://127.0.0.1:8000/v1
[Image Processor] Vision model: nvidia/nemotron-3-nano-omni-30b-a3b-reasoning
[Image Processor] Concurrency=64 | target_rps=30
[Image Processor] Loading embedding model: all-MiniLM-L6-v2
Warning: You are sending unauthenticated requests to the HF Hub. Please set a HF_TOKEN to enable higher rate limits and faster downloads.
Loading weights:   0%|          | 0/103 [00:00<?, ?it/s]Loading weights: 100%|██████████| 103/103 [00:00<00:00, 9144.69it/s]
[Image Processor] Embedding model ready.
[Image Processor] Loading image manifests from eu_legislation/batch_0402/image_store
[Image Processor] Eligible image assets loaded: 0
[Image Processor] Starting visual descriptions | images=0 | max_concurrency=64 | target_rps=30
[Image Processor] No eligible images found.
[Image Processor] Writing image artifacts | records=0 | destination=eu_legislation/batch_0402/image_index
[Image Processor] Artifacts complete | indexed=0 | errors=0
{'records': 0, 'indexed': 0, 'errors': 0, 'destination': 'eu_legislation/batch_0402/image_index'}
[Image Processor] NIM endpoint: http://127.0.0.1:8000/v1
[Image Processor] Vision model: nvidia/nemotron-3-nano-omni-30b-a3b-reasoning
[Image Processor] Concurrency=64 | target_rps=30
[Image Processor] Loading embedding model: all-MiniLM-L6-v2
Warning: You are sending unauthenticated requests to the HF Hub. Please set a HF_TOKEN to enable higher rate limits and faster downloads.
Loading weights:   0%|          | 0/103 [00:00<?, ?it/s]Loading weights: 100%|██████████| 103/103 [00:00<00:00, 9477.72it/s]
[Image Processor] Embedding model ready.
[Image Processor] Loading image manifests from eu_legislation/batch_0403/image_store
[Image Processor] Eligible image assets loaded: 0
[Image Processor] Starting visual descriptions | images=0 | max_concurrency=64 | target_rps=30
[Image Processor] No eligible images found.
[Image Processor] Writing image artifacts | records=0 | destination=eu_legislation/batch_0403/image_index
[Image Processor] Artifacts complete | indexed=0 | errors=0
{'records': 0, 'indexed': 0, 'errors': 0, 'destination': 'eu_legislation/batch_0403/image_index'}
[Image Processor] NIM endpoint: http://127.0.0.1:8000/v1
[Image Processor] Vision model: nvidia/nemotron-3-nano-omni-30b-a3b-reasoning
[Image Processor] Concurrency=64 | target_rps=30
[Image Processor] Loading embedding model: all-MiniLM-L6-v2
Warning: You are sending unauthenticated requests to the HF Hub. Please set a HF_TOKEN to enable higher rate limits and faster downloads.
Loading weights:   0%|          | 0/103 [00:00<?, ?it/s]Loading weights: 100%|██████████| 103/103 [00:00<00:00, 9667.76it/s]
[Image Processor] Embedding model ready.
[Image Processor] Loading image manifests from eu_legislation/batch_0404/image_store
[Image Processor] Eligible image assets loaded: 0
[Image Processor] Starting visual descriptions | images=0 | max_concurrency=64 | target_rps=30
[Image Processor] No eligible images found.
[Image Processor] Writing image artifacts | records=0 | destination=eu_legislation/batch_0404/image_index
[Image Processor] Artifacts complete | indexed=0 | errors=0
{'records': 0, 'indexed': 0, 'errors': 0, 'destination': 'eu_legislation/batch_0404/image_index'}
[Image Processor] NIM endpoint: http://127.0.0.1:8000/v1
[Image Processor] Vision model: nvidia/nemotron-3-nano-omni-30b-a3b-reasoning
[Image Processor] Concurrency=64 | target_rps=30
[Image Processor] Loading embedding model: all-MiniLM-L6-v2
Warning: You are sending unauthenticated requests to the HF Hub. Please set a HF_TOKEN to enable higher rate limits and faster downloads.
Loading weights:   0%|          | 0/103 [00:00<?, ?it/s]Loading weights: 100%|██████████| 103/103 [00:00<00:00, 9038.69it/s]
[Image Processor] Embedding model ready.
[Image Processor] Loading image manifests from eu_legislation/batch_0405/image_store
[Image Processor] Eligible image assets loaded: 0
[Image Processor] Starting visual descriptions | images=0 | max_concurrency=64 | target_rps=30
[Image Processor] No eligible images found.
[Image Processor] Writing image artifacts | records=0 | destination=eu_legislation/batch_0405/image_index
[Image Processor] Artifacts complete | indexed=0 | errors=0
{'records': 0, 'indexed': 0, 'errors': 0, 'destination': 'eu_legislation/batch_0405/image_index'}
[Image Processor] NIM endpoint: http://127.0.0.1:8000/v1
[Image Processor] Vision model: nvidia/nemotron-3-nano-omni-30b-a3b-reasoning
[Image Processor] Concurrency=64 | target_rps=30
[Image Processor] Loading embedding model: all-MiniLM-L6-v2
Warning: You are sending unauthenticated requests to the HF Hub. Please set a HF_TOKEN to enable higher rate limits and faster downloads.
Loading weights:   0%|          | 0/103 [00:00<?, ?it/s]Loading weights: 100%|██████████| 103/103 [00:00<00:00, 11057.42it/s]
[Image Processor] Embedding model ready.
[Image Processor] Loading image manifests from eu_legislation/batch_0406/image_store
[Image Processor] Eligible image assets loaded: 0
[Image Processor] Starting visual descriptions | images=0 | max_concurrency=64 | target_rps=30
[Image Processor] No eligible images found.
[Image Processor] Writing image artifacts | records=0 | destination=eu_legislation/batch_0406/image_index
[Image Processor] Artifacts complete | indexed=0 | errors=0
{'records': 0, 'indexed': 0, 'errors': 0, 'destination': 'eu_legislation/batch_0406/image_index'}
[Image Processor] NIM endpoint: http://127.0.0.1:8000/v1
[Image Processor] Vision model: nvidia/nemotron-3-nano-omni-30b-a3b-reasoning
[Image Processor] Concurrency=64 | target_rps=30
[Image Processor] Loading embedding model: all-MiniLM-L6-v2
Warning: You are sending unauthenticated requests to the HF Hub. Please set a HF_TOKEN to enable higher rate limits and faster downloads.
Loading weights:   0%|          | 0/103 [00:00<?, ?it/s]Loading weights: 100%|██████████| 103/103 [00:00<00:00, 9170.89it/s]
[Image Processor] Embedding model ready.
[Image Processor] Loading image manifests from eu_legislation/batch_0407/image_store
[Image Processor] Eligible image assets loaded: 0
[Image Processor] Starting visual descriptions | images=0 | max_concurrency=64 | target_rps=30
[Image Processor] No eligible images found.
[Image Processor] Writing image artifacts | records=0 | destination=eu_legislation/batch_0407/image_index
[Image Processor] Artifacts complete | indexed=0 | errors=0
{'records': 0, 'indexed': 0, 'errors': 0, 'destination': 'eu_legislation/batch_0407/image_index'}
[Image Processor] NIM endpoint: http://127.0.0.1:8000/v1
[Image Processor] Vision model: nvidia/nemotron-3-nano-omni-30b-a3b-reasoning
[Image Processor] Concurrency=64 | target_rps=30
[Image Processor] Loading embedding model: all-MiniLM-L6-v2
Warning: You are sending unauthenticated requests to the HF Hub. Please set a HF_TOKEN to enable higher rate limits and faster downloads.
Loading weights:   0%|          | 0/103 [00:00<?, ?it/s]Loading weights: 100%|██████████| 103/103 [00:00<00:00, 10554.93it/s]
[Image Processor] Embedding model ready.
[Image Processor] Loading image manifests from eu_legislation/batch_0408/image_store
[Image Processor] Eligible image assets loaded: 0
[Image Processor] Starting visual descriptions | images=0 | max_concurrency=64 | target_rps=30
[Image Processor] No eligible images found.
[Image Processor] Writing image artifacts | records=0 | destination=eu_legislation/batch_0408/image_index
[Image Processor] Artifacts complete | indexed=0 | errors=0
{'records': 0, 'indexed': 0, 'errors': 0, 'destination': 'eu_legislation/batch_0408/image_index'}
[Image Processor] NIM endpoint: http://127.0.0.1:8000/v1
[Image Processor] Vision model: nvidia/nemotron-3-nano-omni-30b-a3b-reasoning
[Image Processor] Concurrency=64 | target_rps=30
[Image Processor] Loading embedding model: all-MiniLM-L6-v2
Warning: You are sending unauthenticated requests to the HF Hub. Please set a HF_TOKEN to enable higher rate limits and faster downloads.
Loading weights:   0%|          | 0/103 [00:00<?, ?it/s]Loading weights: 100%|██████████| 103/103 [00:00<00:00, 9614.40it/s]
[Image Processor] Embedding model ready.
[Image Processor] Loading image manifests from eu_legislation/batch_0409/image_store
[Image Processor] Eligible image assets loaded: 0
[Image Processor] Starting visual descriptions | images=0 | max_concurrency=64 | target_rps=30
[Image Processor] No eligible images found.
[Image Processor] Writing image artifacts | records=0 | destination=eu_legislation/batch_0409/image_index
[Image Processor] Artifacts complete | indexed=0 | errors=0
{'records': 0, 'indexed': 0, 'errors': 0, 'destination': 'eu_legislation/batch_0409/image_index'}
[Image Processor] NIM endpoint: http://127.0.0.1:8000/v1
[Image Processor] Vision model: nvidia/nemotron-3-nano-omni-30b-a3b-reasoning
[Image Processor] Concurrency=64 | target_rps=30
[Image Processor] Loading embedding model: all-MiniLM-L6-v2
Warning: You are sending unauthenticated requests to the HF Hub. Please set a HF_TOKEN to enable higher rate limits and faster downloads.
Loading weights:   0%|          | 0/103 [00:00<?, ?it/s]Loading weights: 100%|██████████| 103/103 [00:00<00:00, 10652.79it/s]
[Image Processor] Embedding model ready.
[Image Processor] Loading image manifests from eu_legislation/batch_0410/image_store
[Image Processor] Eligible image assets loaded: 0
[Image Processor] Starting visual descriptions | images=0 | max_concurrency=64 | target_rps=30
[Image Processor] No eligible images found.
[Image Processor] Writing image artifacts | records=0 | destination=eu_legislation/batch_0410/image_index
[Image Processor] Artifacts complete | indexed=0 | errors=0
{'records': 0, 'indexed': 0, 'errors': 0, 'destination': 'eu_legislation/batch_0410/image_index'}
[Image Processor] NIM endpoint: http://127.0.0.1:8000/v1
[Image Processor] Vision model: nvidia/nemotron-3-nano-omni-30b-a3b-reasoning
[Image Processor] Concurrency=64 | target_rps=30
[Image Processor] Loading embedding model: all-MiniLM-L6-v2
Warning: You are sending unauthenticated requests to the HF Hub. Please set a HF_TOKEN to enable higher rate limits and faster downloads.
Loading weights:   0%|          | 0/103 [00:00<?, ?it/s]Loading weights: 100%|██████████| 103/103 [00:00<00:00, 9264.91it/s]
[Image Processor] Embedding model ready.
[Image Processor] Loading image manifests from eu_legislation/batch_0411/image_store
[Image Processor] Eligible image assets loaded: 0
[Image Processor] Starting visual descriptions | images=0 | max_concurrency=64 | target_rps=30
[Image Processor] No eligible images found.
[Image Processor] Writing image artifacts | records=0 | destination=eu_legislation/batch_0411/image_index
[Image Processor] Artifacts complete | indexed=0 | errors=0
{'records': 0, 'indexed': 0, 'errors': 0, 'destination': 'eu_legislation/batch_0411/image_index'}
[Image Processor] NIM endpoint: http://127.0.0.1:8000/v1
[Image Processor] Vision model: nvidia/nemotron-3-nano-omni-30b-a3b-reasoning
[Image Processor] Concurrency=64 | target_rps=30
[Image Processor] Loading embedding model: all-MiniLM-L6-v2
Warning: You are sending unauthenticated requests to the HF Hub. Please set a HF_TOKEN to enable higher rate limits and faster downloads.
Loading weights:   0%|          | 0/103 [00:00<?, ?it/s]Loading weights: 100%|██████████| 103/103 [00:00<00:00, 9778.48it/s]
[Image Processor] Embedding model ready.
[Image Processor] Loading image manifests from eu_legislation/batch_0412/image_store
[Image Processor] Eligible image assets loaded: 0
[Image Processor] Starting visual descriptions | images=0 | max_concurrency=64 | target_rps=30
[Image Processor] No eligible images found.
[Image Processor] Writing image artifacts | records=0 | destination=eu_legislation/batch_0412/image_index
[Image Processor] Artifacts complete | indexed=0 | errors=0
{'records': 0, 'indexed': 0, 'errors': 0, 'destination': 'eu_legislation/batch_0412/image_index'}
[Image Processor] NIM endpoint: http://127.0.0.1:8000/v1
[Image Processor] Vision model: nvidia/nemotron-3-nano-omni-30b-a3b-reasoning
[Image Processor] Concurrency=64 | target_rps=30
[Image Processor] Loading embedding model: all-MiniLM-L6-v2
Warning: You are sending unauthenticated requests to the HF Hub. Please set a HF_TOKEN to enable higher rate limits and faster downloads.
Loading weights:   0%|          | 0/103 [00:00<?, ?it/s]Loading weights: 100%|██████████| 103/103 [00:00<00:00, 9599.44it/s]
[Image Processor] Embedding model ready.
[Image Processor] Loading image manifests from eu_legislation/batch_0413/image_store
[Image Processor] Eligible image assets loaded: 0
[Image Processor] Starting visual descriptions | images=0 | max_concurrency=64 | target_rps=30
[Image Processor] No eligible images found.
[Image Processor] Writing image artifacts | records=0 | destination=eu_legislation/batch_0413/image_index
[Image Processor] Artifacts complete | indexed=0 | errors=0
{'records': 0, 'indexed': 0, 'errors': 0, 'destination': 'eu_legislation/batch_0413/image_index'}
[Image Processor] NIM endpoint: http://127.0.0.1:8000/v1
[Image Processor] Vision model: nvidia/nemotron-3-nano-omni-30b-a3b-reasoning
[Image Processor] Concurrency=64 | target_rps=30
[Image Processor] Loading embedding model: all-MiniLM-L6-v2
Warning: You are sending unauthenticated requests to the HF Hub. Please set a HF_TOKEN to enable higher rate limits and faster downloads.
Loading weights:   0%|          | 0/103 [00:00<?, ?it/s]Loading weights: 100%|██████████| 103/103 [00:00<00:00, 9328.12it/s]
[Image Processor] Embedding model ready.
[Image Processor] Loading image manifests from eu_legislation/batch_0414/image_store
[Image Processor] Eligible image assets loaded: 0
[Image Processor] Starting visual descriptions | images=0 | max_concurrency=64 | target_rps=30
[Image Processor] No eligible images found.
[Image Processor] Writing image artifacts | records=0 | destination=eu_legislation/batch_0414/image_index
[Image Processor] Artifacts complete | indexed=0 | errors=0
{'records': 0, 'indexed': 0, 'errors': 0, 'destination': 'eu_legislation/batch_0414/image_index'}
[Image Processor] NIM endpoint: http://127.0.0.1:8000/v1
[Image Processor] Vision model: nvidia/nemotron-3-nano-omni-30b-a3b-reasoning
[Image Processor] Concurrency=64 | target_rps=30
[Image Processor] Loading embedding model: all-MiniLM-L6-v2
Warning: You are sending unauthenticated requests to the HF Hub. Please set a HF_TOKEN to enable higher rate limits and faster downloads.
Loading weights:   0%|          | 0/103 [00:00<?, ?it/s]Loading weights: 100%|██████████| 103/103 [00:00<00:00, 9588.58it/s]
[Image Processor] Embedding model ready.
[Image Processor] Loading image manifests from eu_legislation/batch_0415/image_store
[Image Processor] Eligible image assets loaded: 0
[Image Processor] Starting visual descriptions | images=0 | max_concurrency=64 | target_rps=30
[Image Processor] No eligible images found.
[Image Processor] Writing image artifacts | records=0 | destination=eu_legislation/batch_0415/image_index
[Image Processor] Artifacts complete | indexed=0 | errors=0
{'records': 0, 'indexed': 0, 'errors': 0, 'destination': 'eu_legislation/batch_0415/image_index'}
[Image Processor] NIM endpoint: http://127.0.0.1:8000/v1
[Image Processor] Vision model: nvidia/nemotron-3-nano-omni-30b-a3b-reasoning
[Image Processor] Concurrency=64 | target_rps=30
[Image Processor] Loading embedding model: all-MiniLM-L6-v2
Warning: You are sending unauthenticated requests to the HF Hub. Please set a HF_TOKEN to enable higher rate limits and faster downloads.
Loading weights:   0%|          | 0/103 [00:00<?, ?it/s]Loading weights: 100%|██████████| 103/103 [00:00<00:00, 9157.67it/s]
[Image Processor] Embedding model ready.
[Image Processor] Loading image manifests from eu_legislation/batch_0416/image_store
[Image Processor] Eligible image assets loaded: 0
[Image Processor] Starting visual descriptions | images=0 | max_concurrency=64 | target_rps=30
[Image Processor] No eligible images found.
[Image Processor] Writing image artifacts | records=0 | destination=eu_legislation/batch_0416/image_index
[Image Processor] Artifacts complete | indexed=0 | errors=0
{'records': 0, 'indexed': 0, 'errors': 0, 'destination': 'eu_legislation/batch_0416/image_index'}
[Image Processor] NIM endpoint: http://127.0.0.1:8000/v1
[Image Processor] Vision model: nvidia/nemotron-3-nano-omni-30b-a3b-reasoning
[Image Processor] Concurrency=64 | target_rps=30
[Image Processor] Loading embedding model: all-MiniLM-L6-v2
Warning: You are sending unauthenticated requests to the HF Hub. Please set a HF_TOKEN to enable higher rate limits and faster downloads.
Loading weights:   0%|          | 0/103 [00:00<?, ?it/s]Loading weights: 100%|██████████| 103/103 [00:00<00:00, 9613.97it/s]
[Image Processor] Embedding model ready.
[Image Processor] Loading image manifests from eu_legislation/batch_0417/image_store
[Image Processor] Eligible image assets loaded: 0
[Image Processor] Starting visual descriptions | images=0 | max_concurrency=64 | target_rps=30
[Image Processor] No eligible images found.
[Image Processor] Writing image artifacts | records=0 | destination=eu_legislation/batch_0417/image_index
[Image Processor] Artifacts complete | indexed=0 | errors=0
{'records': 0, 'indexed': 0, 'errors': 0, 'destination': 'eu_legislation/batch_0417/image_index'}
[Image Processor] NIM endpoint: http://127.0.0.1:8000/v1
[Image Processor] Vision model: nvidia/nemotron-3-nano-omni-30b-a3b-reasoning
[Image Processor] Concurrency=64 | target_rps=30
[Image Processor] Loading embedding model: all-MiniLM-L6-v2
Warning: You are sending unauthenticated requests to the HF Hub. Please set a HF_TOKEN to enable higher rate limits and faster downloads.
Loading weights:   0%|          | 0/103 [00:00<?, ?it/s]Loading weights: 100%|██████████| 103/103 [00:00<00:00, 10331.29it/s]
[Image Processor] Embedding model ready.
[Image Processor] Loading image manifests from eu_legislation/batch_0418/image_store
[Image Processor] Eligible image assets loaded: 0
[Image Processor] Starting visual descriptions | images=0 | max_concurrency=64 | target_rps=30
[Image Processor] No eligible images found.
[Image Processor] Writing image artifacts | records=0 | destination=eu_legislation/batch_0418/image_index
[Image Processor] Artifacts complete | indexed=0 | errors=0
{'records': 0, 'indexed': 0, 'errors': 0, 'destination': 'eu_legislation/batch_0418/image_index'}
[Image Processor] NIM endpoint: http://127.0.0.1:8000/v1
[Image Processor] Vision model: nvidia/nemotron-3-nano-omni-30b-a3b-reasoning
[Image Processor] Concurrency=64 | target_rps=30
[Image Processor] Loading embedding model: all-MiniLM-L6-v2
Warning: You are sending unauthenticated requests to the HF Hub. Please set a HF_TOKEN to enable higher rate limits and faster downloads.
Loading weights:   0%|          | 0/103 [00:00<?, ?it/s]Loading weights: 100%|██████████| 103/103 [00:00<00:00, 8959.40it/s]
[Image Processor] Embedding model ready.
[Image Processor] Loading image manifests from eu_legislation/batch_0419/image_store
[Image Processor] Eligible image assets loaded: 0
[Image Processor] Starting visual descriptions | images=0 | max_concurrency=64 | target_rps=30
[Image Processor] No eligible images found.
[Image Processor] Writing image artifacts | records=0 | destination=eu_legislation/batch_0419/image_index
[Image Processor] Artifacts complete | indexed=0 | errors=0
{'records': 0, 'indexed': 0, 'errors': 0, 'destination': 'eu_legislation/batch_0419/image_index'}
[Image Processor] NIM endpoint: http://127.0.0.1:8000/v1
[Image Processor] Vision model: nvidia/nemotron-3-nano-omni-30b-a3b-reasoning
[Image Processor] Concurrency=64 | target_rps=30
[Image Processor] Loading embedding model: all-MiniLM-L6-v2
Warning: You are sending unauthenticated requests to the HF Hub. Please set a HF_TOKEN to enable higher rate limits and faster downloads.
Loading weights:   0%|          | 0/103 [00:00<?, ?it/s]Loading weights: 100%|██████████| 103/103 [00:00<00:00, 9628.97it/s]
[Image Processor] Embedding model ready.
[Image Processor] Loading image manifests from eu_legislation/batch_0420/image_store
[Image Processor] Eligible image assets loaded: 0
[Image Processor] Starting visual descriptions | images=0 | max_concurrency=64 | target_rps=30
[Image Processor] No eligible images found.
[Image Processor] Writing image artifacts | records=0 | destination=eu_legislation/batch_0420/image_index
[Image Processor] Artifacts complete | indexed=0 | errors=0
{'records': 0, 'indexed': 0, 'errors': 0, 'destination': 'eu_legislation/batch_0420/image_index'}
[Image Processor] NIM endpoint: http://127.0.0.1:8000/v1
[Image Processor] Vision model: nvidia/nemotron-3-nano-omni-30b-a3b-reasoning
[Image Processor] Concurrency=64 | target_rps=30
[Image Processor] Loading embedding model: all-MiniLM-L6-v2
Warning: You are sending unauthenticated requests to the HF Hub. Please set a HF_TOKEN to enable higher rate limits and faster downloads.
Loading weights:   0%|          | 0/103 [00:00<?, ?it/s]Loading weights: 100%|██████████| 103/103 [00:00<00:00, 9799.78it/s]
[Image Processor] Embedding model ready.
[Image Processor] Loading image manifests from eu_legislation/batch_0421/image_store
[Image Processor] Eligible image assets loaded: 0
[Image Processor] Starting visual descriptions | images=0 | max_concurrency=64 | target_rps=30
[Image Processor] No eligible images found.
[Image Processor] Writing image artifacts | records=0 | destination=eu_legislation/batch_0421/image_index
[Image Processor] Artifacts complete | indexed=0 | errors=0
{'records': 0, 'indexed': 0, 'errors': 0, 'destination': 'eu_legislation/batch_0421/image_index'}
[Image Processor] NIM endpoint: http://127.0.0.1:8000/v1
[Image Processor] Vision model: nvidia/nemotron-3-nano-omni-30b-a3b-reasoning
[Image Processor] Concurrency=64 | target_rps=30
[Image Processor] Loading embedding model: all-MiniLM-L6-v2
Warning: You are sending unauthenticated requests to the HF Hub. Please set a HF_TOKEN to enable higher rate limits and faster downloads.
Loading weights:   0%|          | 0/103 [00:00<?, ?it/s]Loading weights: 100%|██████████| 103/103 [00:00<00:00, 9814.02it/s]
[Image Processor] Embedding model ready.
[Image Processor] Loading image manifests from eu_legislation/batch_0422/image_store
[Image Processor] Eligible image assets loaded: 0
[Image Processor] Starting visual descriptions | images=0 | max_concurrency=64 | target_rps=30
[Image Processor] No eligible images found.
[Image Processor] Writing image artifacts | records=0 | destination=eu_legislation/batch_0422/image_index
[Image Processor] Artifacts complete | indexed=0 | errors=0
{'records': 0, 'indexed': 0, 'errors': 0, 'destination': 'eu_legislation/batch_0422/image_index'}
[Image Processor] NIM endpoint: http://127.0.0.1:8000/v1
[Image Processor] Vision model: nvidia/nemotron-3-nano-omni-30b-a3b-reasoning
[Image Processor] Concurrency=64 | target_rps=30
[Image Processor] Loading embedding model: all-MiniLM-L6-v2
Warning: You are sending unauthenticated requests to the HF Hub. Please set a HF_TOKEN to enable higher rate limits and faster downloads.
Loading weights:   0%|          | 0/103 [00:00<?, ?it/s]Loading weights: 100%|██████████| 103/103 [00:00<00:00, 10511.53it/s]
[Image Processor] Embedding model ready.
[Image Processor] Loading image manifests from eu_legislation/batch_0423/image_store
[Image Processor] Eligible image assets loaded: 0
[Image Processor] Starting visual descriptions | images=0 | max_concurrency=64 | target_rps=30
[Image Processor] No eligible images found.
[Image Processor] Writing image artifacts | records=0 | destination=eu_legislation/batch_0423/image_index
[Image Processor] Artifacts complete | indexed=0 | errors=0
{'records': 0, 'indexed': 0, 'errors': 0, 'destination': 'eu_legislation/batch_0423/image_index'}
[Image Processor] NIM endpoint: http://127.0.0.1:8000/v1
[Image Processor] Vision model: nvidia/nemotron-3-nano-omni-30b-a3b-reasoning
[Image Processor] Concurrency=64 | target_rps=30
[Image Processor] Loading embedding model: all-MiniLM-L6-v2
Warning: You are sending unauthenticated requests to the HF Hub. Please set a HF_TOKEN to enable higher rate limits and faster downloads.
Loading weights:   0%|          | 0/103 [00:00<?, ?it/s]Loading weights: 100%|██████████| 103/103 [00:00<00:00, 10084.82it/s]
[Image Processor] Embedding model ready.
[Image Processor] Loading image manifests from eu_legislation/batch_0424/image_store
[Image Processor] Eligible image assets loaded: 0
[Image Processor] Starting visual descriptions | images=0 | max_concurrency=64 | target_rps=30
[Image Processor] No eligible images found.
[Image Processor] Writing image artifacts | records=0 | destination=eu_legislation/batch_0424/image_index
[Image Processor] Artifacts complete | indexed=0 | errors=0
{'records': 0, 'indexed': 0, 'errors': 0, 'destination': 'eu_legislation/batch_0424/image_index'}
[Image Processor] NIM endpoint: http://127.0.0.1:8000/v1
[Image Processor] Vision model: nvidia/nemotron-3-nano-omni-30b-a3b-reasoning
[Image Processor] Concurrency=64 | target_rps=30
[Image Processor] Loading embedding model: all-MiniLM-L6-v2
Warning: You are sending unauthenticated requests to the HF Hub. Please set a HF_TOKEN to enable higher rate limits and faster downloads.
Loading weights:   0%|          | 0/103 [00:00<?, ?it/s]Loading weights: 100%|██████████| 103/103 [00:00<00:00, 9696.62it/s]
[Image Processor] Embedding model ready.
[Image Processor] Loading image manifests from eu_legislation/batch_0425/image_store
[Image Processor] Eligible image assets loaded: 0
[Image Processor] Starting visual descriptions | images=0 | max_concurrency=64 | target_rps=30
[Image Processor] No eligible images found.
[Image Processor] Writing image artifacts | records=0 | destination=eu_legislation/batch_0425/image_index
[Image Processor] Artifacts complete | indexed=0 | errors=0
{'records': 0, 'indexed': 0, 'errors': 0, 'destination': 'eu_legislation/batch_0425/image_index'}
[Image Processor] NIM endpoint: http://127.0.0.1:8000/v1
[Image Processor] Vision model: nvidia/nemotron-3-nano-omni-30b-a3b-reasoning
[Image Processor] Concurrency=64 | target_rps=30
[Image Processor] Loading embedding model: all-MiniLM-L6-v2
Warning: You are sending unauthenticated requests to the HF Hub. Please set a HF_TOKEN to enable higher rate limits and faster downloads.
Loading weights:   0%|          | 0/103 [00:00<?, ?it/s]Loading weights: 100%|██████████| 103/103 [00:00<00:00, 10624.76it/s]
[Image Processor] Embedding model ready.
[Image Processor] Loading image manifests from eu_legislation/batch_0426/image_store
[Image Processor] Eligible image assets loaded: 0
[Image Processor] Starting visual descriptions | images=0 | max_concurrency=64 | target_rps=30
[Image Processor] No eligible images found.
[Image Processor] Writing image artifacts | records=0 | destination=eu_legislation/batch_0426/image_index
[Image Processor] Artifacts complete | indexed=0 | errors=0
{'records': 0, 'indexed': 0, 'errors': 0, 'destination': 'eu_legislation/batch_0426/image_index'}
[Image Processor] NIM endpoint: http://127.0.0.1:8000/v1
[Image Processor] Vision model: nvidia/nemotron-3-nano-omni-30b-a3b-reasoning
[Image Processor] Concurrency=64 | target_rps=30
[Image Processor] Loading embedding model: all-MiniLM-L6-v2
Warning: You are sending unauthenticated requests to the HF Hub. Please set a HF_TOKEN to enable higher rate limits and faster downloads.
Loading weights:   0%|          | 0/103 [00:00<?, ?it/s]Loading weights: 100%|██████████| 103/103 [00:00<00:00, 9822.28it/s]
[Image Processor] Embedding model ready.
[Image Processor] Loading image manifests from eu_legislation/batch_0427/image_store
[Image Processor] Eligible image assets loaded: 0
[Image Processor] Starting visual descriptions | images=0 | max_concurrency=64 | target_rps=30
[Image Processor] No eligible images found.
[Image Processor] Writing image artifacts | records=0 | destination=eu_legislation/batch_0427/image_index
[Image Processor] Artifacts complete | indexed=0 | errors=0
{'records': 0, 'indexed': 0, 'errors': 0, 'destination': 'eu_legislation/batch_0427/image_index'}
[Image Processor] NIM endpoint: http://127.0.0.1:8000/v1
[Image Processor] Vision model: nvidia/nemotron-3-nano-omni-30b-a3b-reasoning
[Image Processor] Concurrency=64 | target_rps=30
[Image Processor] Loading embedding model: all-MiniLM-L6-v2
Warning: You are sending unauthenticated requests to the HF Hub. Please set a HF_TOKEN to enable higher rate limits and faster downloads.
Loading weights:   0%|          | 0/103 [00:00<?, ?it/s]Loading weights: 100%|██████████| 103/103 [00:00<00:00, 9440.03it/s]
[Image Processor] Embedding model ready.
[Image Processor] Loading image manifests from eu_legislation/batch_0428/image_store
[Image Processor] Eligible image assets loaded: 0
[Image Processor] Starting visual descriptions | images=0 | max_concurrency=64 | target_rps=30
[Image Processor] No eligible images found.
[Image Processor] Writing image artifacts | records=0 | destination=eu_legislation/batch_0428/image_index
[Image Processor] Artifacts complete | indexed=0 | errors=0
{'records': 0, 'indexed': 0, 'errors': 0, 'destination': 'eu_legislation/batch_0428/image_index'}
[Image Processor] NIM endpoint: http://127.0.0.1:8000/v1
[Image Processor] Vision model: nvidia/nemotron-3-nano-omni-30b-a3b-reasoning
[Image Processor] Concurrency=64 | target_rps=30
[Image Processor] Loading embedding model: all-MiniLM-L6-v2
Warning: You are sending unauthenticated requests to the HF Hub. Please set a HF_TOKEN to enable higher rate limits and faster downloads.
Loading weights:   0%|          | 0/103 [00:00<?, ?it/s]Loading weights: 100%|██████████| 103/103 [00:00<00:00, 9367.56it/s]
[Image Processor] Embedding model ready.
[Image Processor] Loading image manifests from eu_legislation/batch_0429/image_store
[Image Processor] Eligible image assets loaded: 0
[Image Processor] Starting visual descriptions | images=0 | max_concurrency=64 | target_rps=30
[Image Processor] No eligible images found.
[Image Processor] Writing image artifacts | records=0 | destination=eu_legislation/batch_0429/image_index
[Image Processor] Artifacts complete | indexed=0 | errors=0
{'records': 0, 'indexed': 0, 'errors': 0, 'destination': 'eu_legislation/batch_0429/image_index'}
[Image Processor] NIM endpoint: http://127.0.0.1:8000/v1
[Image Processor] Vision model: nvidia/nemotron-3-nano-omni-30b-a3b-reasoning
[Image Processor] Concurrency=64 | target_rps=30
[Image Processor] Loading embedding model: all-MiniLM-L6-v2
Warning: You are sending unauthenticated requests to the HF Hub. Please set a HF_TOKEN to enable higher rate limits and faster downloads.
Loading weights:   0%|          | 0/103 [00:00<?, ?it/s]Loading weights: 100%|██████████| 103/103 [00:00<00:00, 9711.44it/s]
[Image Processor] Embedding model ready.
[Image Processor] Loading image manifests from eu_legislation/batch_0430/image_store
[Image Processor] Eligible image assets loaded: 1
[Image Processor] Starting visual descriptions | images=1 | max_concurrency=64 | target_rps=30
[Image Processor] Progress 1/1 (100.0%) | success=1 error=0 | avg=0.81 images/s | elapsed=0.0 min
[Image Processor] Visual descriptions complete | images=1 | success=1 error=0 | avg=0.81 images/s | elapsed=0.0 min
[Image Processor] Writing image artifacts | records=1 | destination=eu_legislation/batch_0430/image_index
[Image Processor] Embedding 1 successful descriptions with all-MiniLM-L6-v2...
[Image Processor] FAISS index written | vectors=1 | dimension=384
[Image Processor] Artifacts complete | indexed=1 | errors=0
{'records': 1, 'indexed': 1, 'errors': 0, 'destination': 'eu_legislation/batch_0430/image_index'}
[Image Processor] NIM endpoint: http://127.0.0.1:8000/v1
[Image Processor] Vision model: nvidia/nemotron-3-nano-omni-30b-a3b-reasoning
[Image Processor] Concurrency=64 | target_rps=30
[Image Processor] Loading embedding model: all-MiniLM-L6-v2
Warning: You are sending unauthenticated requests to the HF Hub. Please set a HF_TOKEN to enable higher rate limits and faster downloads.
Loading weights:   0%|          | 0/103 [00:00<?, ?it/s]Loading weights: 100%|██████████| 103/103 [00:00<00:00, 10085.52it/s]
[Image Processor] Embedding model ready.
[Image Processor] Loading image manifests from eu_legislation/batch_0431/image_store
[Image Processor] Eligible image assets loaded: 0
[Image Processor] Starting visual descriptions | images=0 | max_concurrency=64 | target_rps=30
[Image Processor] No eligible images found.
[Image Processor] Writing image artifacts | records=0 | destination=eu_legislation/batch_0431/image_index
[Image Processor] Artifacts complete | indexed=0 | errors=0
{'records': 0, 'indexed': 0, 'errors': 0, 'destination': 'eu_legislation/batch_0431/image_index'}
[Image Processor] NIM endpoint: http://127.0.0.1:8000/v1
[Image Processor] Vision model: nvidia/nemotron-3-nano-omni-30b-a3b-reasoning
[Image Processor] Concurrency=64 | target_rps=30
[Image Processor] Loading embedding model: all-MiniLM-L6-v2
Warning: You are sending unauthenticated requests to the HF Hub. Please set a HF_TOKEN to enable higher rate limits and faster downloads.
Loading weights:   0%|          | 0/103 [00:00<?, ?it/s]Loading weights: 100%|██████████| 103/103 [00:00<00:00, 9580.92it/s]
[Image Processor] Embedding model ready.
[Image Processor] Loading image manifests from eu_legislation/batch_0432/image_store
[Image Processor] Eligible image assets loaded: 0
[Image Processor] Starting visual descriptions | images=0 | max_concurrency=64 | target_rps=30
[Image Processor] No eligible images found.
[Image Processor] Writing image artifacts | records=0 | destination=eu_legislation/batch_0432/image_index
[Image Processor] Artifacts complete | indexed=0 | errors=0
{'records': 0, 'indexed': 0, 'errors': 0, 'destination': 'eu_legislation/batch_0432/image_index'}
[Image Processor] NIM endpoint: http://127.0.0.1:8000/v1
[Image Processor] Vision model: nvidia/nemotron-3-nano-omni-30b-a3b-reasoning
[Image Processor] Concurrency=64 | target_rps=30
[Image Processor] Loading embedding model: all-MiniLM-L6-v2
Warning: You are sending unauthenticated requests to the HF Hub. Please set a HF_TOKEN to enable higher rate limits and faster downloads.
Loading weights:   0%|          | 0/103 [00:00<?, ?it/s]Loading weights: 100%|██████████| 103/103 [00:00<00:00, 10050.33it/s]
[Image Processor] Embedding model ready.
[Image Processor] Loading image manifests from eu_legislation/batch_0433/image_store
[Image Processor] Eligible image assets loaded: 0
[Image Processor] Starting visual descriptions | images=0 | max_concurrency=64 | target_rps=30
[Image Processor] No eligible images found.
[Image Processor] Writing image artifacts | records=0 | destination=eu_legislation/batch_0433/image_index
[Image Processor] Artifacts complete | indexed=0 | errors=0
{'records': 0, 'indexed': 0, 'errors': 0, 'destination': 'eu_legislation/batch_0433/image_index'}
[Image Processor] NIM endpoint: http://127.0.0.1:8000/v1
[Image Processor] Vision model: nvidia/nemotron-3-nano-omni-30b-a3b-reasoning
[Image Processor] Concurrency=64 | target_rps=30
[Image Processor] Loading embedding model: all-MiniLM-L6-v2
Warning: You are sending unauthenticated requests to the HF Hub. Please set a HF_TOKEN to enable higher rate limits and faster downloads.
Loading weights:   0%|          | 0/103 [00:00<?, ?it/s]Loading weights: 100%|██████████| 103/103 [00:00<00:00, 9444.98it/s]
[Image Processor] Embedding model ready.
[Image Processor] Loading image manifests from eu_legislation/batch_0434/image_store
[Image Processor] Eligible image assets loaded: 0
[Image Processor] Starting visual descriptions | images=0 | max_concurrency=64 | target_rps=30
[Image Processor] No eligible images found.
[Image Processor] Writing image artifacts | records=0 | destination=eu_legislation/batch_0434/image_index
[Image Processor] Artifacts complete | indexed=0 | errors=0
{'records': 0, 'indexed': 0, 'errors': 0, 'destination': 'eu_legislation/batch_0434/image_index'}
[Image Processor] NIM endpoint: http://127.0.0.1:8000/v1
[Image Processor] Vision model: nvidia/nemotron-3-nano-omni-30b-a3b-reasoning
[Image Processor] Concurrency=64 | target_rps=30
[Image Processor] Loading embedding model: all-MiniLM-L6-v2
Warning: You are sending unauthenticated requests to the HF Hub. Please set a HF_TOKEN to enable higher rate limits and faster downloads.
Loading weights:   0%|          | 0/103 [00:00<?, ?it/s]Loading weights: 100%|██████████| 103/103 [00:00<00:00, 11344.29it/s]
[Image Processor] Embedding model ready.
[Image Processor] Loading image manifests from eu_legislation/batch_0435/image_store
[Image Processor] Eligible image assets loaded: 0
[Image Processor] Starting visual descriptions | images=0 | max_concurrency=64 | target_rps=30
[Image Processor] No eligible images found.
[Image Processor] Writing image artifacts | records=0 | destination=eu_legislation/batch_0435/image_index
[Image Processor] Artifacts complete | indexed=0 | errors=0
{'records': 0, 'indexed': 0, 'errors': 0, 'destination': 'eu_legislation/batch_0435/image_index'}
[Image Processor] NIM endpoint: http://127.0.0.1:8000/v1
[Image Processor] Vision model: nvidia/nemotron-3-nano-omni-30b-a3b-reasoning
[Image Processor] Concurrency=64 | target_rps=30
[Image Processor] Loading embedding model: all-MiniLM-L6-v2
Warning: You are sending unauthenticated requests to the HF Hub. Please set a HF_TOKEN to enable higher rate limits and faster downloads.
Loading weights:   0%|          | 0/103 [00:00<?, ?it/s]Loading weights: 100%|██████████| 103/103 [00:00<00:00, 10078.93it/s]
[Image Processor] Embedding model ready.
[Image Processor] Loading image manifests from eu_legislation/batch_0436/image_store
[Image Processor] Eligible image assets loaded: 0
[Image Processor] Starting visual descriptions | images=0 | max_concurrency=64 | target_rps=30
[Image Processor] No eligible images found.
[Image Processor] Writing image artifacts | records=0 | destination=eu_legislation/batch_0436/image_index
[Image Processor] Artifacts complete | indexed=0 | errors=0
{'records': 0, 'indexed': 0, 'errors': 0, 'destination': 'eu_legislation/batch_0436/image_index'}
[Image Processor] NIM endpoint: http://127.0.0.1:8000/v1
[Image Processor] Vision model: nvidia/nemotron-3-nano-omni-30b-a3b-reasoning
[Image Processor] Concurrency=64 | target_rps=30
[Image Processor] Loading embedding model: all-MiniLM-L6-v2
Warning: You are sending unauthenticated requests to the HF Hub. Please set a HF_TOKEN to enable higher rate limits and faster downloads.
Loading weights:   0%|          | 0/103 [00:00<?, ?it/s]Loading weights: 100%|██████████| 103/103 [00:00<00:00, 9258.16it/s]
[Image Processor] Embedding model ready.
[Image Processor] Loading image manifests from eu_legislation/batch_0437/image_store
[Image Processor] Eligible image assets loaded: 0
[Image Processor] Starting visual descriptions | images=0 | max_concurrency=64 | target_rps=30
[Image Processor] No eligible images found.
[Image Processor] Writing image artifacts | records=0 | destination=eu_legislation/batch_0437/image_index
[Image Processor] Artifacts complete | indexed=0 | errors=0
{'records': 0, 'indexed': 0, 'errors': 0, 'destination': 'eu_legislation/batch_0437/image_index'}
